country,date,new_cases_smoothed,zscore,is_anomaly
Australia,2020-01-10,0.0,-0.574,
Australia,2020-01-11,0.0,-0.574,
Australia,2020-01-12,0.0,-0.574,
Australia,2020-01-13,0.0,-0.574,
Australia,2020-01-14,0.0,-0.574,
Australia,2020-01-15,0.0,-0.574,
Australia,2020-01-16,0.0,-0.574,
Australia,2020-01-17,0.0,-0.574,
Australia,2020-01-18,0.0,-0.574,
Australia,2020-01-19,0.0,-0.574,
Australia,2020-01-20,0.0,-0.574,
Australia,2020-01-21,0.0,-0.574,
Australia,2020-01-22,0.0,-0.574,
Australia,2020-01-23,0.0,-0.574,
Australia,2020-01-24,0.0,-0.574,
Australia,2020-01-25,0.0,-0.574,
Australia,2020-01-26,0.6,-0.574,
Australia,2020-01-27,0.6,-0.574,
Australia,2020-01-28,0.6,-0.574,
Australia,2020-01-29,0.6,-0.574,
Australia,2020-01-30,0.6,-0.574,
Australia,2020-01-31,0.6,-0.574,
Australia,2020-02-01,0.6,-0.574,
Australia,2020-02-02,1.1,-0.574,
Australia,2020-02-03,1.1,-0.574,
Australia,2020-02-04,1.1,-0.574,
Australia,2020-02-05,1.1,-0.574,
Australia,2020-02-06,1.1,-0.574,
Australia,2020-02-07,1.1,-0.574,
Australia,2020-02-08,1.1,-0.574,
Australia,2020-02-09,0.4,-0.574,
Australia,2020-02-10,0.4,-0.574,
Australia,2020-02-11,0.4,-0.574,
Australia,2020-02-12,0.4,-0.574,
Australia,2020-02-13,0.4,-0.574,
Australia,2020-02-14,0.4,-0.574,
Australia,2020-02-15,0.4,-0.574,
Australia,2020-02-16,0.0,-0.574,
Australia,2020-02-17,0.0,-0.574,
Australia,2020-02-18,0.0,-0.574,
Australia,2020-02-19,0.0,-0.574,
Australia,2020-02-20,0.0,-0.574,
Australia,2020-02-21,0.0,-0.574,
Australia,2020-02-22,0.0,-0.574,
Australia,2020-02-23,1.0,-0.574,
Australia,2020-02-24,1.0,-0.574,
Australia,2020-02-25,1.0,-0.574,
Australia,2020-02-26,1.0,-0.574,
Australia,2020-02-27,1.0,-0.574,
Australia,2020-02-28,1.0,-0.574,
Australia,2020-02-29,1.0,-0.574,
Australia,2020-03-01,0.4,-0.574,
Australia,2020-03-02,0.4,-0.574,
Australia,2020-03-03,0.4,-0.574,
Australia,2020-03-04,0.4,-0.574,
Australia,2020-03-05,0.4,-0.574,
Australia,2020-03-06,0.4,-0.574,
Australia,2020-03-07,0.4,-0.574,
Australia,2020-03-08,6.4,-0.573,
Australia,2020-03-09,6.4,-0.573,
Australia,2020-03-10,6.4,-0.573,
Australia,2020-03-11,6.4,-0.573,
Australia,2020-03-12,6.4,-0.573,
Australia,2020-03-13,6.4,-0.573,
Australia,2020-03-14,6.4,-0.573,
Australia,2020-03-15,25.6,-0.572,
Australia,2020-03-16,25.6,-0.572,
Australia,2020-03-17,25.6,-0.572,
Australia,2020-03-18,25.6,-0.572,
Australia,2020-03-19,25.6,-0.572,
Australia,2020-03-20,25.6,-0.572,
Australia,2020-03-21,25.6,-0.572,
Australia,2020-03-22,118.9,-0.566,
Australia,2020-03-23,118.9,-0.566,
Australia,2020-03-24,118.9,-0.566,
Australia,2020-03-25,118.9,-0.566,
Australia,2020-03-26,118.9,-0.566,
Australia,2020-03-27,118.9,-0.566,
Australia,2020-03-28,118.9,-0.566,
Australia,2020-03-29,389.7,-0.55,
Australia,2020-03-30,389.7,-0.55,
Australia,2020-03-31,389.7,-0.55,
Australia,2020-04-01,389.7,-0.55,
Australia,2020-04-02,389.7,-0.55,
Australia,2020-04-03,389.7,-0.55,
Australia,2020-04-04,389.7,-0.55,
Australia,2020-04-05,260.9,-0.558,
Australia,2020-04-06,260.9,-0.558,
Australia,2020-04-07,260.9,-0.558,
Australia,2020-04-08,260.9,-0.558,
Australia,2020-04-09,260.9,-0.558,
Australia,2020-04-10,260.9,-0.558,
Australia,2020-04-11,260.9,-0.558,
Australia,2020-04-12,93.4,-0.568,
Australia,2020-04-13,93.4,-0.568,
Australia,2020-04-14,93.4,-0.568,
Australia,2020-04-15,93.4,-0.568,
Australia,2020-04-16,93.4,-0.568,
Australia,2020-04-17,93.4,-0.568,
Australia,2020-04-18,93.4,-0.568,
Australia,2020-04-19,42.4,-0.571,
Australia,2020-04-20,42.4,-0.571,
Australia,2020-04-21,42.4,-0.571,
Australia,2020-04-22,42.4,-0.571,
Australia,2020-04-23,42.4,-0.571,
Australia,2020-04-24,42.4,-0.571,
Australia,2020-04-25,42.4,-0.571,
Australia,2020-04-26,16.7,-0.573,
Australia,2020-04-27,16.7,-0.573,
Australia,2020-04-28,16.7,-0.573,
Australia,2020-04-29,16.7,-0.573,
Australia,2020-04-30,16.7,-0.573,
Australia,2020-05-01,16.7,-0.573,
Australia,2020-05-02,16.7,-0.573,
Australia,2020-05-03,11.4,-0.573,
Australia,2020-05-04,11.4,-0.573,
Australia,2020-05-05,11.4,-0.573,
Australia,2020-05-06,11.4,-0.573,
Australia,2020-05-07,11.4,-0.573,
Australia,2020-05-08,11.4,-0.573,
Australia,2020-05-09,11.4,-0.573,
Australia,2020-05-10,20.9,-0.572,
Australia,2020-05-11,20.9,-0.572,
Australia,2020-05-12,20.9,-0.572,
Australia,2020-05-13,20.9,-0.572,
Australia,2020-05-14,20.9,-0.572,
Australia,2020-05-15,20.9,-0.572,
Australia,2020-05-16,20.9,-0.572,
Australia,2020-05-17,15.3,-0.573,
Australia,2020-05-18,15.3,-0.573,
Australia,2020-05-19,15.3,-0.573,
Australia,2020-05-20,15.3,-0.573,
Australia,2020-05-21,15.3,-0.573,
Australia,2020-05-22,15.3,-0.573,
Australia,2020-05-23,15.3,-0.573,
Australia,2020-05-24,10.0,-0.573,
Australia,2020-05-25,10.0,-0.573,
Australia,2020-05-26,10.0,-0.573,
Australia,2020-05-27,10.0,-0.573,
Australia,2020-05-28,10.0,-0.573,
Australia,2020-05-29,10.0,-0.573,
Australia,2020-05-30,10.0,-0.573,
Australia,2020-05-31,11.3,-0.573,
Australia,2020-06-01,11.3,-0.573,
Australia,2020-06-02,11.3,-0.573,
Australia,2020-06-03,11.3,-0.573,
Australia,2020-06-04,11.3,-0.573,
Australia,2020-06-05,11.3,-0.573,
Australia,2020-06-06,11.3,-0.573,
Australia,2020-06-07,10.0,-0.573,
Australia,2020-06-08,10.0,-0.573,
Australia,2020-06-09,10.0,-0.573,
Australia,2020-06-10,10.0,-0.573,
Australia,2020-06-11,10.0,-0.573,
Australia,2020-06-12,10.0,-0.573,
Australia,2020-06-13,10.0,-0.573,
Australia,2020-06-14,6.7,-0.573,
Australia,2020-06-15,6.7,-0.573,
Australia,2020-06-16,6.7,-0.573,
Australia,2020-06-17,6.7,-0.573,
Australia,2020-06-18,6.7,-0.573,
Australia,2020-06-19,6.7,-0.573,
Australia,2020-06-20,6.7,-0.573,
Australia,2020-06-21,19.1,-0.572,
Australia,2020-06-22,19.1,-0.572,
Australia,2020-06-23,19.1,-0.572,
Australia,2020-06-24,19.1,-0.572,
Australia,2020-06-25,19.1,-0.572,
Australia,2020-06-26,19.1,-0.572,
Australia,2020-06-27,19.1,-0.572,
Australia,2020-06-28,29.3,-0.572,
Australia,2020-06-29,29.3,-0.572,
Australia,2020-06-30,29.3,-0.572,
Australia,2020-07-01,29.3,-0.572,
Australia,2020-07-02,29.3,-0.572,
Australia,2020-07-03,29.3,-0.572,
Australia,2020-07-04,29.3,-0.572,
Australia,2020-07-05,103.0,-0.567,
Australia,2020-07-06,103.0,-0.567,
Australia,2020-07-07,103.0,-0.567,
Australia,2020-07-08,103.0,-0.567,
Australia,2020-07-09,103.0,-0.567,
Australia,2020-07-10,103.0,-0.567,
Australia,2020-07-11,103.0,-0.567,
Australia,2020-07-12,170.1,-0.563,
Australia,2020-07-13,170.1,-0.563,
Australia,2020-07-14,170.1,-0.563,
Australia,2020-07-15,170.1,-0.563,
Australia,2020-07-16,170.1,-0.563,
Australia,2020-07-17,170.1,-0.563,
Australia,2020-07-18,170.1,-0.563,
Australia,2020-07-19,269.7,-0.557,
Australia,2020-07-20,269.7,-0.557,
Australia,2020-07-21,269.7,-0.557,
Australia,2020-07-22,269.7,-0.557,
Australia,2020-07-23,269.7,-0.557,
Australia,2020-07-24,269.7,-0.557,
Australia,2020-07-25,269.7,-0.557,
Australia,2020-07-26,358.4,-0.552,
Australia,2020-07-27,358.4,-0.552,
Australia,2020-07-28,358.4,-0.552,
Australia,2020-07-29,358.4,-0.552,
Australia,2020-07-30,358.4,-0.552,
Australia,2020-07-31,358.4,-0.552,
Australia,2020-08-01,358.4,-0.552,
Australia,2020-08-02,476.0,-0.544,
Australia,2020-08-03,476.0,-0.544,
Australia,2020-08-04,476.0,-0.544,
Australia,2020-08-05,476.0,-0.544,
Australia,2020-08-06,476.0,-0.544,
Australia,2020-08-07,476.0,-0.544,
Australia,2020-08-08,476.0,-0.544,
Australia,2020-08-09,488.0,-0.544,
Australia,2020-08-10,488.0,-0.544,
Australia,2020-08-11,488.0,-0.544,
Australia,2020-08-12,488.0,-0.544,
Australia,2020-08-13,488.0,-0.544,
Australia,2020-08-14,488.0,-0.544,
Australia,2020-08-15,488.0,-0.544,
Australia,2020-08-16,333.9,-0.553,
Australia,2020-08-17,333.9,-0.553,
Australia,2020-08-18,333.9,-0.553,
Australia,2020-08-19,333.9,-0.553,
Australia,2020-08-20,333.9,-0.553,
Australia,2020-08-21,333.9,-0.553,
Australia,2020-08-22,333.9,-0.553,
Australia,2020-08-23,223.9,-0.56,
Australia,2020-08-24,223.9,-0.56,
Australia,2020-08-25,223.9,-0.56,
Australia,2020-08-26,223.9,-0.56,
Australia,2020-08-27,223.9,-0.56,
Australia,2020-08-28,223.9,-0.56,
Australia,2020-08-29,223.9,-0.56,
Australia,2020-08-30,135.0,-0.565,
Australia,2020-08-31,135.0,-0.565,
Australia,2020-09-01,135.0,-0.565,
Australia,2020-09-02,135.0,-0.565,
Australia,2020-09-03,135.0,-0.565,
Australia,2020-09-04,135.0,-0.565,
Australia,2020-09-05,135.0,-0.565,
Australia,2020-09-06,94.3,-0.568,
Australia,2020-09-07,94.3,-0.568,
Australia,2020-09-08,94.3,-0.568,
Australia,2020-09-09,94.3,-0.568,
Australia,2020-09-10,94.3,-0.568,
Australia,2020-09-11,94.3,-0.568,
Australia,2020-09-12,94.3,-0.568,
Australia,2020-09-13,57.1,-0.57,
Australia,2020-09-14,57.1,-0.57,
Australia,2020-09-15,57.1,-0.57,
Australia,2020-09-16,57.1,-0.57,
Australia,2020-09-17,57.1,-0.57,
Australia,2020-09-18,57.1,-0.57,
Australia,2020-09-19,57.1,-0.57,
Australia,2020-09-20,39.7,-0.571,
Australia,2020-09-21,39.7,-0.571,
Australia,2020-09-22,39.7,-0.571,
Australia,2020-09-23,39.7,-0.571,
Australia,2020-09-24,39.7,-0.571,
Australia,2020-09-25,39.7,-0.571,
Australia,2020-09-26,39.7,-0.571,
Australia,2020-09-27,18.7,-0.573,
Australia,2020-09-28,18.7,-0.573,
Australia,2020-09-29,18.7,-0.573,
Australia,2020-09-30,18.7,-0.573,
Australia,2020-10-01,18.7,-0.573,
Australia,2020-10-02,18.7,-0.573,
Australia,2020-10-03,18.7,-0.573,
Australia,2020-10-04,15.0,-0.573,
Australia,2020-10-05,15.0,-0.573,
Australia,2020-10-06,15.0,-0.573,
Australia,2020-10-07,15.0,-0.573,
Australia,2020-10-08,15.0,-0.573,
Australia,2020-10-09,15.0,-0.573,
Australia,2020-10-10,15.0,-0.573,
Australia,2020-10-11,17.6,-0.573,
Australia,2020-10-12,17.6,-0.573,
Australia,2020-10-13,17.6,-0.573,
Australia,2020-10-14,17.6,-0.573,
Australia,2020-10-15,17.6,-0.573,
Australia,2020-10-16,17.6,-0.573,
Australia,2020-10-17,17.6,-0.573,
Australia,2020-10-18,19.9,-0.572,
Australia,2020-10-19,19.9,-0.572,
Australia,2020-10-20,19.9,-0.572,
Australia,2020-10-21,19.9,-0.572,
Australia,2020-10-22,19.9,-0.572,
Australia,2020-10-23,19.9,-0.572,
Australia,2020-10-24,19.9,-0.572,
Australia,2020-10-25,16.6,-0.573,
Australia,2020-10-26,16.6,-0.573,
Australia,2020-10-27,16.6,-0.573,
Australia,2020-10-28,16.6,-0.573,
Australia,2020-10-29,16.6,-0.573,
Australia,2020-10-30,16.6,-0.573,
Australia,2020-10-31,16.6,-0.573,
Australia,2020-11-01,13.0,-0.573,
Australia,2020-11-02,13.0,-0.573,
Australia,2020-11-03,13.0,-0.573,
Australia,2020-11-04,13.0,-0.573,
Australia,2020-11-05,13.0,-0.573,
Australia,2020-11-06,13.0,-0.573,
Australia,2020-11-07,13.0,-0.573,
Australia,2020-11-08,8.9,-0.573,
Australia,2020-11-09,8.9,-0.573,
Australia,2020-11-10,8.9,-0.573,
Australia,2020-11-11,8.9,-0.573,
Australia,2020-11-12,8.9,-0.573,
Australia,2020-11-13,8.9,-0.573,
Australia,2020-11-14,8.9,-0.573,
Australia,2020-11-15,8.4,-0.573,
Australia,2020-11-16,8.4,-0.573,
Australia,2020-11-17,8.4,-0.573,
Australia,2020-11-18,8.4,-0.573,
Australia,2020-11-19,8.4,-0.573,
Australia,2020-11-20,8.4,-0.573,
Australia,2020-11-21,8.4,-0.573,
Australia,2020-11-22,13.7,-0.573,
Australia,2020-11-23,13.7,-0.573,
Australia,2020-11-24,13.7,-0.573,
Australia,2020-11-25,13.7,-0.573,
Australia,2020-11-26,13.7,-0.573,
Australia,2020-11-27,13.7,-0.573,
Australia,2020-11-28,13.7,-0.573,
Australia,2020-11-29,11.1,-0.573,
Australia,2020-11-30,11.1,-0.573,
Australia,2020-12-01,11.1,-0.573,
Australia,2020-12-02,11.1,-0.573,
Australia,2020-12-03,11.1,-0.573,
Australia,2020-12-04,11.1,-0.573,
Australia,2020-12-05,11.1,-0.573,
Australia,2020-12-06,10.1,-0.573,
Australia,2020-12-07,10.1,-0.573,
Australia,2020-12-08,10.1,-0.573,
Australia,2020-12-09,10.1,-0.573,
Australia,2020-12-10,10.1,-0.573,
Australia,2020-12-11,10.1,-0.573,
Australia,2020-12-12,10.1,-0.573,
Australia,2020-12-13,9.9,-0.573,
Australia,2020-12-14,9.9,-0.573,
Australia,2020-12-15,9.9,-0.573,
Australia,2020-12-16,9.9,-0.573,
Australia,2020-12-17,9.9,-0.573,
Australia,2020-12-18,9.9,-0.573,
Australia,2020-12-19,9.9,-0.573,
Australia,2020-12-20,14.7,-0.573,
Australia,2020-12-21,14.7,-0.573,
Australia,2020-12-22,14.7,-0.573,
Australia,2020-12-23,14.7,-0.573,
Australia,2020-12-24,14.7,-0.573,
Australia,2020-12-25,14.7,-0.573,
Australia,2020-12-26,14.7,-0.573,
Australia,2020-12-27,24.0,-0.572,
Australia,2020-12-28,24.0,-0.572,
Australia,2020-12-29,24.0,-0.572,
Australia,2020-12-30,24.0,-0.572,
Australia,2020-12-31,24.0,-0.572,
Australia,2021-01-01,24.0,-0.572,
Australia,2021-01-02,24.0,-0.572,
Australia,2021-01-03,26.7,-0.572,
Australia,2021-01-04,26.7,-0.572,
Australia,2021-01-05,26.7,-0.572,
Australia,2021-01-06,26.7,-0.572,
Australia,2021-01-07,26.7,-0.572,
Australia,2021-01-08,26.7,-0.572,
Australia,2021-01-09,26.7,-0.572,
Australia,2021-01-10,16.0,-0.573,
Australia,2021-01-11,16.0,-0.573,
Australia,2021-01-12,16.0,-0.573,
Australia,2021-01-13,16.0,-0.573,
Australia,2021-01-14,16.0,-0.573,
Australia,2021-01-15,16.0,-0.573,
Australia,2021-01-16,16.0,-0.573,
Australia,2021-01-17,16.1,-0.573,
Australia,2021-01-18,16.1,-0.573,
Australia,2021-01-19,16.1,-0.573,
Australia,2021-01-20,16.1,-0.573,
Australia,2021-01-21,16.1,-0.573,
Australia,2021-01-22,16.1,-0.573,
Australia,2021-01-23,16.1,-0.573,
Australia,2021-01-24,8.3,-0.573,
Australia,2021-01-25,8.3,-0.573,
Australia,2021-01-26,8.3,-0.573,
Australia,2021-01-27,8.3,-0.573,
Australia,2021-01-28,8.3,-0.573,
Australia,2021-01-29,8.3,-0.573,
Australia,2021-01-30,8.3,-0.573,
Australia,2021-01-31,6.4,-0.573,
Australia,2021-02-01,6.4,-0.573,
Australia,2021-02-02,6.4,-0.573,
Australia,2021-02-03,6.4,-0.573,
Australia,2021-02-04,6.4,-0.573,
Australia,2021-02-05,6.4,-0.573,
Australia,2021-02-06,6.4,-0.573,
Australia,2021-02-07,5.6,-0.573,
Australia,2021-02-08,5.6,-0.573,
Australia,2021-02-09,5.6,-0.573,
Australia,2021-02-10,5.6,-0.573,
Australia,2021-02-11,5.6,-0.573,
Australia,2021-02-12,5.6,-0.573,
Australia,2021-02-13,5.6,-0.573,
Australia,2021-02-14,6.9,-0.573,
Australia,2021-02-15,6.9,-0.573,
Australia,2021-02-16,6.9,-0.573,
Australia,2021-02-17,6.9,-0.573,
Australia,2021-02-18,6.9,-0.573,
Australia,2021-02-19,6.9,-0.573,
Australia,2021-02-20,6.9,-0.573,
Australia,2021-02-21,4.0,-0.573,
Australia,2021-02-22,4.0,-0.573,
Australia,2021-02-23,4.0,-0.573,
Australia,2021-02-24,4.0,-0.573,
Australia,2021-02-25,4.0,-0.573,
Australia,2021-02-26,4.0,-0.573,
Australia,2021-02-27,4.0,-0.573,
Australia,2021-02-28,6.3,-0.573,
Australia,2021-03-01,6.3,-0.573,
Australia,2021-03-02,6.3,-0.573,
Australia,2021-03-03,6.3,-0.573,
Australia,2021-03-04,6.3,-0.573,
Australia,2021-03-05,6.3,-0.573,
Australia,2021-03-06,6.3,-0.573,
Australia,2021-03-07,9.6,-0.573,
Australia,2021-03-08,9.6,-0.573,
Australia,2021-03-09,9.6,-0.573,
Australia,2021-03-10,9.6,-0.573,
Australia,2021-03-11,9.6,-0.573,
Australia,2021-03-12,9.6,-0.573,
Australia,2021-03-13,9.6,-0.573,
Australia,2021-03-14,11.4,-0.573,
Australia,2021-03-15,11.4,-0.573,
Australia,2021-03-16,11.4,-0.573,
Australia,2021-03-17,11.4,-0.573,
Australia,2021-03-18,11.4,-0.573,
Australia,2021-03-19,11.4,-0.573,
Australia,2021-03-20,11.4,-0.573,
Australia,2021-03-21,11.3,-0.573,
Australia,2021-03-22,11.3,-0.573,
Australia,2021-03-23,11.3,-0.573,
Australia,2021-03-24,11.3,-0.573,
Australia,2021-03-25,11.3,-0.573,
Australia,2021-03-26,11.3,-0.573,
Australia,2021-03-27,11.3,-0.573,
Australia,2021-03-28,9.1,-0.573,
Australia,2021-03-29,9.1,-0.573,
Australia,2021-03-30,9.1,-0.573,
Australia,2021-03-31,9.1,-0.573,
Australia,2021-04-01,9.1,-0.573,
Australia,2021-04-02,9.1,-0.573,
Australia,2021-04-03,9.1,-0.573,
Australia,2021-04-04,12.6,-0.573,
Australia,2021-04-05,12.6,-0.573,
Australia,2021-04-06,12.6,-0.573,
Australia,2021-04-07,12.6,-0.573,
Australia,2021-04-08,12.6,-0.573,
Australia,2021-04-09,12.6,-0.573,
Australia,2021-04-10,12.6,-0.573,
Australia,2021-04-11,8.1,-0.573,
Australia,2021-04-12,8.1,-0.573,
Australia,2021-04-13,8.1,-0.573,
Australia,2021-04-14,8.1,-0.573,
Australia,2021-04-15,8.1,-0.573,
Australia,2021-04-16,8.1,-0.573,
Australia,2021-04-17,8.1,-0.573,
Australia,2021-04-18,16.3,-0.573,
Australia,2021-04-19,16.3,-0.573,
Australia,2021-04-20,16.3,-0.573,
Australia,2021-04-21,16.3,-0.573,
Australia,2021-04-22,16.3,-0.573,
Australia,2021-04-23,16.3,-0.573,
Australia,2021-04-24,16.3,-0.573,
Australia,2021-04-25,21.0,-0.572,
Australia,2021-04-26,21.0,-0.572,
Australia,2021-04-27,21.0,-0.572,
Australia,2021-04-28,21.0,-0.572,
Australia,2021-04-29,21.0,-0.572,
Australia,2021-04-30,21.0,-0.572,
Australia,2021-05-01,21.0,-0.572,
Australia,2021-05-02,22.9,-0.572,
Australia,2021-05-03,22.9,-0.572,
Australia,2021-05-04,22.9,-0.572,
Australia,2021-05-05,22.9,-0.572,
Australia,2021-05-06,22.9,-0.572,
Australia,2021-05-07,22.9,-0.572,
Australia,2021-05-08,22.9,-0.572,
Australia,2021-05-09,13.9,-0.573,
Australia,2021-05-10,13.9,-0.573,
Australia,2021-05-11,13.9,-0.573,
Australia,2021-05-12,13.9,-0.573,
Australia,2021-05-13,13.9,-0.573,
Australia,2021-05-14,13.9,-0.573,
Australia,2021-05-15,13.9,-0.573,
Australia,2021-05-16,7.4,-0.573,
Australia,2021-05-17,7.4,-0.573,
Australia,2021-05-18,7.4,-0.573,
Australia,2021-05-19,7.4,-0.573,
Australia,2021-05-20,7.4,-0.573,
Australia,2021-05-21,7.4,-0.573,
Australia,2021-05-22,7.4,-0.573,
Australia,2021-05-23,5.1,-0.573,
Australia,2021-05-24,5.1,-0.573,
Australia,2021-05-25,5.1,-0.573,
Australia,2021-05-26,5.1,-0.573,
Australia,2021-05-27,5.1,-0.573,
Australia,2021-05-28,5.1,-0.573,
Australia,2021-05-29,5.1,-0.573,
Australia,2021-05-30,12.4,-0.573,
Australia,2021-05-31,12.4,-0.573,
Australia,2021-06-01,12.4,-0.573,
Australia,2021-06-02,12.4,-0.573,
Australia,2021-06-03,12.4,-0.573,
Australia,2021-06-04,12.4,-0.573,
Australia,2021-06-05,12.4,-0.573,
Australia,2021-06-06,51.0,-0.571,
Australia,2021-06-07,51.0,-0.571,
Australia,2021-06-08,51.0,-0.571,
Australia,2021-06-09,51.0,-0.571,
Australia,2021-06-10,51.0,-0.571,
Australia,2021-06-11,51.0,-0.571,
Australia,2021-06-12,51.0,-0.571,
Australia,2021-06-13,8.3,-0.573,
Australia,2021-06-14,8.3,-0.573,
Australia,2021-06-15,8.3,-0.573,
Australia,2021-06-16,8.3,-0.573,
Australia,2021-06-17,8.3,-0.573,
Australia,2021-06-18,8.3,-0.573,
Australia,2021-06-19,8.3,-0.573,
Australia,2021-06-20,12.4,-0.573,
Australia,2021-06-21,12.4,-0.573,
Australia,2021-06-22,12.4,-0.573,
Australia,2021-06-23,12.4,-0.573,
Australia,2021-06-24,12.4,-0.573,
Australia,2021-06-25,12.4,-0.573,
Australia,2021-06-26,12.4,-0.573,
Australia,2021-06-27,33.6,-0.572,
Australia,2021-06-28,33.6,-0.572,
Australia,2021-06-29,33.6,-0.572,
Australia,2021-06-30,33.6,-0.572,
Australia,2021-07-01,33.6,-0.572,
Australia,2021-07-02,33.6,-0.572,
Australia,2021-07-03,33.6,-0.572,
Australia,2021-07-04,39.4,-0.571,
Australia,2021-07-05,39.4,-0.571,
Australia,2021-07-06,39.4,-0.571,
Australia,2021-07-07,39.4,-0.571,
Australia,2021-07-08,39.4,-0.571,
Australia,2021-07-09,39.4,-0.571,
Australia,2021-07-10,39.4,-0.571,
Australia,2021-07-11,78.4,-0.569,
Australia,2021-07-12,78.4,-0.569,
Australia,2021-07-13,78.4,-0.569,
Australia,2021-07-14,78.4,-0.569,
Australia,2021-07-15,78.4,-0.569,
Australia,2021-07-16,78.4,-0.569,
Australia,2021-07-17,78.4,-0.569,
Australia,2021-07-18,125.0,-0.566,
Australia,2021-07-19,125.0,-0.566,
Australia,2021-07-20,125.0,-0.566,
Australia,2021-07-21,125.0,-0.566,
Australia,2021-07-22,125.0,-0.566,
Australia,2021-07-23,125.0,-0.566,
Australia,2021-07-24,125.0,-0.566,
Australia,2021-07-25,180.0,-0.563,
Australia,2021-07-26,180.0,-0.563,
Australia,2021-07-27,180.0,-0.563,
Australia,2021-07-28,180.0,-0.563,
Australia,2021-07-29,180.0,-0.563,
Australia,2021-07-30,180.0,-0.563,
Australia,2021-07-31,180.0,-0.563,
Australia,2021-08-01,238.1,-0.559,
Australia,2021-08-02,238.1,-0.559,
Australia,2021-08-03,238.1,-0.559,
Australia,2021-08-04,238.1,-0.559,
Australia,2021-08-05,238.1,-0.559,
Australia,2021-08-06,238.1,-0.559,
Australia,2021-08-07,238.1,-0.559,
Australia,2021-08-08,330.4,-0.553,
Australia,2021-08-09,330.4,-0.553,
Australia,2021-08-10,330.4,-0.553,
Australia,2021-08-11,330.4,-0.553,
Australia,2021-08-12,330.4,-0.553,
Australia,2021-08-13,330.4,-0.553,
Australia,2021-08-14,330.4,-0.553,
Australia,2021-08-15,516.1,-0.542,
Australia,2021-08-16,516.1,-0.542,
Australia,2021-08-17,516.1,-0.542,
Australia,2021-08-18,516.1,-0.542,
Australia,2021-08-19,516.1,-0.542,
Australia,2021-08-20,516.1,-0.542,
Australia,2021-08-21,516.1,-0.542,
Australia,2021-08-22,876.1,-0.52,
Australia,2021-08-23,876.1,-0.52,
Australia,2021-08-24,876.1,-0.52,
Australia,2021-08-25,876.1,-0.52,
Australia,2021-08-26,876.1,-0.52,
Australia,2021-08-27,876.1,-0.52,
Australia,2021-08-28,876.1,-0.52,
Australia,2021-08-29,1162.9,-0.502,
Australia,2021-08-30,1162.9,-0.502,
Australia,2021-08-31,1162.9,-0.502,
Australia,2021-09-01,1162.9,-0.502,
Australia,2021-09-02,1162.9,-0.502,
Australia,2021-09-03,1162.9,-0.502,
Australia,2021-09-04,1162.9,-0.502,
Australia,2021-09-05,1584.9,-0.476,
Australia,2021-09-06,1584.9,-0.476,
Australia,2021-09-07,1584.9,-0.476,
Australia,2021-09-08,1584.9,-0.476,
Australia,2021-09-09,1584.9,-0.476,
Australia,2021-09-10,1584.9,-0.476,
Australia,2021-09-11,1584.9,-0.476,
Australia,2021-09-12,1799.4,-0.463,
Australia,2021-09-13,1799.4,-0.463,
Australia,2021-09-14,1799.4,-0.463,
Australia,2021-09-15,1799.4,-0.463,
Australia,2021-09-16,1799.4,-0.463,
Australia,2021-09-17,1799.4,-0.463,
Australia,2021-09-18,1799.4,-0.463,
Australia,2021-09-19,1757.3,-0.465,
Australia,2021-09-20,1757.3,-0.465,
Australia,2021-09-21,1757.3,-0.465,
Australia,2021-09-22,1757.3,-0.465,
Australia,2021-09-23,1757.3,-0.465,
Australia,2021-09-24,1757.3,-0.465,
Australia,2021-09-25,1757.3,-0.465,
Australia,2021-09-26,1785.4,-0.463,
Australia,2021-09-27,1785.4,-0.463,
Australia,2021-09-28,1785.4,-0.463,
Australia,2021-09-29,1785.4,-0.463,
Australia,2021-09-30,1785.4,-0.463,
Australia,2021-10-01,1785.4,-0.463,
Australia,2021-10-02,1785.4,-0.463,
Australia,2021-10-03,2200.1,-0.438,
Australia,2021-10-04,2200.1,-0.438,
Australia,2021-10-05,2200.1,-0.438,
Australia,2021-10-06,2200.1,-0.438,
Australia,2021-10-07,2200.1,-0.438,
Australia,2021-10-08,2200.1,-0.438,
Australia,2021-10-09,2200.1,-0.438,
Australia,2021-10-10,2183.0,-0.439,
Australia,2021-10-11,2183.0,-0.439,
Australia,2021-10-12,2183.0,-0.439,
Australia,2021-10-13,2183.0,-0.439,
Australia,2021-10-14,2183.0,-0.439,
Australia,2021-10-15,2183.0,-0.439,
Australia,2021-10-16,2183.0,-0.439,
Australia,2021-10-17,2192.4,-0.438,
Australia,2021-10-18,2192.4,-0.438,
Australia,2021-10-19,2192.4,-0.438,
Australia,2021-10-20,2192.4,-0.438,
Australia,2021-10-21,2192.4,-0.438,
Australia,2021-10-22,2192.4,-0.438,
Australia,2021-10-23,2192.4,-0.438,
Australia,2021-10-24,1965.6,-0.452,
Australia,2021-10-25,1965.6,-0.452,
Australia,2021-10-26,1965.6,-0.452,
Australia,2021-10-27,1965.6,-0.452,
Australia,2021-10-28,1965.6,-0.452,
Australia,2021-10-29,1965.6,-0.452,
Australia,2021-10-30,1965.6,-0.452,
Australia,2021-10-31,1435.1,-0.485,
Australia,2021-11-01,1435.1,-0.485,
Australia,2021-11-02,1435.1,-0.485,
Australia,2021-11-03,1435.1,-0.485,
Australia,2021-11-04,1435.1,-0.485,
Australia,2021-11-05,1435.1,-0.485,
Australia,2021-11-06,1435.1,-0.485,
Australia,2021-11-07,1380.9,-0.488,
Australia,2021-11-08,1380.9,-0.488,
Australia,2021-11-09,1380.9,-0.488,
Australia,2021-11-10,1380.9,-0.488,
Australia,2021-11-11,1380.9,-0.488,
Australia,2021-11-12,1380.9,-0.488,
Australia,2021-11-13,1380.9,-0.488,
Australia,2021-11-14,1243.0,-0.497,
Australia,2021-11-15,1243.0,-0.497,
Australia,2021-11-16,1243.0,-0.497,
Australia,2021-11-17,1243.0,-0.497,
Australia,2021-11-18,1243.0,-0.497,
Australia,2021-11-19,1243.0,-0.497,
Australia,2021-11-20,1243.0,-0.497,
Australia,2021-11-21,1332.9,-0.491,
Australia,2021-11-22,1332.9,-0.491,
Australia,2021-11-23,1332.9,-0.491,
Australia,2021-11-24,1332.9,-0.491,
Australia,2021-11-25,1332.9,-0.491,
Australia,2021-11-26,1332.9,-0.491,
Australia,2021-11-27,1332.9,-0.491,
Australia,2021-11-28,1392.0,-0.488,
Australia,2021-11-29,1392.0,-0.488,
Australia,2021-11-30,1392.0,-0.488,
Australia,2021-12-01,1392.0,-0.488,
Australia,2021-12-02,1392.0,-0.488,
Australia,2021-12-03,1392.0,-0.488,
Australia,2021-12-04,1392.0,-0.488,
Australia,2021-12-05,1503.7,-0.481,
Australia,2021-12-06,1503.7,-0.481,
Australia,2021-12-07,1503.7,-0.481,
Australia,2021-12-08,1503.7,-0.481,
Australia,2021-12-09,1503.7,-0.481,
Australia,2021-12-10,1503.7,-0.481,
Australia,2021-12-11,1503.7,-0.481,
Australia,2021-12-12,1914.7,-0.455,
Australia,2021-12-13,1914.7,-0.455,
Australia,2021-12-14,1914.7,-0.455,
Australia,2021-12-15,1914.7,-0.455,
Australia,2021-12-16,1914.7,-0.455,
Australia,2021-12-17,1914.7,-0.455,
Australia,2021-12-18,1914.7,-0.455,
Australia,2021-12-19,4498.4,-0.296,
Australia,2021-12-20,4498.4,-0.296,
Australia,2021-12-21,4498.4,-0.296,
Australia,2021-12-22,4498.4,-0.296,
Australia,2021-12-23,4498.4,-0.296,
Australia,2021-12-24,4498.4,-0.296,
Australia,2021-12-25,4498.4,-0.296,
Australia,2021-12-26,14252.0,0.306,
Australia,2021-12-27,14252.0,0.306,
Australia,2021-12-28,14252.0,0.306,
Australia,2021-12-29,14252.0,0.306,
Australia,2021-12-30,14252.0,0.306,
Australia,2021-12-31,14252.0,0.306,
Australia,2022-01-01,14252.0,0.306,
Australia,2022-01-02,41373.4,1.981,
Australia,2022-01-03,41373.4,1.981,
Australia,2022-01-04,41373.4,1.981,
Australia,2022-01-05,41373.4,1.981,
Australia,2022-01-06,41373.4,1.981,
Australia,2022-01-07,41373.4,1.981,
Australia,2022-01-08,41373.4,1.981,
Australia,2022-01-09,84116.1,4.62,Y
Australia,2022-01-10,84116.1,4.62,Y
Australia,2022-01-11,84116.1,4.62,Y
Australia,2022-01-12,84116.1,4.62,Y
Australia,2022-01-13,84116.1,4.62,Y
Australia,2022-01-14,84116.1,4.62,Y
Australia,2022-01-15,84116.1,4.62,Y
Australia,2022-01-16,66046.4,3.504,Y
Australia,2022-01-17,66046.4,3.504,Y
Australia,2022-01-18,66046.4,3.504,Y
Australia,2022-01-19,66046.4,3.504,Y
Australia,2022-01-20,66046.4,3.504,Y
Australia,2022-01-21,66046.4,3.504,Y
Australia,2022-01-22,66046.4,3.504,Y
Australia,2022-01-23,49708.6,2.495,Y
Australia,2022-01-24,49708.6,2.495,Y
Australia,2022-01-25,49708.6,2.495,Y
Australia,2022-01-26,49708.6,2.495,Y
Australia,2022-01-27,49708.6,2.495,Y
Australia,2022-01-28,49708.6,2.495,Y
Australia,2022-01-29,49708.6,2.495,Y
Australia,2022-01-30,38259.6,1.788,
Australia,2022-01-31,38259.6,1.788,
Australia,2022-02-01,38259.6,1.788,
Australia,2022-02-02,38259.6,1.788,
Australia,2022-02-03,38259.6,1.788,
Australia,2022-02-04,38259.6,1.788,
Australia,2022-02-05,38259.6,1.788,
Australia,2022-02-06,28730.3,1.2,
Australia,2022-02-07,28730.3,1.2,
Australia,2022-02-08,28730.3,1.2,
Australia,2022-02-09,28730.3,1.2,
Australia,2022-02-10,28730.3,1.2,
Australia,2022-02-11,28730.3,1.2,
Australia,2022-02-12,28730.3,1.2,
Australia,2022-02-13,24536.3,0.941,
Australia,2022-02-14,24536.3,0.941,
Australia,2022-02-15,24536.3,0.941,
Australia,2022-02-16,24536.3,0.941,
Australia,2022-02-17,24536.3,0.941,
Australia,2022-02-18,24536.3,0.941,
Australia,2022-02-19,24536.3,0.941,
Australia,2022-02-20,22918.4,0.841,
Australia,2022-02-21,22918.4,0.841,
Australia,2022-02-22,22918.4,0.841,
Australia,2022-02-23,22918.4,0.841,
Australia,2022-02-24,22918.4,0.841,
Australia,2022-02-25,22918.4,0.841,
Australia,2022-02-26,22918.4,0.841,
Australia,2022-02-27,22914.6,0.841,
Australia,2022-02-28,22914.6,0.841,
Australia,2022-03-01,22914.6,0.841,
Australia,2022-03-02,22914.6,0.841,
Australia,2022-03-03,22914.6,0.841,
Australia,2022-03-04,22914.6,0.841,
Australia,2022-03-05,22914.6,0.841,
Australia,2022-03-06,27959.6,1.153,
Australia,2022-03-07,27959.6,1.153,
Australia,2022-03-08,27959.6,1.153,
Australia,2022-03-09,27959.6,1.153,
Australia,2022-03-10,27959.6,1.153,
Australia,2022-03-11,27959.6,1.153,
Australia,2022-03-12,27959.6,1.153,
Australia,2022-03-13,34549.7,1.559,
Australia,2022-03-14,34549.7,1.559,
Australia,2022-03-15,34549.7,1.559,
Australia,2022-03-16,34549.7,1.559,
Australia,2022-03-17,34549.7,1.559,
Australia,2022-03-18,34549.7,1.559,
Australia,2022-03-19,34549.7,1.559,
Australia,2022-03-20,46748.6,2.313,Y
Australia,2022-03-21,46748.6,2.313,Y
Australia,2022-03-22,46748.6,2.313,Y
Australia,2022-03-23,46748.6,2.313,Y
Australia,2022-03-24,46748.6,2.313,Y
Australia,2022-03-25,46748.6,2.313,Y
Australia,2022-03-26,46748.6,2.313,Y
Australia,2022-03-27,55108.9,2.829,Y
Australia,2022-03-28,55108.9,2.829,Y
Australia,2022-03-29,55108.9,2.829,Y
Australia,2022-03-30,55108.9,2.829,Y
Australia,2022-03-31,55108.9,2.829,Y
Australia,2022-04-01,55108.9,2.829,Y
Australia,2022-04-02,55108.9,2.829,Y
Australia,2022-04-03,56568.9,2.919,Y
Australia,2022-04-04,56568.9,2.919,Y
Australia,2022-04-05,56568.9,2.919,Y
Australia,2022-04-06,56568.9,2.919,Y
Australia,2022-04-07,56568.9,2.919,Y
Australia,2022-04-08,56568.9,2.919,Y
Australia,2022-04-09,56568.9,2.919,Y
Australia,2022-04-10,51395.0,2.599,Y
Australia,2022-04-11,51395.0,2.599,Y
Australia,2022-04-12,51395.0,2.599,Y
Australia,2022-04-13,51395.0,2.599,Y
Australia,2022-04-14,51395.0,2.599,Y
Australia,2022-04-15,51395.0,2.599,Y
Australia,2022-04-16,51395.0,2.599,Y
Australia,2022-04-17,43740.6,2.127,Y
Australia,2022-04-18,43740.6,2.127,Y
Australia,2022-04-19,43740.6,2.127,Y
Australia,2022-04-20,43740.6,2.127,Y
Australia,2022-04-21,43740.6,2.127,Y
Australia,2022-04-22,43740.6,2.127,Y
Australia,2022-04-23,43740.6,2.127,Y
Australia,2022-04-24,41326.0,1.978,
Australia,2022-04-25,41326.0,1.978,
Australia,2022-04-26,41326.0,1.978,
Australia,2022-04-27,41326.0,1.978,
Australia,2022-04-28,41326.0,1.978,
Australia,2022-04-29,41326.0,1.978,
Australia,2022-04-30,41326.0,1.978,
Australia,2022-05-01,38864.9,1.826,
Australia,2022-05-02,38864.9,1.826,
Australia,2022-05-03,38864.9,1.826,
Australia,2022-05-04,38864.9,1.826,
Australia,2022-05-05,38864.9,1.826,
Australia,2022-05-06,38864.9,1.826,
Australia,2022-05-07,38864.9,1.826,
Australia,2022-05-08,43437.3,2.108,Y
Australia,2022-05-09,43437.3,2.108,Y
Australia,2022-05-10,43437.3,2.108,Y
Australia,2022-05-11,43437.3,2.108,Y
Australia,2022-05-12,43437.3,2.108,Y
Australia,2022-05-13,43437.3,2.108,Y
Australia,2022-05-14,43437.3,2.108,Y
Australia,2022-05-15,50053.6,2.517,Y
Australia,2022-05-16,50053.6,2.517,Y
Australia,2022-05-17,50053.6,2.517,Y
Australia,2022-05-18,50053.6,2.517,Y
Australia,2022-05-19,50053.6,2.517,Y
Australia,2022-05-20,50053.6,2.517,Y
Australia,2022-05-21,50053.6,2.517,Y
Australia,2022-05-22,44530.9,2.176,Y
Australia,2022-05-23,44530.9,2.176,Y
Australia,2022-05-24,44530.9,2.176,Y
Australia,2022-05-25,44530.9,2.176,Y
Australia,2022-05-26,44530.9,2.176,Y
Australia,2022-05-27,44530.9,2.176,Y
Australia,2022-05-28,44530.9,2.176,Y
Australia,2022-05-29,34347.0,1.547,
Australia,2022-05-30,34347.0,1.547,
Australia,2022-05-31,34347.0,1.547,
Australia,2022-06-01,34347.0,1.547,
Australia,2022-06-02,34347.0,1.547,
Australia,2022-06-03,34347.0,1.547,
Australia,2022-06-04,34347.0,1.547,
Australia,2022-06-05,28566.3,1.19,
Australia,2022-06-06,28566.3,1.19,
Australia,2022-06-07,28566.3,1.19,
Australia,2022-06-08,28566.3,1.19,
Australia,2022-06-09,28566.3,1.19,
Australia,2022-06-10,28566.3,1.19,
Australia,2022-06-11,28566.3,1.19,
Australia,2022-06-12,26353.1,1.053,
Australia,2022-06-13,26353.1,1.053,
Australia,2022-06-14,26353.1,1.053,
Australia,2022-06-15,26353.1,1.053,
Australia,2022-06-16,26353.1,1.053,
Australia,2022-06-17,26353.1,1.053,
Australia,2022-06-18,26353.1,1.053,
Australia,2022-06-19,27291.9,1.111,
Australia,2022-06-20,27291.9,1.111,
Australia,2022-06-21,27291.9,1.111,
Australia,2022-06-22,27291.9,1.111,
Australia,2022-06-23,27291.9,1.111,
Australia,2022-06-24,27291.9,1.111,
Australia,2022-06-25,27291.9,1.111,
Australia,2022-06-26,29186.9,1.228,
Australia,2022-06-27,29186.9,1.228,
Australia,2022-06-28,29186.9,1.228,
Australia,2022-06-29,29186.9,1.228,
Australia,2022-06-30,29186.9,1.228,
Australia,2022-07-01,29186.9,1.228,
Australia,2022-07-02,29186.9,1.228,
Australia,2022-07-03,0.0,-0.574,
Australia,2022-07-04,0.0,-0.574,
Australia,2022-07-05,0.0,-0.574,
Australia,2022-07-06,0.0,-0.574,
Australia,2022-07-07,0.0,-0.574,
Australia,2022-07-08,0.0,-0.574,
Australia,2022-07-09,0.0,-0.574,
Australia,2022-07-10,34813.9,1.576,
Australia,2022-07-11,34813.9,1.576,
Australia,2022-07-12,34813.9,1.576,
Australia,2022-07-13,34813.9,1.576,
Australia,2022-07-14,34813.9,1.576,
Australia,2022-07-15,34813.9,1.576,
Australia,2022-07-16,34813.9,1.576,
Australia,2022-07-17,38800.7,1.822,
Australia,2022-07-18,38800.7,1.822,
Australia,2022-07-19,38800.7,1.822,
Australia,2022-07-20,38800.7,1.822,
Australia,2022-07-21,38800.7,1.822,
Australia,2022-07-22,38800.7,1.822,
Australia,2022-07-23,38800.7,1.822,
Australia,2022-07-24,43289.9,2.099,Y
Australia,2022-07-25,43289.9,2.099,Y
Australia,2022-07-26,43289.9,2.099,Y
Australia,2022-07-27,43289.9,2.099,Y
Australia,2022-07-28,43289.9,2.099,Y
Australia,2022-07-29,43289.9,2.099,Y
Australia,2022-07-30,43289.9,2.099,Y
Australia,2022-07-31,45682.7,2.247,Y
Australia,2022-08-01,45682.7,2.247,Y
Australia,2022-08-02,45682.7,2.247,Y
Australia,2022-08-03,45682.7,2.247,Y
Australia,2022-08-04,45682.7,2.247,Y
Australia,2022-08-05,45682.7,2.247,Y
Australia,2022-08-06,45682.7,2.247,Y
Australia,2022-08-07,37047.7,1.714,
Australia,2022-08-08,37047.7,1.714,
Australia,2022-08-09,37047.7,1.714,
Australia,2022-08-10,37047.7,1.714,
Australia,2022-08-11,37047.7,1.714,
Australia,2022-08-12,37047.7,1.714,
Australia,2022-08-13,37047.7,1.714,
Australia,2022-08-14,28628.1,1.194,
Australia,2022-08-15,28628.1,1.194,
Australia,2022-08-16,28628.1,1.194,
Australia,2022-08-17,28628.1,1.194,
Australia,2022-08-18,28628.1,1.194,
Australia,2022-08-19,28628.1,1.194,
Australia,2022-08-20,28628.1,1.194,
Australia,2022-08-21,19882.6,0.654,
Australia,2022-08-22,19882.6,0.654,
Australia,2022-08-23,19882.6,0.654,
Australia,2022-08-24,19882.6,0.654,
Australia,2022-08-25,19882.6,0.654,
Australia,2022-08-26,19882.6,0.654,
Australia,2022-08-27,19882.6,0.654,
Australia,2022-08-28,14740.6,0.336,
Australia,2022-08-29,14740.6,0.336,
Australia,2022-08-30,14740.6,0.336,
Australia,2022-08-31,14740.6,0.336,
Australia,2022-09-01,14740.6,0.336,
Australia,2022-09-02,14740.6,0.336,
Australia,2022-09-03,14740.6,0.336,
Australia,2022-09-04,11426.4,0.132,
Australia,2022-09-05,11426.4,0.132,
Australia,2022-09-06,11426.4,0.132,
Australia,2022-09-07,11426.4,0.132,
Australia,2022-09-08,11426.4,0.132,
Australia,2022-09-09,11426.4,0.132,
Australia,2022-09-10,11426.4,0.132,
Australia,2022-09-11,9056.0,-0.015,
Australia,2022-09-12,9056.0,-0.015,
Australia,2022-09-13,9056.0,-0.015,
Australia,2022-09-14,9056.0,-0.015,
Australia,2022-09-15,9056.0,-0.015,
Australia,2022-09-16,9056.0,-0.015,
Australia,2022-09-17,9056.0,-0.015,
Australia,2022-09-18,7324.7,-0.121,
Australia,2022-09-19,7324.7,-0.121,
Australia,2022-09-20,7324.7,-0.121,
Australia,2022-09-21,7324.7,-0.121,
Australia,2022-09-22,7324.7,-0.121,
Australia,2022-09-23,7324.7,-0.121,
Australia,2022-09-24,7324.7,-0.121,
Australia,2022-09-25,6200.1,-0.191,
Australia,2022-09-26,6200.1,-0.191,
Australia,2022-09-27,6200.1,-0.191,
Australia,2022-09-28,6200.1,-0.191,
Australia,2022-09-29,6200.1,-0.191,
Australia,2022-09-30,6200.1,-0.191,
Australia,2022-10-01,6200.1,-0.191,
Australia,2022-10-02,5368.3,-0.242,
Australia,2022-10-03,5368.3,-0.242,
Australia,2022-10-04,5368.3,-0.242,
Australia,2022-10-05,5368.3,-0.242,
Australia,2022-10-06,5368.3,-0.242,
Australia,2022-10-07,5368.3,-0.242,
Australia,2022-10-08,5368.3,-0.242,
Australia,2022-10-09,5524.9,-0.233,
Australia,2022-10-10,5524.9,-0.233,
Australia,2022-10-11,5524.9,-0.233,
Australia,2022-10-12,5524.9,-0.233,
Australia,2022-10-13,5524.9,-0.233,
Australia,2022-10-14,5524.9,-0.233,
Australia,2022-10-15,5524.9,-0.233,
Australia,2022-10-16,4475.3,-0.297,
Australia,2022-10-17,4475.3,-0.297,
Australia,2022-10-18,4475.3,-0.297,
Australia,2022-10-19,4475.3,-0.297,
Australia,2022-10-20,4475.3,-0.297,
Australia,2022-10-21,4475.3,-0.297,
Australia,2022-10-22,4475.3,-0.297,
Australia,2022-10-23,4231.4,-0.312,
Australia,2022-10-24,4231.4,-0.312,
Australia,2022-10-25,4231.4,-0.312,
Australia,2022-10-26,4231.4,-0.312,
Australia,2022-10-27,4231.4,-0.312,
Australia,2022-10-28,4231.4,-0.312,
Australia,2022-10-29,4231.4,-0.312,
Australia,2022-10-30,4337.6,-0.306,
Australia,2022-10-31,4337.6,-0.306,
Australia,2022-11-01,4337.6,-0.306,
Australia,2022-11-02,4337.6,-0.306,
Australia,2022-11-03,4337.6,-0.306,
Australia,2022-11-04,4337.6,-0.306,
Australia,2022-11-05,4337.6,-0.306,
Australia,2022-11-06,5109.0,-0.258,
Australia,2022-11-07,5109.0,-0.258,
Australia,2022-11-08,5109.0,-0.258,
Australia,2022-11-09,5109.0,-0.258,
Australia,2022-11-10,5109.0,-0.258,
Australia,2022-11-11,5109.0,-0.258,
Australia,2022-11-12,5109.0,-0.258,
Australia,2022-11-13,7472.9,-0.112,
Australia,2022-11-14,7472.9,-0.112,
Australia,2022-11-15,7472.9,-0.112,
Australia,2022-11-16,7472.9,-0.112,
Australia,2022-11-17,7472.9,-0.112,
Australia,2022-11-18,7472.9,-0.112,
Australia,2022-11-19,7472.9,-0.112,
Australia,2022-11-20,10510.4,0.075,
Australia,2022-11-21,10510.4,0.075,
Australia,2022-11-22,10510.4,0.075,
Australia,2022-11-23,10510.4,0.075,
Australia,2022-11-24,10510.4,0.075,
Australia,2022-11-25,10510.4,0.075,
Australia,2022-11-26,10510.4,0.075,
Australia,2022-11-27,11915.3,0.162,
Australia,2022-11-28,11915.3,0.162,
Australia,2022-11-29,11915.3,0.162,
Australia,2022-11-30,11915.3,0.162,
Australia,2022-12-01,11915.3,0.162,
Australia,2022-12-02,11915.3,0.162,
Australia,2022-12-03,11915.3,0.162,
Australia,2022-12-04,13985.3,0.29,
Australia,2022-12-05,13985.3,0.29,
Australia,2022-12-06,13985.3,0.29,
Australia,2022-12-07,13985.3,0.29,
Australia,2022-12-08,13985.3,0.29,
Australia,2022-12-09,13985.3,0.29,
Australia,2022-12-10,13985.3,0.29,
Australia,2022-12-11,15414.6,0.378,
Australia,2022-12-12,15414.6,0.378,
Australia,2022-12-13,15414.6,0.378,
Australia,2022-12-14,15414.6,0.378,
Australia,2022-12-15,15414.6,0.378,
Australia,2022-12-16,15414.6,0.378,
Australia,2022-12-17,15414.6,0.378,
Australia,2022-12-18,16002.3,0.414,
Australia,2022-12-19,16002.3,0.414,
Australia,2022-12-20,16002.3,0.414,
Australia,2022-12-21,16002.3,0.414,
Australia,2022-12-22,16002.3,0.414,
Australia,2022-12-23,16002.3,0.414,
Australia,2022-12-24,16002.3,0.414,
Australia,2022-12-25,15474.6,0.382,
Australia,2022-12-26,15474.6,0.382,
Australia,2022-12-27,15474.6,0.382,
Australia,2022-12-28,15474.6,0.382,
Australia,2022-12-29,15474.6,0.382,
Australia,2022-12-30,15474.6,0.382,
Australia,2022-12-31,15474.6,0.382,
Australia,2023-01-01,13074.0,0.234,
Australia,2023-01-02,13074.0,0.234,
Australia,2023-01-03,13074.0,0.234,
Australia,2023-01-04,13074.0,0.234,
Australia,2023-01-05,13074.0,0.234,
Australia,2023-01-06,13074.0,0.234,
Australia,2023-01-07,13074.0,0.234,
Australia,2023-01-08,12427.0,0.194,
Australia,2023-01-09,12427.0,0.194,
Australia,2023-01-10,12427.0,0.194,
Australia,2023-01-11,12427.0,0.194,
Australia,2023-01-12,12427.0,0.194,
Australia,2023-01-13,12427.0,0.194,
Australia,2023-01-14,12427.0,0.194,
Australia,2023-01-15,6571.9,-0.168,
Australia,2023-01-16,6571.9,-0.168,
Australia,2023-01-17,6571.9,-0.168,
Australia,2023-01-18,6571.9,-0.168,
Australia,2023-01-19,6571.9,-0.168,
Australia,2023-01-20,6571.9,-0.168,
Australia,2023-01-21,6571.9,-0.168,
Australia,2023-01-22,4415.6,-0.301,
Australia,2023-01-23,4415.6,-0.301,
Australia,2023-01-24,4415.6,-0.301,
Australia,2023-01-25,4415.6,-0.301,
Australia,2023-01-26,4415.6,-0.301,
Australia,2023-01-27,4415.6,-0.301,
Australia,2023-01-28,4415.6,-0.301,
Australia,2023-01-29,3148.7,-0.379,
Australia,2023-01-30,3148.7,-0.379,
Australia,2023-01-31,3148.7,-0.379,
Australia,2023-02-01,3148.7,-0.379,
Australia,2023-02-02,3148.7,-0.379,
Australia,2023-02-03,3148.7,-0.379,
Australia,2023-02-04,3148.7,-0.379,
Australia,2023-02-05,2703.1,-0.407,
Australia,2023-02-06,2703.1,-0.407,
Australia,2023-02-07,2703.1,-0.407,
Australia,2023-02-08,2703.1,-0.407,
Australia,2023-02-09,2703.1,-0.407,
Australia,2023-02-10,2703.1,-0.407,
Australia,2023-02-11,2703.1,-0.407,
Australia,2023-02-12,2438.1,-0.423,
Australia,2023-02-13,2438.1,-0.423,
Australia,2023-02-14,2438.1,-0.423,
Australia,2023-02-15,2438.1,-0.423,
Australia,2023-02-16,2438.1,-0.423,
Australia,2023-02-17,2438.1,-0.423,
Australia,2023-02-18,2438.1,-0.423,
Australia,2023-02-19,2561.0,-0.416,
Australia,2023-02-20,2561.0,-0.416,
Australia,2023-02-21,2561.0,-0.416,
Australia,2023-02-22,2561.0,-0.416,
Australia,2023-02-23,2561.0,-0.416,
Australia,2023-02-24,2561.0,-0.416,
Australia,2023-02-25,2561.0,-0.416,
Australia,2023-02-26,2544.9,-0.417,
Australia,2023-02-27,2544.9,-0.417,
Australia,2023-02-28,2544.9,-0.417,
Australia,2023-03-01,2544.9,-0.417,
Australia,2023-03-02,2544.9,-0.417,
Australia,2023-03-03,2544.9,-0.417,
Australia,2023-03-04,2544.9,-0.417,
Australia,2023-03-05,2608.9,-0.413,
Australia,2023-03-06,2608.9,-0.413,
Australia,2023-03-07,2608.9,-0.413,
Australia,2023-03-08,2608.9,-0.413,
Australia,2023-03-09,2608.9,-0.413,
Australia,2023-03-10,2608.9,-0.413,
Australia,2023-03-11,2608.9,-0.413,
Australia,2023-03-12,2825.7,-0.399,
Australia,2023-03-13,2825.7,-0.399,
Australia,2023-03-14,2825.7,-0.399,
Australia,2023-03-15,2825.7,-0.399,
Australia,2023-03-16,2825.7,-0.399,
Australia,2023-03-17,2825.7,-0.399,
Australia,2023-03-18,2825.7,-0.399,
Australia,2023-03-19,3097.3,-0.382,
Australia,2023-03-20,3097.3,-0.382,
Australia,2023-03-21,3097.3,-0.382,
Australia,2023-03-22,3097.3,-0.382,
Australia,2023-03-23,3097.3,-0.382,
Australia,2023-03-24,3097.3,-0.382,
Australia,2023-03-25,3097.3,-0.382,
Australia,2023-03-26,3287.7,-0.371,
Australia,2023-03-27,3287.7,-0.371,
Australia,2023-03-28,3287.7,-0.371,
Australia,2023-03-29,3287.7,-0.371,
Australia,2023-03-30,3287.7,-0.371,
Australia,2023-03-31,3287.7,-0.371,
Australia,2023-04-01,3287.7,-0.371,
Australia,2023-04-02,3645.9,-0.349,
Australia,2023-04-03,3645.9,-0.349,
Australia,2023-04-04,3645.9,-0.349,
Australia,2023-04-05,3645.9,-0.349,
Australia,2023-04-06,3645.9,-0.349,
Australia,2023-04-07,3645.9,-0.349,
Australia,2023-04-08,3645.9,-0.349,
Australia,2023-04-09,3950.0,-0.33,
Australia,2023-04-10,3950.0,-0.33,
Australia,2023-04-11,3950.0,-0.33,
Australia,2023-04-12,3950.0,-0.33,
Australia,2023-04-13,3950.0,-0.33,
Australia,2023-04-14,3950.0,-0.33,
Australia,2023-04-15,3950.0,-0.33,
Australia,2023-04-16,3865.0,-0.335,
Australia,2023-04-17,3865.0,-0.335,
Australia,2023-04-18,3865.0,-0.335,
Australia,2023-04-19,3865.0,-0.335,
Australia,2023-04-20,3865.0,-0.335,
Australia,2023-04-21,3865.0,-0.335,
Australia,2023-04-22,3865.0,-0.335,
Australia,2023-04-23,4280.9,-0.309,
Australia,2023-04-24,4280.9,-0.309,
Australia,2023-04-25,4280.9,-0.309,
Australia,2023-04-26,4280.9,-0.309,
Australia,2023-04-27,4280.9,-0.309,
Australia,2023-04-28,4280.9,-0.309,
Australia,2023-04-29,4280.9,-0.309,
Australia,2023-04-30,4204.4,-0.314,
Australia,2023-05-01,4204.4,-0.314,
Australia,2023-05-02,4204.4,-0.314,
Australia,2023-05-03,4204.4,-0.314,
Australia,2023-05-04,4204.4,-0.314,
Australia,2023-05-05,4204.4,-0.314,
Brazil,2020-01-10,0.0,-1.057,
Brazil,2020-01-11,0.0,-1.057,
Brazil,2020-01-12,0.0,-1.057,
Brazil,2020-01-13,0.0,-1.057,
Brazil,2020-01-14,0.0,-1.057,
Brazil,2020-01-15,0.0,-1.057,
Brazil,2020-01-16,0.0,-1.057,
Brazil,2020-01-17,0.0,-1.057,
Brazil,2020-01-18,0.0,-1.057,
Brazil,2020-01-19,0.0,-1.057,
Brazil,2020-01-20,0.0,-1.057,
Brazil,2020-01-21,0.0,-1.057,
Brazil,2020-01-22,0.0,-1.057,
Brazil,2020-01-23,0.0,-1.057,
Brazil,2020-01-24,0.0,-1.057,
Brazil,2020-01-25,0.0,-1.057,
Brazil,2020-01-26,0.0,-1.057,
Brazil,2020-01-27,0.0,-1.057,
Brazil,2020-01-28,0.0,-1.057,
Brazil,2020-01-29,0.0,-1.057,
Brazil,2020-01-30,0.0,-1.057,
Brazil,2020-01-31,0.0,-1.057,
Brazil,2020-02-01,0.0,-1.057,
Brazil,2020-02-02,0.0,-1.057,
Brazil,2020-02-03,0.0,-1.057,
Brazil,2020-02-04,0.0,-1.057,
Brazil,2020-02-05,0.0,-1.057,
Brazil,2020-02-06,0.0,-1.057,
Brazil,2020-02-07,0.0,-1.057,
Brazil,2020-02-08,0.0,-1.057,
Brazil,2020-02-09,0.0,-1.057,
Brazil,2020-02-10,0.0,-1.057,
Brazil,2020-02-11,0.0,-1.057,
Brazil,2020-02-12,0.0,-1.057,
Brazil,2020-02-13,0.0,-1.057,
Brazil,2020-02-14,0.0,-1.057,
Brazil,2020-02-15,0.0,-1.057,
Brazil,2020-02-16,0.0,-1.057,
Brazil,2020-02-17,0.0,-1.057,
Brazil,2020-02-18,0.0,-1.057,
Brazil,2020-02-19,0.0,-1.057,
Brazil,2020-02-20,0.0,-1.057,
Brazil,2020-02-21,0.0,-1.057,
Brazil,2020-02-22,0.0,-1.057,
Brazil,2020-02-23,0.0,-1.057,
Brazil,2020-02-24,0.0,-1.057,
Brazil,2020-02-25,0.0,-1.057,
Brazil,2020-02-26,0.0,-1.057,
Brazil,2020-02-27,0.0,-1.057,
Brazil,2020-02-28,0.0,-1.057,
Brazil,2020-02-29,0.0,-1.057,
Brazil,2020-03-01,0.1,-1.057,
Brazil,2020-03-02,0.1,-1.057,
Brazil,2020-03-03,0.1,-1.057,
Brazil,2020-03-04,0.1,-1.057,
Brazil,2020-03-05,0.1,-1.057,
Brazil,2020-03-06,0.1,-1.057,
Brazil,2020-03-07,0.1,-1.057,
Brazil,2020-03-08,1.7,-1.057,
Brazil,2020-03-09,1.7,-1.057,
Brazil,2020-03-10,1.7,-1.057,
Brazil,2020-03-11,1.7,-1.057,
Brazil,2020-03-12,1.7,-1.057,
Brazil,2020-03-13,1.7,-1.057,
Brazil,2020-03-14,1.7,-1.057,
Brazil,2020-03-15,10.1,-1.057,
Brazil,2020-03-16,10.1,-1.057,
Brazil,2020-03-17,10.1,-1.057,
Brazil,2020-03-18,10.1,-1.057,
Brazil,2020-03-19,10.1,-1.057,
Brazil,2020-03-20,10.1,-1.057,
Brazil,2020-03-21,10.1,-1.057,
Brazil,2020-03-22,117.1,-1.053,
Brazil,2020-03-23,117.1,-1.053,
Brazil,2020-03-24,117.1,-1.053,
Brazil,2020-03-25,117.1,-1.053,
Brazil,2020-03-26,117.1,-1.053,
Brazil,2020-03-27,117.1,-1.053,
Brazil,2020-03-28,117.1,-1.053,
Brazil,2020-03-29,359.0,-1.045,
Brazil,2020-03-30,359.0,-1.045,
Brazil,2020-03-31,359.0,-1.045,
Brazil,2020-04-01,359.0,-1.045,
Brazil,2020-04-02,359.0,-1.045,
Brazil,2020-04-03,359.0,-1.045,
Brazil,2020-04-04,359.0,-1.045,
Brazil,2020-04-05,805.6,-1.029,
Brazil,2020-04-06,805.6,-1.029,
Brazil,2020-04-07,805.6,-1.029,
Brazil,2020-04-08,805.6,-1.029,
Brazil,2020-04-09,805.6,-1.029,
Brazil,2020-04-10,805.6,-1.029,
Brazil,2020-04-11,805.6,-1.029,
Brazil,2020-04-12,1511.7,-1.005,
Brazil,2020-04-13,1511.7,-1.005,
Brazil,2020-04-14,1511.7,-1.005,
Brazil,2020-04-15,1511.7,-1.005,
Brazil,2020-04-16,1511.7,-1.005,
Brazil,2020-04-17,1511.7,-1.005,
Brazil,2020-04-18,1511.7,-1.005,
Brazil,2020-04-19,2006.3,-0.988,
Brazil,2020-04-20,2006.3,-0.988,
Brazil,2020-04-21,2006.3,-0.988,
Brazil,2020-04-22,2006.3,-0.988,
Brazil,2020-04-23,2006.3,-0.988,
Brazil,2020-04-24,2006.3,-0.988,
Brazil,2020-04-25,2006.3,-0.988,
Brazil,2020-04-26,2759.0,-0.963,
Brazil,2020-04-27,2759.0,-0.963,
Brazil,2020-04-28,2759.0,-0.963,
Brazil,2020-04-29,2759.0,-0.963,
Brazil,2020-04-30,2759.0,-0.963,
Brazil,2020-05-01,2759.0,-0.963,
Brazil,2020-05-02,2759.0,-0.963,
Brazil,2020-05-03,5513.4,-0.868,
Brazil,2020-05-04,5513.4,-0.868,
Brazil,2020-05-05,5513.4,-0.868,
Brazil,2020-05-06,5513.4,-0.868,
Brazil,2020-05-07,5513.4,-0.868,
Brazil,2020-05-08,5513.4,-0.868,
Brazil,2020-05-09,5513.4,-0.868,
Brazil,2020-05-10,7677.0,-0.794,
Brazil,2020-05-11,7677.0,-0.794,
Brazil,2020-05-12,7677.0,-0.794,
Brazil,2020-05-13,7677.0,-0.794,
Brazil,2020-05-14,7677.0,-0.794,
Brazil,2020-05-15,7677.0,-0.794,
Brazil,2020-05-16,7677.0,-0.794,
Brazil,2020-05-17,10413.6,-0.701,
Brazil,2020-05-18,10413.6,-0.701,
Brazil,2020-05-19,10413.6,-0.701,
Brazil,2020-05-20,10413.6,-0.701,
Brazil,2020-05-21,10413.6,-0.701,
Brazil,2020-05-22,10413.6,-0.701,
Brazil,2020-05-23,10413.6,-0.701,
Brazil,2020-05-24,16095.3,-0.506,
Brazil,2020-05-25,16095.3,-0.506,
Brazil,2020-05-26,16095.3,-0.506,
Brazil,2020-05-27,16095.3,-0.506,
Brazil,2020-05-28,16095.3,-0.506,
Brazil,2020-05-29,16095.3,-0.506,
Brazil,2020-05-30,16095.3,-0.506,
Brazil,2020-05-31,19182.3,-0.401,
Brazil,2020-06-01,19182.3,-0.401,
Brazil,2020-06-02,19182.3,-0.401,
Brazil,2020-06-03,19182.3,-0.401,
Brazil,2020-06-04,19182.3,-0.401,
Brazil,2020-06-05,19182.3,-0.401,
Brazil,2020-06-06,19182.3,-0.401,
Brazil,2020-06-07,25800.7,-0.174,
Brazil,2020-06-08,25800.7,-0.174,
Brazil,2020-06-09,25800.7,-0.174,
Brazil,2020-06-10,25800.7,-0.174,
Brazil,2020-06-11,25800.7,-0.174,
Brazil,2020-06-12,25800.7,-0.174,
Brazil,2020-06-13,25800.7,-0.174,
Brazil,2020-06-14,26148.4,-0.162,
Brazil,2020-06-15,26148.4,-0.162,
Brazil,2020-06-16,26148.4,-0.162,
Brazil,2020-06-17,26148.4,-0.162,
Brazil,2020-06-18,26148.4,-0.162,
Brazil,2020-06-19,26148.4,-0.162,
Brazil,2020-06-20,26148.4,-0.162,
Brazil,2020-06-21,29157.6,-0.059,
Brazil,2020-06-22,29157.6,-0.059,
Brazil,2020-06-23,29157.6,-0.059,
Brazil,2020-06-24,29157.6,-0.059,
Brazil,2020-06-25,29157.6,-0.059,
Brazil,2020-06-26,29157.6,-0.059,
Brazil,2020-06-27,29157.6,-0.059,
Brazil,2020-06-28,34580.1,0.126,
Brazil,2020-06-29,34580.1,0.126,
Brazil,2020-06-30,34580.1,0.126,
Brazil,2020-07-01,34580.1,0.126,
Brazil,2020-07-02,34580.1,0.126,
Brazil,2020-07-03,34580.1,0.126,
Brazil,2020-07-04,34580.1,0.126,
Brazil,2020-07-05,37729.6,0.234,
Brazil,2020-07-06,37729.6,0.234,
Brazil,2020-07-07,37729.6,0.234,
Brazil,2020-07-08,37729.6,0.234,
Brazil,2020-07-09,37729.6,0.234,
Brazil,2020-07-10,37729.6,0.234,
Brazil,2020-07-11,37729.6,0.234,
Brazil,2020-07-12,37392.3,0.222,
Brazil,2020-07-13,37392.3,0.222,
Brazil,2020-07-14,37392.3,0.222,
Brazil,2020-07-15,37392.3,0.222,
Brazil,2020-07-16,37392.3,0.222,
Brazil,2020-07-17,37392.3,0.222,
Brazil,2020-07-18,37392.3,0.222,
Brazil,2020-07-19,35071.6,0.143,
Brazil,2020-07-20,35071.6,0.143,
Brazil,2020-07-21,35071.6,0.143,
Brazil,2020-07-22,35071.6,0.143,
Brazil,2020-07-23,35071.6,0.143,
Brazil,2020-07-24,35071.6,0.143,
Brazil,2020-07-25,35071.6,0.143,
Brazil,2020-07-26,42434.0,0.395,
Brazil,2020-07-27,42434.0,0.395,
Brazil,2020-07-28,42434.0,0.395,
Brazil,2020-07-29,42434.0,0.395,
Brazil,2020-07-30,42434.0,0.395,
Brazil,2020-07-31,42434.0,0.395,
Brazil,2020-08-01,42434.0,0.395,
Brazil,2020-08-02,45588.4,0.503,
Brazil,2020-08-03,45588.4,0.503,
Brazil,2020-08-04,45588.4,0.503,
Brazil,2020-08-05,45588.4,0.503,
Brazil,2020-08-06,45588.4,0.503,
Brazil,2020-08-07,45588.4,0.503,
Brazil,2020-08-08,45588.4,0.503,
Brazil,2020-08-09,42851.0,0.409,
Brazil,2020-08-10,42851.0,0.409,
Brazil,2020-08-11,42851.0,0.409,
Brazil,2020-08-12,42851.0,0.409,
Brazil,2020-08-13,42851.0,0.409,
Brazil,2020-08-14,42851.0,0.409,
Brazil,2020-08-15,42851.0,0.409,
Brazil,2020-08-16,44725.4,0.473,
Brazil,2020-08-17,44725.4,0.473,
Brazil,2020-08-18,44725.4,0.473,
Brazil,2020-08-19,44725.4,0.473,
Brazil,2020-08-20,44725.4,0.473,
Brazil,2020-08-21,44725.4,0.473,
Brazil,2020-08-22,44725.4,0.473,
Brazil,2020-08-23,36687.1,0.198,
Brazil,2020-08-24,36687.1,0.198,
Brazil,2020-08-25,36687.1,0.198,
Brazil,2020-08-26,36687.1,0.198,
Brazil,2020-08-27,36687.1,0.198,
Brazil,2020-08-28,36687.1,0.198,
Brazil,2020-08-29,36687.1,0.198,
Brazil,2020-08-30,38924.7,0.275,
Brazil,2020-08-31,38924.7,0.275,
Brazil,2020-09-01,38924.7,0.275,
Brazil,2020-09-02,38924.7,0.275,
Brazil,2020-09-03,38924.7,0.275,
Brazil,2020-09-04,38924.7,0.275,
Brazil,2020-09-05,38924.7,0.275,
Brazil,2020-09-06,41147.0,0.351,
Brazil,2020-09-07,41147.0,0.351,
Brazil,2020-09-08,41147.0,0.351,
Brazil,2020-09-09,41147.0,0.351,
Brazil,2020-09-10,41147.0,0.351,
Brazil,2020-09-11,41147.0,0.351,
Brazil,2020-09-12,41147.0,0.351,
Brazil,2020-09-13,27047.4,-0.132,
Brazil,2020-09-14,27047.4,-0.132,
Brazil,2020-09-15,27047.4,-0.132,
Brazil,2020-09-16,27047.4,-0.132,
Brazil,2020-09-17,27047.4,-0.132,
Brazil,2020-09-18,27047.4,-0.132,
Brazil,2020-09-19,27047.4,-0.132,
Brazil,2020-09-20,30431.3,-0.016,
Brazil,2020-09-21,30431.3,-0.016,
Brazil,2020-09-22,30431.3,-0.016,
Brazil,2020-09-23,30431.3,-0.016,
Brazil,2020-09-24,30431.3,-0.016,
Brazil,2020-09-25,30431.3,-0.016,
Brazil,2020-09-26,30431.3,-0.016,
Brazil,2020-09-27,27775.7,-0.107,
Brazil,2020-09-28,27775.7,-0.107,
Brazil,2020-09-29,27775.7,-0.107,
Brazil,2020-09-30,27775.7,-0.107,
Brazil,2020-10-01,27775.7,-0.107,
Brazil,2020-10-02,27775.7,-0.107,
Brazil,2020-10-03,27775.7,-0.107,
Brazil,2020-10-04,27272.9,-0.124,
Brazil,2020-10-05,27272.9,-0.124,
Brazil,2020-10-06,27272.9,-0.124,
Brazil,2020-10-07,27272.9,-0.124,
Brazil,2020-10-08,27272.9,-0.124,
Brazil,2020-10-09,27272.9,-0.124,
Brazil,2020-10-10,27272.9,-0.124,
Brazil,2020-10-11,25052.1,-0.2,
Brazil,2020-10-12,25052.1,-0.2,
Brazil,2020-10-13,25052.1,-0.2,
Brazil,2020-10-14,25052.1,-0.2,
Brazil,2020-10-15,25052.1,-0.2,
Brazil,2020-10-16,25052.1,-0.2,
Brazil,2020-10-17,25052.1,-0.2,
Brazil,2020-10-18,20630.3,-0.351,
Brazil,2020-10-19,20630.3,-0.351,
Brazil,2020-10-20,20630.3,-0.351,
Brazil,2020-10-21,20630.3,-0.351,
Brazil,2020-10-22,20630.3,-0.351,
Brazil,2020-10-23,20630.3,-0.351,
Brazil,2020-10-24,20630.3,-0.351,
Brazil,2020-10-25,21908.0,-0.307,
Brazil,2020-10-26,21908.0,-0.307,
Brazil,2020-10-27,21908.0,-0.307,
Brazil,2020-10-28,21908.0,-0.307,
Brazil,2020-10-29,21908.0,-0.307,
Brazil,2020-10-30,21908.0,-0.307,
Brazil,2020-10-31,21908.0,-0.307,
Brazil,2020-11-01,23286.0,-0.26,
Brazil,2020-11-02,23286.0,-0.26,
Brazil,2020-11-03,23286.0,-0.26,
Brazil,2020-11-04,23286.0,-0.26,
Brazil,2020-11-05,23286.0,-0.26,
Brazil,2020-11-06,23286.0,-0.26,
Brazil,2020-11-07,23286.0,-0.26,
Brazil,2020-11-08,16360.4,-0.497,
Brazil,2020-11-09,16360.4,-0.497,
Brazil,2020-11-10,16360.4,-0.497,
Brazil,2020-11-11,16360.4,-0.497,
Brazil,2020-11-12,16360.4,-0.497,
Brazil,2020-11-13,16360.4,-0.497,
Brazil,2020-11-14,16360.4,-0.497,
Brazil,2020-11-15,25638.7,-0.18,
Brazil,2020-11-16,25638.7,-0.18,
Brazil,2020-11-17,25638.7,-0.18,
Brazil,2020-11-18,25638.7,-0.18,
Brazil,2020-11-19,25638.7,-0.18,
Brazil,2020-11-20,25638.7,-0.18,
Brazil,2020-11-21,25638.7,-0.18,
Brazil,2020-11-22,29930.3,-0.033,
Brazil,2020-11-23,29930.3,-0.033,
Brazil,2020-11-24,29930.3,-0.033,
Brazil,2020-11-25,29930.3,-0.033,
Brazil,2020-11-26,29930.3,-0.033,
Brazil,2020-11-27,29930.3,-0.033,
Brazil,2020-11-28,29930.3,-0.033,
Brazil,2020-11-29,31169.4,0.009,
Brazil,2020-11-30,31169.4,0.009,
Brazil,2020-12-01,31169.4,0.009,
Brazil,2020-12-02,31169.4,0.009,
Brazil,2020-12-03,31169.4,0.009,
Brazil,2020-12-04,31169.4,0.009,
Brazil,2020-12-05,31169.4,0.009,
Brazil,2020-12-06,42231.1,0.388,
Brazil,2020-12-07,42231.1,0.388,
Brazil,2020-12-08,42231.1,0.388,
Brazil,2020-12-09,42231.1,0.388,
Brazil,2020-12-10,42231.1,0.388,
Brazil,2020-12-11,42231.1,0.388,
Brazil,2020-12-12,42231.1,0.388,
Brazil,2020-12-13,43179.9,0.42,
Brazil,2020-12-14,43179.9,0.42,
Brazil,2020-12-15,43179.9,0.42,
Brazil,2020-12-16,43179.9,0.42,
Brazil,2020-12-17,43179.9,0.42,
Brazil,2020-12-18,43179.9,0.42,
Brazil,2020-12-19,43179.9,0.42,
Brazil,2020-12-20,46678.7,0.54,
Brazil,2020-12-21,46678.7,0.54,
Brazil,2020-12-22,46678.7,0.54,
Brazil,2020-12-23,46678.7,0.54,
Brazil,2020-12-24,46678.7,0.54,
Brazil,2020-12-25,46678.7,0.54,
Brazil,2020-12-26,46678.7,0.54,
Brazil,2020-12-27,40797.4,0.339,
Brazil,2020-12-28,40797.4,0.339,
Brazil,2020-12-29,40797.4,0.339,
Brazil,2020-12-30,40797.4,0.339,
Brazil,2020-12-31,40797.4,0.339,
Brazil,2021-01-01,40797.4,0.339,
Brazil,2021-01-02,40797.4,0.339,
Brazil,2021-01-03,36002.6,0.175,
Brazil,2021-01-04,36002.6,0.175,
Brazil,2021-01-05,36002.6,0.175,
Brazil,2021-01-06,36002.6,0.175,
Brazil,2021-01-07,36002.6,0.175,
Brazil,2021-01-08,36002.6,0.175,
Brazil,2021-01-09,36002.6,0.175,
Brazil,2021-01-10,44732.9,0.473,
Brazil,2021-01-11,44732.9,0.473,
Brazil,2021-01-12,44732.9,0.473,
Brazil,2021-01-13,44732.9,0.473,
Brazil,2021-01-14,44732.9,0.473,
Brazil,2021-01-15,44732.9,0.473,
Brazil,2021-01-16,44732.9,0.473,
Brazil,2021-01-17,54254.9,0.799,
Brazil,2021-01-18,54254.9,0.799,
Brazil,2021-01-19,54254.9,0.799,
Brazil,2021-01-20,54254.9,0.799,
Brazil,2021-01-21,54254.9,0.799,
Brazil,2021-01-22,54254.9,0.799,
Brazil,2021-01-23,54254.9,0.799,
Brazil,2021-01-24,51489.7,0.705,
Brazil,2021-01-25,51489.7,0.705,
Brazil,2021-01-26,51489.7,0.705,
Brazil,2021-01-27,51489.7,0.705,
Brazil,2021-01-28,51489.7,0.705,
Brazil,2021-01-29,51489.7,0.705,
Brazil,2021-01-30,51489.7,0.705,
Brazil,2021-01-31,52084.7,0.725,
Brazil,2021-02-01,52084.7,0.725,
Brazil,2021-02-02,52084.7,0.725,
Brazil,2021-02-03,52084.7,0.725,
Brazil,2021-02-04,52084.7,0.725,
Brazil,2021-02-05,52084.7,0.725,
Brazil,2021-02-06,52084.7,0.725,
Brazil,2021-02-07,46950.3,0.549,
Brazil,2021-02-08,46950.3,0.549,
Brazil,2021-02-09,46950.3,0.549,
Brazil,2021-02-10,46950.3,0.549,
Brazil,2021-02-11,46950.3,0.549,
Brazil,2021-02-12,46950.3,0.549,
Brazil,2021-02-13,46950.3,0.549,
Brazil,2021-02-14,45470.0,0.499,
Brazil,2021-02-15,45470.0,0.499,
Brazil,2021-02-16,45470.0,0.499,
Brazil,2021-02-17,45470.0,0.499,
Brazil,2021-02-18,45470.0,0.499,
Brazil,2021-02-19,45470.0,0.499,
Brazil,2021-02-20,45470.0,0.499,
Brazil,2021-02-21,45174.4,0.489,
Brazil,2021-02-22,45174.4,0.489,
Brazil,2021-02-23,45174.4,0.489,
Brazil,2021-02-24,45174.4,0.489,
Brazil,2021-02-25,45174.4,0.489,
Brazil,2021-02-26,45174.4,0.489,
Brazil,2021-02-27,45174.4,0.489,
Brazil,2021-02-28,53422.0,0.771,
Brazil,2021-03-01,53422.0,0.771,
Brazil,2021-03-02,53422.0,0.771,
Brazil,2021-03-03,53422.0,0.771,
Brazil,2021-03-04,53422.0,0.771,
Brazil,2021-03-05,53422.0,0.771,
Brazil,2021-03-06,53422.0,0.771,
Brazil,2021-03-07,59085.3,0.965,
Brazil,2021-03-08,59085.3,0.965,
Brazil,2021-03-09,59085.3,0.965,
Brazil,2021-03-10,59085.3,0.965,
Brazil,2021-03-11,59085.3,0.965,
Brazil,2021-03-12,59085.3,0.965,
Brazil,2021-03-13,59085.3,0.965,
Brazil,2021-03-14,70593.3,1.358,
Brazil,2021-03-15,70593.3,1.358,
Brazil,2021-03-16,70593.3,1.358,
Brazil,2021-03-17,70593.3,1.358,
Brazil,2021-03-18,70593.3,1.358,
Brazil,2021-03-19,70593.3,1.358,
Brazil,2021-03-20,70593.3,1.358,
Brazil,2021-03-21,72572.9,1.426,
Brazil,2021-03-22,72572.9,1.426,
Brazil,2021-03-23,72572.9,1.426,
Brazil,2021-03-24,72572.9,1.426,
Brazil,2021-03-25,72572.9,1.426,
Brazil,2021-03-26,72572.9,1.426,
Brazil,2021-03-27,72572.9,1.426,
Brazil,2021-03-28,76146.3,1.548,
Brazil,2021-03-29,76146.3,1.548,
Brazil,2021-03-30,76146.3,1.548,
Brazil,2021-03-31,76146.3,1.548,
Brazil,2021-04-01,76146.3,1.548,
Brazil,2021-04-02,76146.3,1.548,
Brazil,2021-04-03,76146.3,1.548,
Brazil,2021-04-04,72238.3,1.415,
Brazil,2021-04-05,72238.3,1.415,
Brazil,2021-04-06,72238.3,1.415,
Brazil,2021-04-07,72238.3,1.415,
Brazil,2021-04-08,72238.3,1.415,
Brazil,2021-04-09,72238.3,1.415,
Brazil,2021-04-10,72238.3,1.415,
Brazil,2021-04-11,66156.0,1.206,
Brazil,2021-04-12,66156.0,1.206,
Brazil,2021-04-13,66156.0,1.206,
Brazil,2021-04-14,66156.0,1.206,
Brazil,2021-04-15,66156.0,1.206,
Brazil,2021-04-16,66156.0,1.206,
Brazil,2021-04-17,66156.0,1.206,
Brazil,2021-04-18,65611.6,1.188,
Brazil,2021-04-19,65611.6,1.188,
Brazil,2021-04-20,65611.6,1.188,
Brazil,2021-04-21,65611.6,1.188,
Brazil,2021-04-22,65611.6,1.188,
Brazil,2021-04-23,65611.6,1.188,
Brazil,2021-04-24,65611.6,1.188,
Brazil,2021-04-25,57803.3,0.921,
Brazil,2021-04-26,57803.3,0.921,
Brazil,2021-04-27,57803.3,0.921,
Brazil,2021-04-28,57803.3,0.921,
Brazil,2021-04-29,57803.3,0.921,
Brazil,2021-04-30,57803.3,0.921,
Brazil,2021-05-01,57803.3,0.921,
Brazil,2021-05-02,60276.1,1.005,
Brazil,2021-05-03,60276.1,1.005,
Brazil,2021-05-04,60276.1,1.005,
Brazil,2021-05-05,60276.1,1.005,
Brazil,2021-05-06,60276.1,1.005,
Brazil,2021-05-07,60276.1,1.005,
Brazil,2021-05-08,60276.1,1.005,
Brazil,2021-05-09,60491.1,1.013,
Brazil,2021-05-10,60491.1,1.013,
Brazil,2021-05-11,60491.1,1.013,
Brazil,2021-05-12,60491.1,1.013,
Brazil,2021-05-13,60491.1,1.013,
Brazil,2021-05-14,60491.1,1.013,
Brazil,2021-05-15,60491.1,1.013,
Brazil,2021-05-16,62439.4,1.079,
Brazil,2021-05-17,62439.4,1.079,
Brazil,2021-05-18,62439.4,1.079,
Brazil,2021-05-19,62439.4,1.079,
Brazil,2021-05-20,62439.4,1.079,
Brazil,2021-05-21,62439.4,1.079,
Brazil,2021-05-22,62439.4,1.079,
Brazil,2021-05-23,64489.1,1.149,
Brazil,2021-05-24,64489.1,1.149,
Brazil,2021-05-25,64489.1,1.149,
Brazil,2021-05-26,64489.1,1.149,
Brazil,2021-05-27,64489.1,1.149,
Brazil,2021-05-28,64489.1,1.149,
Brazil,2021-05-29,64489.1,1.149,
Brazil,2021-05-30,60140.1,1.001,
Brazil,2021-05-31,60140.1,1.001,
Brazil,2021-06-01,60140.1,1.001,
Brazil,2021-06-02,60140.1,1.001,
Brazil,2021-06-03,60140.1,1.001,
Brazil,2021-06-04,60140.1,1.001,
Brazil,2021-06-05,60140.1,1.001,
Brazil,2021-06-06,64211.1,1.14,
Brazil,2021-06-07,64211.1,1.14,
Brazil,2021-06-08,64211.1,1.14,
Brazil,2021-06-09,64211.1,1.14,
Brazil,2021-06-10,64211.1,1.14,
Brazil,2021-06-11,64211.1,1.14,
Brazil,2021-06-12,64211.1,1.14,
Brazil,2021-06-13,64958.6,1.166,
Brazil,2021-06-14,64958.6,1.166,
Brazil,2021-06-15,64958.6,1.166,
Brazil,2021-06-16,64958.6,1.166,
Brazil,2021-06-17,64958.6,1.166,
Brazil,2021-06-18,64958.6,1.166,
Brazil,2021-06-19,64958.6,1.166,
Brazil,2021-06-20,72192.0,1.413,
Brazil,2021-06-21,72192.0,1.413,
Brazil,2021-06-22,72192.0,1.413,
Brazil,2021-06-23,72192.0,1.413,
Brazil,2021-06-24,72192.0,1.413,
Brazil,2021-06-25,72192.0,1.413,
Brazil,2021-06-26,72192.0,1.413,
Brazil,2021-06-27,74471.1,1.491,
Brazil,2021-06-28,74471.1,1.491,
Brazil,2021-06-29,74471.1,1.491,
Brazil,2021-06-30,74471.1,1.491,
Brazil,2021-07-01,74471.1,1.491,
Brazil,2021-07-02,74471.1,1.491,
Brazil,2021-07-03,74471.1,1.491,
Brazil,2021-07-04,52101.3,0.726,
Brazil,2021-07-05,52101.3,0.726,
Brazil,2021-07-06,52101.3,0.726,
Brazil,2021-07-07,52101.3,0.726,
Brazil,2021-07-08,52101.3,0.726,
Brazil,2021-07-09,52101.3,0.726,
Brazil,2021-07-10,52101.3,0.726,
Brazil,2021-07-11,47575.7,0.571,
Brazil,2021-07-12,47575.7,0.571,
Brazil,2021-07-13,47575.7,0.571,
Brazil,2021-07-14,47575.7,0.571,
Brazil,2021-07-15,47575.7,0.571,
Brazil,2021-07-16,47575.7,0.571,
Brazil,2021-07-17,47575.7,0.571,
Brazil,2021-07-18,41087.1,0.349,
Brazil,2021-07-19,41087.1,0.349,
Brazil,2021-07-20,41087.1,0.349,
Brazil,2021-07-21,41087.1,0.349,
Brazil,2021-07-22,41087.1,0.349,
Brazil,2021-07-23,41087.1,0.349,
Brazil,2021-07-24,41087.1,0.349,
Brazil,2021-07-25,46333.4,0.528,
Brazil,2021-07-26,46333.4,0.528,
Brazil,2021-07-27,46333.4,0.528,
Brazil,2021-07-28,46333.4,0.528,
Brazil,2021-07-29,46333.4,0.528,
Brazil,2021-07-30,46333.4,0.528,
Brazil,2021-07-31,46333.4,0.528,
Brazil,2021-08-01,35404.3,0.154,
Brazil,2021-08-02,35404.3,0.154,
Brazil,2021-08-03,35404.3,0.154,
Brazil,2021-08-04,35404.3,0.154,
Brazil,2021-08-05,35404.3,0.154,
Brazil,2021-08-06,35404.3,0.154,
Brazil,2021-08-07,35404.3,0.154,
Brazil,2021-08-08,32639.0,0.06,
Brazil,2021-08-09,32639.0,0.06,
Brazil,2021-08-10,32639.0,0.06,
Brazil,2021-08-11,32639.0,0.06,
Brazil,2021-08-12,32639.0,0.06,
Brazil,2021-08-13,32639.0,0.06,
Brazil,2021-08-14,32639.0,0.06,
Brazil,2021-08-15,30036.3,-0.029,
Brazil,2021-08-16,30036.3,-0.029,
Brazil,2021-08-17,30036.3,-0.029,
Brazil,2021-08-18,30036.3,-0.029,
Brazil,2021-08-19,30036.3,-0.029,
Brazil,2021-08-20,30036.3,-0.029,
Brazil,2021-08-21,30036.3,-0.029,
Brazil,2021-08-22,29871.3,-0.035,
Brazil,2021-08-23,29871.3,-0.035,
Brazil,2021-08-24,29871.3,-0.035,
Brazil,2021-08-25,29871.3,-0.035,
Brazil,2021-08-26,29871.3,-0.035,
Brazil,2021-08-27,29871.3,-0.035,
Brazil,2021-08-28,29871.3,-0.035,
Brazil,2021-08-29,25115.3,-0.198,
Brazil,2021-08-30,25115.3,-0.198,
Brazil,2021-08-31,25115.3,-0.198,
Brazil,2021-09-01,25115.3,-0.198,
Brazil,2021-09-02,25115.3,-0.198,
Brazil,2021-09-03,25115.3,-0.198,
Brazil,2021-09-04,25115.3,-0.198,
Brazil,2021-09-05,21736.3,-0.313,
Brazil,2021-09-06,21736.3,-0.313,
Brazil,2021-09-07,21736.3,-0.313,
Brazil,2021-09-08,21736.3,-0.313,
Brazil,2021-09-09,21736.3,-0.313,
Brazil,2021-09-10,21736.3,-0.313,
Brazil,2021-09-11,21736.3,-0.313,
Brazil,2021-09-12,16970.0,-0.476,
Brazil,2021-09-13,16970.0,-0.476,
Brazil,2021-09-14,16970.0,-0.476,
Brazil,2021-09-15,16970.0,-0.476,
Brazil,2021-09-16,16970.0,-0.476,
Brazil,2021-09-17,16970.0,-0.476,
Brazil,2021-09-18,16970.0,-0.476,
Brazil,2021-09-19,15052.7,-0.542,
Brazil,2021-09-20,15052.7,-0.542,
Brazil,2021-09-21,15052.7,-0.542,
Brazil,2021-09-22,15052.7,-0.542,
Brazil,2021-09-23,15052.7,-0.542,
Brazil,2021-09-24,15052.7,-0.542,
Brazil,2021-09-25,15052.7,-0.542,
Brazil,2021-09-26,35342.4,0.152,
Brazil,2021-09-27,35342.4,0.152,
Brazil,2021-09-28,35342.4,0.152,
Brazil,2021-09-29,35342.4,0.152,
Brazil,2021-09-30,35342.4,0.152,
Brazil,2021-10-01,35342.4,0.152,
Brazil,2021-10-02,35342.4,0.152,
Brazil,2021-10-03,16862.1,-0.48,
Brazil,2021-10-04,16862.1,-0.48,
Brazil,2021-10-05,16862.1,-0.48,
Brazil,2021-10-06,16862.1,-0.48,
Brazil,2021-10-07,16862.1,-0.48,
Brazil,2021-10-08,16862.1,-0.48,
Brazil,2021-10-09,16862.1,-0.48,
Brazil,2021-10-10,15011.3,-0.543,
Brazil,2021-10-11,15011.3,-0.543,
Brazil,2021-10-12,15011.3,-0.543,
Brazil,2021-10-13,15011.3,-0.543,
Brazil,2021-10-14,15011.3,-0.543,
Brazil,2021-10-15,15011.3,-0.543,
Brazil,2021-10-16,15011.3,-0.543,
Brazil,2021-10-17,10963.7,-0.682,
Brazil,2021-10-18,10963.7,-0.682,
Brazil,2021-10-19,10963.7,-0.682,
Brazil,2021-10-20,10963.7,-0.682,
Brazil,2021-10-21,10963.7,-0.682,
Brazil,2021-10-22,10963.7,-0.682,
Brazil,2021-10-23,10963.7,-0.682,
Brazil,2021-10-24,12052.4,-0.645,
Brazil,2021-10-25,12052.4,-0.645,
Brazil,2021-10-26,12052.4,-0.645,
Brazil,2021-10-27,12052.4,-0.645,
Brazil,2021-10-28,12052.4,-0.645,
Brazil,2021-10-29,12052.4,-0.645,
Brazil,2021-10-30,12052.4,-0.645,
Brazil,2021-10-31,11651.1,-0.658,
Brazil,2021-11-01,11651.1,-0.658,
Brazil,2021-11-02,11651.1,-0.658,
Brazil,2021-11-03,11651.1,-0.658,
Brazil,2021-11-04,11651.1,-0.658,
Brazil,2021-11-05,11651.1,-0.658,
Brazil,2021-11-06,11651.1,-0.658,
Brazil,2021-11-07,9865.3,-0.719,
Brazil,2021-11-08,9865.3,-0.719,
Brazil,2021-11-09,9865.3,-0.719,
Brazil,2021-11-10,9865.3,-0.719,
Brazil,2021-11-11,9865.3,-0.719,
Brazil,2021-11-12,9865.3,-0.719,
Brazil,2021-11-13,9865.3,-0.719,
Brazil,2021-11-14,10962.6,-0.682,
Brazil,2021-11-15,10962.6,-0.682,
Brazil,2021-11-16,10962.6,-0.682,
Brazil,2021-11-17,10962.6,-0.682,
Brazil,2021-11-18,10962.6,-0.682,
Brazil,2021-11-19,10962.6,-0.682,
Brazil,2021-11-20,10962.6,-0.682,
Brazil,2021-11-21,9160.1,-0.744,
Brazil,2021-11-22,9160.1,-0.744,
Brazil,2021-11-23,9160.1,-0.744,
Brazil,2021-11-24,9160.1,-0.744,
Brazil,2021-11-25,9160.1,-0.744,
Brazil,2021-11-26,9160.1,-0.744,
Brazil,2021-11-27,9160.1,-0.744,
Brazil,2021-11-28,9187.6,-0.743,
Brazil,2021-11-29,9187.6,-0.743,
Brazil,2021-11-30,9187.6,-0.743,
Brazil,2021-12-01,9187.6,-0.743,
Brazil,2021-12-02,9187.6,-0.743,
Brazil,2021-12-03,9187.6,-0.743,
Brazil,2021-12-04,9187.6,-0.743,
Brazil,2021-12-05,8825.6,-0.755,
Brazil,2021-12-06,8825.6,-0.755,
Brazil,2021-12-07,8825.6,-0.755,
Brazil,2021-12-08,8825.6,-0.755,
Brazil,2021-12-09,8825.6,-0.755,
Brazil,2021-12-10,8825.6,-0.755,
Brazil,2021-12-11,8825.6,-0.755,
Brazil,2021-12-12,7916.4,-0.786,
Brazil,2021-12-13,7916.4,-0.786,
Brazil,2021-12-14,7916.4,-0.786,
Brazil,2021-12-15,7916.4,-0.786,
Brazil,2021-12-16,7916.4,-0.786,
Brazil,2021-12-17,7916.4,-0.786,
Brazil,2021-12-18,7916.4,-0.786,
Brazil,2021-12-19,3456.6,-0.939,
Brazil,2021-12-20,3456.6,-0.939,
Brazil,2021-12-21,3456.6,-0.939,
Brazil,2021-12-22,3456.6,-0.939,
Brazil,2021-12-23,3456.6,-0.939,
Brazil,2021-12-24,3456.6,-0.939,
Brazil,2021-12-25,3456.6,-0.939,
Brazil,2021-12-26,3102.4,-0.951,
Brazil,2021-12-27,3102.4,-0.951,
Brazil,2021-12-28,3102.4,-0.951,
Brazil,2021-12-29,3102.4,-0.951,
Brazil,2021-12-30,3102.4,-0.951,
Brazil,2021-12-31,3102.4,-0.951,
Brazil,2022-01-01,3102.4,-0.951,
Brazil,2022-01-02,8112.0,-0.779,
Brazil,2022-01-03,8112.0,-0.779,
Brazil,2022-01-04,8112.0,-0.779,
Brazil,2022-01-05,8112.0,-0.779,
Brazil,2022-01-06,8112.0,-0.779,
Brazil,2022-01-07,8112.0,-0.779,
Brazil,2022-01-08,8112.0,-0.779,
Brazil,2022-01-09,23243.0,-0.262,
Brazil,2022-01-10,23243.0,-0.262,
Brazil,2022-01-11,23243.0,-0.262,
Brazil,2022-01-12,23243.0,-0.262,
Brazil,2022-01-13,23243.0,-0.262,
Brazil,2022-01-14,23243.0,-0.262,
Brazil,2022-01-15,23243.0,-0.262,
Brazil,2022-01-16,68140.1,1.274,
Brazil,2022-01-17,68140.1,1.274,
Brazil,2022-01-18,68140.1,1.274,
Brazil,2022-01-19,68140.1,1.274,
Brazil,2022-01-20,68140.1,1.274,
Brazil,2022-01-21,68140.1,1.274,
Brazil,2022-01-22,68140.1,1.274,
Brazil,2022-01-23,117797.0,2.973,Y
Brazil,2022-01-24,117797.0,2.973,Y
Brazil,2022-01-25,117797.0,2.973,Y
Brazil,2022-01-26,117797.0,2.973,Y
Brazil,2022-01-27,117797.0,2.973,Y
Brazil,2022-01-28,117797.0,2.973,Y
Brazil,2022-01-29,117797.0,2.973,Y
Brazil,2022-01-30,183289.1,5.214,Y
Brazil,2022-01-31,183289.1,5.214,Y
Brazil,2022-02-01,183289.1,5.214,Y
Brazil,2022-02-02,183289.1,5.214,Y
Brazil,2022-02-03,183289.1,5.214,Y
Brazil,2022-02-04,183289.1,5.214,Y
Brazil,2022-02-05,183289.1,5.214,Y
Brazil,2022-02-06,177289.3,5.009,Y
Brazil,2022-02-07,177289.3,5.009,Y
Brazil,2022-02-08,177289.3,5.009,Y
Brazil,2022-02-09,177289.3,5.009,Y
Brazil,2022-02-10,177289.3,5.009,Y
Brazil,2022-02-11,177289.3,5.009,Y
Brazil,2022-02-12,177289.3,5.009,Y
Brazil,2022-02-13,144239.7,3.878,Y
Brazil,2022-02-14,144239.7,3.878,Y
Brazil,2022-02-15,144239.7,3.878,Y
Brazil,2022-02-16,144239.7,3.878,Y
Brazil,2022-02-17,144239.7,3.878,Y
Brazil,2022-02-18,144239.7,3.878,Y
Brazil,2022-02-19,144239.7,3.878,Y
Brazil,2022-02-20,110479.0,2.723,Y
Brazil,2022-02-21,110479.0,2.723,Y
Brazil,2022-02-22,110479.0,2.723,Y
Brazil,2022-02-23,110479.0,2.723,Y
Brazil,2022-02-24,110479.0,2.723,Y
Brazil,2022-02-25,110479.0,2.723,Y
Brazil,2022-02-26,110479.0,2.723,Y
Brazil,2022-02-27,74255.0,1.484,
Brazil,2022-02-28,74255.0,1.484,
Brazil,2022-03-01,74255.0,1.484,
Brazil,2022-03-02,74255.0,1.484,
Brazil,2022-03-03,74255.0,1.484,
Brazil,2022-03-04,74255.0,1.484,
Brazil,2022-03-05,74255.0,1.484,
Brazil,2022-03-06,56450.3,0.874,
Brazil,2022-03-07,56450.3,0.874,
Brazil,2022-03-08,56450.3,0.874,
Brazil,2022-03-09,56450.3,0.874,
Brazil,2022-03-10,56450.3,0.874,
Brazil,2022-03-11,56450.3,0.874,
Brazil,2022-03-12,56450.3,0.874,
Brazil,2022-03-13,47330.7,0.562,
Brazil,2022-03-14,47330.7,0.562,
Brazil,2022-03-15,47330.7,0.562,
Brazil,2022-03-16,47330.7,0.562,
Brazil,2022-03-17,47330.7,0.562,
Brazil,2022-03-18,47330.7,0.562,
Brazil,2022-03-19,47330.7,0.562,
Brazil,2022-03-20,38285.4,0.253,
Brazil,2022-03-21,38285.4,0.253,
Brazil,2022-03-22,38285.4,0.253,
Brazil,2022-03-23,38285.4,0.253,
Brazil,2022-03-24,38285.4,0.253,
Brazil,2022-03-25,38285.4,0.253,
Brazil,2022-03-26,38285.4,0.253,
Brazil,2022-03-27,32735.0,0.063,
Brazil,2022-03-28,32735.0,0.063,
Brazil,2022-03-29,32735.0,0.063,
Brazil,2022-03-30,32735.0,0.063,
Brazil,2022-03-31,32735.0,0.063,
Brazil,2022-04-01,32735.0,0.063,
Brazil,2022-04-02,32735.0,0.063,
Brazil,2022-04-03,24701.1,-0.212,
Brazil,2022-04-04,24701.1,-0.212,
Brazil,2022-04-05,24701.1,-0.212,
Brazil,2022-04-06,24701.1,-0.212,
Brazil,2022-04-07,24701.1,-0.212,
Brazil,2022-04-08,24701.1,-0.212,
Brazil,2022-04-09,24701.1,-0.212,
Brazil,2022-04-10,21256.9,-0.33,
Brazil,2022-04-11,21256.9,-0.33,
Brazil,2022-04-12,21256.9,-0.33,
Brazil,2022-04-13,21256.9,-0.33,
Brazil,2022-04-14,21256.9,-0.33,
Brazil,2022-04-15,21256.9,-0.33,
Brazil,2022-04-16,21256.9,-0.33,
Brazil,2022-04-17,17619.9,-0.454,
Brazil,2022-04-18,17619.9,-0.454,
Brazil,2022-04-19,17619.9,-0.454,
Brazil,2022-04-20,17619.9,-0.454,
Brazil,2022-04-21,17619.9,-0.454,
Brazil,2022-04-22,17619.9,-0.454,
Brazil,2022-04-23,17619.9,-0.454,
Brazil,2022-04-24,13056.4,-0.61,
Brazil,2022-04-25,13056.4,-0.61,
Brazil,2022-04-26,13056.4,-0.61,
Brazil,2022-04-27,13056.4,-0.61,
Brazil,2022-04-28,13056.4,-0.61,
Brazil,2022-04-29,13056.4,-0.61,
Brazil,2022-04-30,13056.4,-0.61,
Brazil,2022-05-01,13477.9,-0.596,
Brazil,2022-05-02,13477.9,-0.596,
Brazil,2022-05-03,13477.9,-0.596,
Brazil,2022-05-04,13477.9,-0.596,
Brazil,2022-05-05,13477.9,-0.596,
Brazil,2022-05-06,13477.9,-0.596,
Brazil,2022-05-07,13477.9,-0.596,
Brazil,2022-05-08,15838.0,-0.515,
Brazil,2022-05-09,15838.0,-0.515,
Brazil,2022-05-10,15838.0,-0.515,
Brazil,2022-05-11,15838.0,-0.515,
Brazil,2022-05-12,15838.0,-0.515,
Brazil,2022-05-13,15838.0,-0.515,
Brazil,2022-05-14,15838.0,-0.515,
Brazil,2022-05-15,17261.6,-0.466,
Brazil,2022-05-16,17261.6,-0.466,
Brazil,2022-05-17,17261.6,-0.466,
Brazil,2022-05-18,17261.6,-0.466,
Brazil,2022-05-19,17261.6,-0.466,
Brazil,2022-05-20,17261.6,-0.466,
Brazil,2022-05-21,17261.6,-0.466,
Brazil,2022-05-22,13953.4,-0.58,
Brazil,2022-05-23,13953.4,-0.58,
Brazil,2022-05-24,13953.4,-0.58,
Brazil,2022-05-25,13953.4,-0.58,
Brazil,2022-05-26,13953.4,-0.58,
Brazil,2022-05-27,13953.4,-0.58,
Brazil,2022-05-28,13953.4,-0.58,
Brazil,2022-05-29,22676.0,-0.281,
Brazil,2022-05-30,22676.0,-0.281,
Brazil,2022-05-31,22676.0,-0.281,
Brazil,2022-06-01,22676.0,-0.281,
Brazil,2022-06-02,22676.0,-0.281,
Brazil,2022-06-03,22676.0,-0.281,
Brazil,2022-06-04,22676.0,-0.281,
Brazil,2022-06-05,30904.9,0.0,
Brazil,2022-06-06,30904.9,0.0,
Brazil,2022-06-07,30904.9,0.0,
Brazil,2022-06-08,30904.9,0.0,
Brazil,2022-06-09,30904.9,0.0,
Brazil,2022-06-10,30904.9,0.0,
Brazil,2022-06-11,30904.9,0.0,
Brazil,2022-06-12,39980.3,0.311,
Brazil,2022-06-13,39980.3,0.311,
Brazil,2022-06-14,39980.3,0.311,
Brazil,2022-06-15,39980.3,0.311,
Brazil,2022-06-16,39980.3,0.311,
Brazil,2022-06-17,39980.3,0.311,
Brazil,2022-06-18,39980.3,0.311,
Brazil,2022-06-19,36576.3,0.194,
Brazil,2022-06-20,36576.3,0.194,
Brazil,2022-06-21,36576.3,0.194,
Brazil,2022-06-22,36576.3,0.194,
Brazil,2022-06-23,36576.3,0.194,
Brazil,2022-06-24,36576.3,0.194,
Brazil,2022-06-25,36576.3,0.194,
Brazil,2022-06-26,49970.1,0.653,
Brazil,2022-06-27,49970.1,0.653,
Brazil,2022-06-28,49970.1,0.653,
Brazil,2022-06-29,49970.1,0.653,
Brazil,2022-06-30,49970.1,0.653,
Brazil,2022-07-01,49970.1,0.653,
Brazil,2022-07-02,49970.1,0.653,
Brazil,2022-07-03,58699.6,0.951,
Brazil,2022-07-04,58699.6,0.951,
Brazil,2022-07-05,58699.6,0.951,
Brazil,2022-07-06,58699.6,0.951,
Brazil,2022-07-07,58699.6,0.951,
Brazil,2022-07-08,58699.6,0.951,
Brazil,2022-07-09,58699.6,0.951,
Brazil,2022-07-10,56683.0,0.882,
Brazil,2022-07-11,56683.0,0.882,
Brazil,2022-07-12,56683.0,0.882,
Brazil,2022-07-13,56683.0,0.882,
Brazil,2022-07-14,56683.0,0.882,
Brazil,2022-07-15,56683.0,0.882,
Brazil,2022-07-16,56683.0,0.882,
Brazil,2022-07-17,59896.1,0.992,
Brazil,2022-07-18,59896.1,0.992,
Brazil,2022-07-19,59896.1,0.992,
Brazil,2022-07-20,59896.1,0.992,
Brazil,2022-07-21,59896.1,0.992,
Brazil,2022-07-22,59896.1,0.992,
Brazil,2022-07-23,59896.1,0.992,
Brazil,2022-07-24,36515.7,0.192,
Brazil,2022-07-25,36515.7,0.192,
Brazil,2022-07-26,36515.7,0.192,
Brazil,2022-07-27,36515.7,0.192,
Brazil,2022-07-28,36515.7,0.192,
Brazil,2022-07-29,36515.7,0.192,
Brazil,2022-07-30,36515.7,0.192,
Brazil,2022-07-31,40710.1,0.336,
Brazil,2022-08-01,40710.1,0.336,
Brazil,2022-08-02,40710.1,0.336,
Brazil,2022-08-03,40710.1,0.336,
Brazil,2022-08-04,40710.1,0.336,
Brazil,2022-08-05,40710.1,0.336,
Brazil,2022-08-06,40710.1,0.336,
Brazil,2022-08-07,29110.3,-0.061,
Brazil,2022-08-08,29110.3,-0.061,
Brazil,2022-08-09,29110.3,-0.061,
Brazil,2022-08-10,29110.3,-0.061,
Brazil,2022-08-11,29110.3,-0.061,
Brazil,2022-08-12,29110.3,-0.061,
Brazil,2022-08-13,29110.3,-0.061,
Brazil,2022-08-14,21951.6,-0.306,
Brazil,2022-08-15,21951.6,-0.306,
Brazil,2022-08-16,21951.6,-0.306,
Brazil,2022-08-17,21951.6,-0.306,
Brazil,2022-08-18,21951.6,-0.306,
Brazil,2022-08-19,21951.6,-0.306,
Brazil,2022-08-20,21951.6,-0.306,
Brazil,2022-08-21,16586.6,-0.49,
Brazil,2022-08-22,16586.6,-0.49,
Brazil,2022-08-23,16586.6,-0.49,
Brazil,2022-08-24,16586.6,-0.49,
Brazil,2022-08-25,16586.6,-0.49,
Brazil,2022-08-26,16586.6,-0.49,
Brazil,2022-08-27,16586.6,-0.49,
Brazil,2022-08-28,14953.1,-0.545,
Brazil,2022-08-29,14953.1,-0.545,
Brazil,2022-08-30,14953.1,-0.545,
Brazil,2022-08-31,14953.1,-0.545,
Brazil,2022-09-01,14953.1,-0.545,
Brazil,2022-09-02,14953.1,-0.545,
Brazil,2022-09-03,14953.1,-0.545,
Brazil,2022-09-04,12462.3,-0.631,
Brazil,2022-09-05,12462.3,-0.631,
Brazil,2022-09-06,12462.3,-0.631,
Brazil,2022-09-07,12462.3,-0.631,
Brazil,2022-09-08,12462.3,-0.631,
Brazil,2022-09-09,12462.3,-0.631,
Brazil,2022-09-10,12462.3,-0.631,
Brazil,2022-09-11,8656.3,-0.761,
Brazil,2022-09-12,8656.3,-0.761,
Brazil,2022-09-13,8656.3,-0.761,
Brazil,2022-09-14,8656.3,-0.761,
Brazil,2022-09-15,8656.3,-0.761,
Brazil,2022-09-16,8656.3,-0.761,
Brazil,2022-09-17,8656.3,-0.761,
Brazil,2022-09-18,8906.6,-0.752,
Brazil,2022-09-19,8906.6,-0.752,
Brazil,2022-09-20,8906.6,-0.752,
Brazil,2022-09-21,8906.6,-0.752,
Brazil,2022-09-22,8906.6,-0.752,
Brazil,2022-09-23,8906.6,-0.752,
Brazil,2022-09-24,8906.6,-0.752,
Brazil,2022-09-25,6477.4,-0.835,
Brazil,2022-09-26,6477.4,-0.835,
Brazil,2022-09-27,6477.4,-0.835,
Brazil,2022-09-28,6477.4,-0.835,
Brazil,2022-09-29,6477.4,-0.835,
Brazil,2022-09-30,6477.4,-0.835,
Brazil,2022-10-01,6477.4,-0.835,
Brazil,2022-10-02,6871.0,-0.822,
Brazil,2022-10-03,6871.0,-0.822,
Brazil,2022-10-04,6871.0,-0.822,
Brazil,2022-10-05,6871.0,-0.822,
Brazil,2022-10-06,6871.0,-0.822,
Brazil,2022-10-07,6871.0,-0.822,
Brazil,2022-10-08,6871.0,-0.822,
Brazil,2022-10-09,6087.6,-0.849,
Brazil,2022-10-10,6087.6,-0.849,
Brazil,2022-10-11,6087.6,-0.849,
Brazil,2022-10-12,6087.6,-0.849,
Brazil,2022-10-13,6087.6,-0.849,
Brazil,2022-10-14,6087.6,-0.849,
Brazil,2022-10-15,6087.6,-0.849,
Brazil,2022-10-16,4475.0,-0.904,
Brazil,2022-10-17,4475.0,-0.904,
Brazil,2022-10-18,4475.0,-0.904,
Brazil,2022-10-19,4475.0,-0.904,
Brazil,2022-10-20,4475.0,-0.904,
Brazil,2022-10-21,4475.0,-0.904,
Brazil,2022-10-22,4475.0,-0.904,
Brazil,2022-10-23,4882.9,-0.89,
Brazil,2022-10-24,4882.9,-0.89,
Brazil,2022-10-25,4882.9,-0.89,
Brazil,2022-10-26,4882.9,-0.89,
Brazil,2022-10-27,4882.9,-0.89,
Brazil,2022-10-28,4882.9,-0.89,
Brazil,2022-10-29,4882.9,-0.89,
Brazil,2022-10-30,5940.7,-0.854,
Brazil,2022-10-31,5940.7,-0.854,
Brazil,2022-11-01,5940.7,-0.854,
Brazil,2022-11-02,5940.7,-0.854,
Brazil,2022-11-03,5940.7,-0.854,
Brazil,2022-11-04,5940.7,-0.854,
Brazil,2022-11-05,5940.7,-0.854,
Brazil,2022-11-06,3833.7,-0.926,
Brazil,2022-11-07,3833.7,-0.926,
Brazil,2022-11-08,3833.7,-0.926,
Brazil,2022-11-09,3833.7,-0.926,
Brazil,2022-11-10,3833.7,-0.926,
Brazil,2022-11-11,3833.7,-0.926,
Brazil,2022-11-12,3833.7,-0.926,
Brazil,2022-11-13,8447.9,-0.768,
Brazil,2022-11-14,8447.9,-0.768,
Brazil,2022-11-15,8447.9,-0.768,
Brazil,2022-11-16,8447.9,-0.768,
Brazil,2022-11-17,8447.9,-0.768,
Brazil,2022-11-18,8447.9,-0.768,
Brazil,2022-11-19,8447.9,-0.768,
Brazil,2022-11-20,13042.4,-0.611,
Brazil,2022-11-21,13042.4,-0.611,
Brazil,2022-11-22,13042.4,-0.611,
Brazil,2022-11-23,13042.4,-0.611,
Brazil,2022-11-24,13042.4,-0.611,
Brazil,2022-11-25,13042.4,-0.611,
Brazil,2022-11-26,13042.4,-0.611,
Brazil,2022-11-27,21429.7,-0.324,
Brazil,2022-11-28,21429.7,-0.324,
Brazil,2022-11-29,21429.7,-0.324,
Brazil,2022-11-30,21429.7,-0.324,
Brazil,2022-12-01,21429.7,-0.324,
Brazil,2022-12-02,21429.7,-0.324,
Brazil,2022-12-03,21429.7,-0.324,
Brazil,2022-12-04,26863.3,-0.138,
Brazil,2022-12-05,26863.3,-0.138,
Brazil,2022-12-06,26863.3,-0.138,
Brazil,2022-12-07,26863.3,-0.138,
Brazil,2022-12-08,26863.3,-0.138,
Brazil,2022-12-09,26863.3,-0.138,
Brazil,2022-12-10,26863.3,-0.138,
Brazil,2022-12-11,27738.6,-0.108,
Brazil,2022-12-12,27738.6,-0.108,
Brazil,2022-12-13,27738.6,-0.108,
Brazil,2022-12-14,27738.6,-0.108,
Brazil,2022-12-15,27738.6,-0.108,
Brazil,2022-12-16,27738.6,-0.108,
Brazil,2022-12-17,27738.6,-0.108,
Brazil,2022-12-18,48258.6,0.594,
Brazil,2022-12-19,48258.6,0.594,
Brazil,2022-12-20,48258.6,0.594,
Brazil,2022-12-21,48258.6,0.594,
Brazil,2022-12-22,48258.6,0.594,
Brazil,2022-12-23,48258.6,0.594,
Brazil,2022-12-24,48258.6,0.594,
Brazil,2022-12-25,36401.6,0.188,
Brazil,2022-12-26,36401.6,0.188,
Brazil,2022-12-27,36401.6,0.188,
Brazil,2022-12-28,36401.6,0.188,
Brazil,2022-12-29,36401.6,0.188,
Brazil,2022-12-30,36401.6,0.188,
Brazil,2022-12-31,36401.6,0.188,
Brazil,2023-01-01,29563.4,-0.046,
Brazil,2023-01-02,29563.4,-0.046,
Brazil,2023-01-03,29563.4,-0.046,
Brazil,2023-01-04,29563.4,-0.046,
Brazil,2023-01-05,29563.4,-0.046,
Brazil,2023-01-06,29563.4,-0.046,
Brazil,2023-01-07,29563.4,-0.046,
Brazil,2023-01-08,20847.6,-0.344,
Brazil,2023-01-09,20847.6,-0.344,
Brazil,2023-01-10,20847.6,-0.344,
Brazil,2023-01-11,20847.6,-0.344,
Brazil,2023-01-12,20847.6,-0.344,
Brazil,2023-01-13,20847.6,-0.344,
Brazil,2023-01-14,20847.6,-0.344,
Brazil,2023-01-15,17245.9,-0.467,
Brazil,2023-01-16,17245.9,-0.467,
Brazil,2023-01-17,17245.9,-0.467,
Brazil,2023-01-18,17245.9,-0.467,
Brazil,2023-01-19,17245.9,-0.467,
Brazil,2023-01-20,17245.9,-0.467,
Brazil,2023-01-21,17245.9,-0.467,
Brazil,2023-01-22,16416.6,-0.495,
Brazil,2023-01-23,16416.6,-0.495,
Brazil,2023-01-24,16416.6,-0.495,
Brazil,2023-01-25,16416.6,-0.495,
Brazil,2023-01-26,16416.6,-0.495,
Brazil,2023-01-27,16416.6,-0.495,
Brazil,2023-01-28,16416.6,-0.495,
Brazil,2023-01-29,11202.3,-0.674,
Brazil,2023-01-30,11202.3,-0.674,
Brazil,2023-01-31,11202.3,-0.674,
Brazil,2023-02-01,11202.3,-0.674,
Brazil,2023-02-02,11202.3,-0.674,
Brazil,2023-02-03,11202.3,-0.674,
Brazil,2023-02-04,11202.3,-0.674,
Brazil,2023-02-05,10770.1,-0.689,
Brazil,2023-02-06,10770.1,-0.689,
Brazil,2023-02-07,10770.1,-0.689,
Brazil,2023-02-08,10770.1,-0.689,
Brazil,2023-02-09,10770.1,-0.689,
Brazil,2023-02-10,10770.1,-0.689,
Brazil,2023-02-11,10770.1,-0.689,
Brazil,2023-02-12,9097.3,-0.746,
Brazil,2023-02-13,9097.3,-0.746,
Brazil,2023-02-14,9097.3,-0.746,
Brazil,2023-02-15,9097.3,-0.746,
Brazil,2023-02-16,9097.3,-0.746,
Brazil,2023-02-17,9097.3,-0.746,
Brazil,2023-02-18,9097.3,-0.746,
Brazil,2023-02-19,8191.9,-0.777,
Brazil,2023-02-20,8191.9,-0.777,
Brazil,2023-02-21,8191.9,-0.777,
Brazil,2023-02-22,8191.9,-0.777,
Brazil,2023-02-23,8191.9,-0.777,
Brazil,2023-02-24,8191.9,-0.777,
Brazil,2023-02-25,8191.9,-0.777,
Brazil,2023-02-26,4692.7,-0.896,
Brazil,2023-02-27,4692.7,-0.896,
Brazil,2023-02-28,4692.7,-0.896,
Brazil,2023-03-01,4692.7,-0.896,
Brazil,2023-03-02,4692.7,-0.896,
Brazil,2023-03-03,4692.7,-0.896,
Brazil,2023-03-04,4692.7,-0.896,
Brazil,2023-03-05,7931.7,-0.786,
Brazil,2023-03-06,7931.7,-0.786,
Brazil,2023-03-07,7931.7,-0.786,
Brazil,2023-03-08,7931.7,-0.786,
Brazil,2023-03-09,7931.7,-0.786,
Brazil,2023-03-10,7931.7,-0.786,
Brazil,2023-03-11,7931.7,-0.786,
Brazil,2023-03-12,1352.4,-1.011,
Brazil,2023-03-13,1352.4,-1.011,
Brazil,2023-03-14,1352.4,-1.011,
Brazil,2023-03-15,1352.4,-1.011,
Brazil,2023-03-16,1352.4,-1.011,
Brazil,2023-03-17,1352.4,-1.011,
Brazil,2023-03-18,1352.4,-1.011,
Brazil,2023-03-19,8570.6,-0.764,
Brazil,2023-03-20,8570.6,-0.764,
Brazil,2023-03-21,8570.6,-0.764,
Brazil,2023-03-22,8570.6,-0.764,
Brazil,2023-03-23,8570.6,-0.764,
Brazil,2023-03-24,8570.6,-0.764,
Brazil,2023-03-25,8570.6,-0.764,
Brazil,2023-03-26,8451.9,-0.768,
Brazil,2023-03-27,8451.9,-0.768,
Brazil,2023-03-28,8451.9,-0.768,
Brazil,2023-03-29,8451.9,-0.768,
Brazil,2023-03-30,8451.9,-0.768,
Brazil,2023-03-31,8451.9,-0.768,
Brazil,2023-04-01,8451.9,-0.768,
Brazil,2023-04-02,7712.3,-0.793,
Brazil,2023-04-03,7712.3,-0.793,
Brazil,2023-04-04,7712.3,-0.793,
Brazil,2023-04-05,7712.3,-0.793,
Brazil,2023-04-06,7712.3,-0.793,
Brazil,2023-04-07,7712.3,-0.793,
Brazil,2023-04-08,7712.3,-0.793,
Brazil,2023-04-09,8655.9,-0.761,
Brazil,2023-04-10,8655.9,-0.761,
Brazil,2023-04-11,8655.9,-0.761,
Brazil,2023-04-12,8655.9,-0.761,
Brazil,2023-04-13,8655.9,-0.761,
Brazil,2023-04-14,8655.9,-0.761,
Brazil,2023-04-15,8655.9,-0.761,
Brazil,2023-04-16,5548.3,-0.867,
Brazil,2023-04-17,5548.3,-0.867,
Brazil,2023-04-18,5548.3,-0.867,
Brazil,2023-04-19,5548.3,-0.867,
Brazil,2023-04-20,5548.3,-0.867,
Brazil,2023-04-21,5548.3,-0.867,
Brazil,2023-04-22,5548.3,-0.867,
Brazil,2023-04-23,7020.0,-0.817,
Brazil,2023-04-24,7020.0,-0.817,
Brazil,2023-04-25,7020.0,-0.817,
Brazil,2023-04-26,7020.0,-0.817,
Brazil,2023-04-27,7020.0,-0.817,
Brazil,2023-04-28,7020.0,-0.817,
Brazil,2023-04-29,7020.0,-0.817,
Brazil,2023-04-30,6026.6,-0.851,
Brazil,2023-05-01,6026.6,-0.851,
Brazil,2023-05-02,6026.6,-0.851,
Brazil,2023-05-03,6026.6,-0.851,
Brazil,2023-05-04,6026.6,-0.851,
Brazil,2023-05-05,6026.6,-0.851,
China,2020-01-10,0.1,-0.154,
China,2020-01-11,0.1,-0.154,
China,2020-01-12,6.3,-0.154,
China,2020-01-13,6.3,-0.154,
China,2020-01-14,6.3,-0.154,
China,2020-01-15,6.3,-0.154,
China,2020-01-16,6.3,-0.154,
China,2020-01-17,6.3,-0.154,
China,2020-01-18,6.3,-0.154,
China,2020-01-19,11.4,-0.154,
China,2020-01-20,11.4,-0.154,
China,2020-01-21,11.4,-0.154,
China,2020-01-22,11.4,-0.154,
China,2020-01-23,11.4,-0.154,
China,2020-01-24,11.4,-0.154,
China,2020-01-25,11.4,-0.154,
China,2020-01-26,265.7,-0.154,
China,2020-01-27,265.7,-0.154,
China,2020-01-28,265.7,-0.154,
China,2020-01-29,265.7,-0.154,
China,2020-01-30,265.7,-0.154,
China,2020-01-31,265.7,-0.154,
China,2020-02-01,265.7,-0.154,
China,2020-02-02,1775.1,-0.151,
China,2020-02-03,1775.1,-0.151,
China,2020-02-04,1775.1,-0.151,
China,2020-02-05,1775.1,-0.151,
China,2020-02-06,1775.1,-0.151,
China,2020-02-07,1775.1,-0.151,
China,2020-02-08,1775.1,-0.151,
China,2020-02-09,3262.9,-0.148,
China,2020-02-10,3262.9,-0.148,
China,2020-02-11,3262.9,-0.148,
China,2020-02-12,3262.9,-0.148,
China,2020-02-13,3262.9,-0.148,
China,2020-02-14,3262.9,-0.148,
China,2020-02-15,3262.9,-0.148,
China,2020-02-16,4476.1,-0.146,
China,2020-02-17,4476.1,-0.146,
China,2020-02-18,4476.1,-0.146,
China,2020-02-19,4476.1,-0.146,
China,2020-02-20,4476.1,-0.146,
China,2020-02-21,4476.1,-0.146,
China,2020-02-22,4476.1,-0.146,
China,2020-02-23,1208.3,-0.152,
China,2020-02-24,1208.3,-0.152,
China,2020-02-25,1208.3,-0.152,
China,2020-02-26,1208.3,-0.152,
China,2020-02-27,1208.3,-0.152,
China,2020-02-28,1208.3,-0.152,
China,2020-02-29,1208.3,-0.152,
China,2020-03-01,418.0,-0.154,
China,2020-03-02,418.0,-0.154,
China,2020-03-03,418.0,-0.154,
China,2020-03-04,418.0,-0.154,
China,2020-03-05,418.0,-0.154,
China,2020-03-06,418.0,-0.154,
China,2020-03-07,418.0,-0.154,
China,2020-03-08,127.3,-0.154,
China,2020-03-09,127.3,-0.154,
China,2020-03-10,127.3,-0.154,
China,2020-03-11,127.3,-0.154,
China,2020-03-12,127.3,-0.154,
China,2020-03-13,127.3,-0.154,
China,2020-03-14,127.3,-0.154,
China,2020-03-15,27.0,-0.154,
China,2020-03-16,27.0,-0.154,
China,2020-03-17,27.0,-0.154,
China,2020-03-18,27.0,-0.154,
China,2020-03-19,27.0,-0.154,
China,2020-03-20,27.0,-0.154,
China,2020-03-21,27.0,-0.154,
China,2020-03-22,64.3,-0.154,
China,2020-03-23,64.3,-0.154,
China,2020-03-24,64.3,-0.154,
China,2020-03-25,64.3,-0.154,
China,2020-03-26,64.3,-0.154,
China,2020-03-27,64.3,-0.154,
China,2020-03-28,64.3,-0.154,
China,2020-03-29,120.4,-0.154,
China,2020-03-30,120.4,-0.154,
China,2020-03-31,120.4,-0.154,
China,2020-04-01,120.4,-0.154,
China,2020-04-02,120.4,-0.154,
China,2020-04-03,120.4,-0.154,
China,2020-04-04,120.4,-0.154,
China,2020-04-05,84.1,-0.154,
China,2020-04-06,84.1,-0.154,
China,2020-04-07,84.1,-0.154,
China,2020-04-08,84.1,-0.154,
China,2020-04-09,84.1,-0.154,
China,2020-04-10,84.1,-0.154,
China,2020-04-11,84.1,-0.154,
China,2020-04-12,78.9,-0.154,
China,2020-04-13,78.9,-0.154,
China,2020-04-14,78.9,-0.154,
China,2020-04-15,78.9,-0.154,
China,2020-04-16,78.9,-0.154,
China,2020-04-17,78.9,-0.154,
China,2020-04-18,78.9,-0.154,
China,2020-04-19,102.7,-0.154,
China,2020-04-20,102.7,-0.154,
China,2020-04-21,102.7,-0.154,
China,2020-04-22,102.7,-0.154,
China,2020-04-23,102.7,-0.154,
China,2020-04-24,102.7,-0.154,
China,2020-04-25,102.7,-0.154,
China,2020-04-26,19.6,-0.154,
China,2020-04-27,19.6,-0.154,
China,2020-04-28,19.6,-0.154,
China,2020-04-29,19.6,-0.154,
China,2020-04-30,19.6,-0.154,
China,2020-05-01,19.6,-0.154,
China,2020-05-02,19.6,-0.154,
China,2020-05-03,7.9,-0.154,
China,2020-05-04,7.9,-0.154,
China,2020-05-05,7.9,-0.154,
China,2020-05-06,7.9,-0.154,
China,2020-05-07,7.9,-0.154,
China,2020-05-08,7.9,-0.154,
China,2020-05-09,7.9,-0.154,
China,2020-05-10,5.3,-0.154,
China,2020-05-11,5.3,-0.154,
China,2020-05-12,5.3,-0.154,
China,2020-05-13,5.3,-0.154,
China,2020-05-14,5.3,-0.154,
China,2020-05-15,5.3,-0.154,
China,2020-05-16,5.3,-0.154,
China,2020-05-17,7.7,-0.154,
China,2020-05-18,7.7,-0.154,
China,2020-05-19,7.7,-0.154,
China,2020-05-20,7.7,-0.154,
China,2020-05-21,7.7,-0.154,
China,2020-05-22,7.7,-0.154,
China,2020-05-23,7.7,-0.154,
China,2020-05-24,5.9,-0.154,
China,2020-05-25,5.9,-0.154,
China,2020-05-26,5.9,-0.154,
China,2020-05-27,5.9,-0.154,
China,2020-05-28,5.9,-0.154,
China,2020-05-29,5.9,-0.154,
China,2020-05-30,5.9,-0.154,
China,2020-05-31,6.4,-0.154,
China,2020-06-01,6.4,-0.154,
China,2020-06-02,6.4,-0.154,
China,2020-06-03,6.4,-0.154,
China,2020-06-04,6.4,-0.154,
China,2020-06-05,6.4,-0.154,
China,2020-06-06,6.4,-0.154,
China,2020-06-07,8.4,-0.154,
China,2020-06-08,8.4,-0.154,
China,2020-06-09,8.4,-0.154,
China,2020-06-10,8.4,-0.154,
China,2020-06-11,8.4,-0.154,
China,2020-06-12,8.4,-0.154,
China,2020-06-13,8.4,-0.154,
China,2020-06-14,14.3,-0.154,
China,2020-06-15,14.3,-0.154,
China,2020-06-16,14.3,-0.154,
China,2020-06-17,14.3,-0.154,
China,2020-06-18,14.3,-0.154,
China,2020-06-19,14.3,-0.154,
China,2020-06-20,14.3,-0.154,
China,2020-06-21,38.3,-0.154,
China,2020-06-22,38.3,-0.154,
China,2020-06-23,38.3,-0.154,
China,2020-06-24,38.3,-0.154,
China,2020-06-25,38.3,-0.154,
China,2020-06-26,38.3,-0.154,
China,2020-06-27,38.3,-0.154,
China,2020-06-28,27.6,-0.154,
China,2020-06-29,27.6,-0.154,
China,2020-06-30,27.6,-0.154,
China,2020-07-01,27.6,-0.154,
China,2020-07-02,27.6,-0.154,
China,2020-07-03,27.6,-0.154,
China,2020-07-04,27.6,-0.154,
China,2020-07-05,16.6,-0.154,
China,2020-07-06,16.6,-0.154,
China,2020-07-07,16.6,-0.154,
China,2020-07-08,16.6,-0.154,
China,2020-07-09,16.6,-0.154,
China,2020-07-10,16.6,-0.154,
China,2020-07-11,16.6,-0.154,
China,2020-07-12,30.9,-0.154,
China,2020-07-13,30.9,-0.154,
China,2020-07-14,30.9,-0.154,
China,2020-07-15,30.9,-0.154,
China,2020-07-16,30.9,-0.154,
China,2020-07-17,30.9,-0.154,
China,2020-07-18,30.9,-0.154,
China,2020-07-19,59.3,-0.154,
China,2020-07-20,59.3,-0.154,
China,2020-07-21,59.3,-0.154,
China,2020-07-22,59.3,-0.154,
China,2020-07-23,59.3,-0.154,
China,2020-07-24,59.3,-0.154,
China,2020-07-25,59.3,-0.154,
China,2020-07-26,128.9,-0.154,
China,2020-07-27,128.9,-0.154,
China,2020-07-28,128.9,-0.154,
China,2020-07-29,128.9,-0.154,
China,2020-07-30,128.9,-0.154,
China,2020-07-31,128.9,-0.154,
China,2020-08-01,128.9,-0.154,
China,2020-08-02,209.0,-0.154,
China,2020-08-03,209.0,-0.154,
China,2020-08-04,209.0,-0.154,
China,2020-08-05,209.0,-0.154,
China,2020-08-06,209.0,-0.154,
China,2020-08-07,209.0,-0.154,
China,2020-08-08,209.0,-0.154,
China,2020-08-09,121.0,-0.154,
China,2020-08-10,121.0,-0.154,
China,2020-08-11,121.0,-0.154,
China,2020-08-12,121.0,-0.154,
China,2020-08-13,121.0,-0.154,
China,2020-08-14,121.0,-0.154,
China,2020-08-15,121.0,-0.154,
China,2020-08-16,87.4,-0.154,
China,2020-08-17,87.4,-0.154,
China,2020-08-18,87.4,-0.154,
China,2020-08-19,87.4,-0.154,
China,2020-08-20,87.4,-0.154,
China,2020-08-21,87.4,-0.154,
China,2020-08-22,87.4,-0.154,
China,2020-08-23,54.3,-0.154,
China,2020-08-24,54.3,-0.154,
China,2020-08-25,54.3,-0.154,
China,2020-08-26,54.3,-0.154,
China,2020-08-27,54.3,-0.154,
China,2020-08-28,54.3,-0.154,
China,2020-08-29,54.3,-0.154,
China,2020-08-30,30.0,-0.154,
China,2020-08-31,30.0,-0.154,
China,2020-09-01,30.0,-0.154,
China,2020-09-02,30.0,-0.154,
China,2020-09-03,30.0,-0.154,
China,2020-09-04,30.0,-0.154,
China,2020-09-05,30.0,-0.154,
China,2020-09-06,23.7,-0.154,
China,2020-09-07,23.7,-0.154,
China,2020-09-08,23.7,-0.154,
China,2020-09-09,23.7,-0.154,
China,2020-09-10,23.7,-0.154,
China,2020-09-11,23.7,-0.154,
China,2020-09-12,23.7,-0.154,
China,2020-09-13,21.3,-0.154,
China,2020-09-14,21.3,-0.154,
China,2020-09-15,21.3,-0.154,
China,2020-09-16,21.3,-0.154,
China,2020-09-17,21.3,-0.154,
China,2020-09-18,21.3,-0.154,
China,2020-09-19,21.3,-0.154,
China,2020-09-20,24.9,-0.154,
China,2020-09-21,24.9,-0.154,
China,2020-09-22,24.9,-0.154,
China,2020-09-23,24.9,-0.154,
China,2020-09-24,24.9,-0.154,
China,2020-09-25,24.9,-0.154,
China,2020-09-26,24.9,-0.154,
China,2020-09-27,18.0,-0.154,
China,2020-09-28,18.0,-0.154,
China,2020-09-29,18.0,-0.154,
China,2020-09-30,18.0,-0.154,
China,2020-10-01,18.0,-0.154,
China,2020-10-02,18.0,-0.154,
China,2020-10-03,18.0,-0.154,
China,2020-10-04,22.1,-0.154,
China,2020-10-05,22.1,-0.154,
China,2020-10-06,22.1,-0.154,
China,2020-10-07,22.1,-0.154,
China,2020-10-08,22.1,-0.154,
China,2020-10-09,22.1,-0.154,
China,2020-10-10,22.1,-0.154,
China,2020-10-11,26.3,-0.154,
China,2020-10-12,26.3,-0.154,
China,2020-10-13,26.3,-0.154,
China,2020-10-14,26.3,-0.154,
China,2020-10-15,26.3,-0.154,
China,2020-10-16,26.3,-0.154,
China,2020-10-17,26.3,-0.154,
China,2020-10-18,26.3,-0.154,
China,2020-10-19,26.3,-0.154,
China,2020-10-20,26.3,-0.154,
China,2020-10-21,26.3,-0.154,
China,2020-10-22,26.3,-0.154,
China,2020-10-23,26.3,-0.154,
China,2020-10-24,26.3,-0.154,
China,2020-10-25,26.4,-0.154,
China,2020-10-26,26.4,-0.154,
China,2020-10-27,26.4,-0.154,
China,2020-10-28,26.4,-0.154,
China,2020-10-29,26.4,-0.154,
China,2020-10-30,26.4,-0.154,
China,2020-10-31,26.4,-0.154,
China,2020-11-01,35.3,-0.154,
China,2020-11-02,35.3,-0.154,
China,2020-11-03,35.3,-0.154,
China,2020-11-04,35.3,-0.154,
China,2020-11-05,35.3,-0.154,
China,2020-11-06,35.3,-0.154,
China,2020-11-07,35.3,-0.154,
China,2020-11-08,39.1,-0.154,
China,2020-11-09,39.1,-0.154,
China,2020-11-10,39.1,-0.154,
China,2020-11-11,39.1,-0.154,
China,2020-11-12,39.1,-0.154,
China,2020-11-13,39.1,-0.154,
China,2020-11-14,39.1,-0.154,
China,2020-11-15,33.3,-0.154,
China,2020-11-16,33.3,-0.154,
China,2020-11-17,33.3,-0.154,
China,2020-11-18,33.3,-0.154,
China,2020-11-19,33.3,-0.154,
China,2020-11-20,33.3,-0.154,
China,2020-11-21,33.3,-0.154,
China,2020-11-22,31.4,-0.154,
China,2020-11-23,31.4,-0.154,
China,2020-11-24,31.4,-0.154,
China,2020-11-25,31.4,-0.154,
China,2020-11-26,31.4,-0.154,
China,2020-11-27,31.4,-0.154,
China,2020-11-28,31.4,-0.154,
China,2020-11-29,97.3,-0.154,
China,2020-11-30,97.3,-0.154,
China,2020-12-01,97.3,-0.154,
China,2020-12-02,97.3,-0.154,
China,2020-12-03,97.3,-0.154,
China,2020-12-04,97.3,-0.154,
China,2020-12-05,97.3,-0.154,
China,2020-12-06,118.7,-0.154,
China,2020-12-07,118.7,-0.154,
China,2020-12-08,118.7,-0.154,
China,2020-12-09,118.7,-0.154,
China,2020-12-10,118.7,-0.154,
China,2020-12-11,118.7,-0.154,
China,2020-12-12,118.7,-0.154,
China,2020-12-13,112.9,-0.154,
China,2020-12-14,112.9,-0.154,
China,2020-12-15,112.9,-0.154,
China,2020-12-16,112.9,-0.154,
China,2020-12-17,112.9,-0.154,
China,2020-12-18,112.9,-0.154,
China,2020-12-19,112.9,-0.154,
China,2020-12-20,109.4,-0.154,
China,2020-12-21,109.4,-0.154,
China,2020-12-22,109.4,-0.154,
China,2020-12-23,109.4,-0.154,
China,2020-12-24,109.4,-0.154,
China,2020-12-25,109.4,-0.154,
China,2020-12-26,109.4,-0.154,
China,2020-12-27,86.9,-0.154,
China,2020-12-28,86.9,-0.154,
China,2020-12-29,86.9,-0.154,
China,2020-12-30,86.9,-0.154,
China,2020-12-31,86.9,-0.154,
China,2021-01-01,86.9,-0.154,
China,2021-01-02,86.9,-0.154,
China,2021-01-03,92.6,-0.154,
China,2021-01-04,92.6,-0.154,
China,2021-01-05,92.6,-0.154,
China,2021-01-06,92.6,-0.154,
China,2021-01-07,92.6,-0.154,
China,2021-01-08,92.6,-0.154,
China,2021-01-09,92.6,-0.154,
China,2021-01-10,97.1,-0.154,
China,2021-01-11,97.1,-0.154,
China,2021-01-12,97.1,-0.154,
China,2021-01-13,97.1,-0.154,
China,2021-01-14,97.1,-0.154,
China,2021-01-15,97.1,-0.154,
China,2021-01-16,97.1,-0.154,
China,2021-01-17,163.1,-0.154,
China,2021-01-18,163.1,-0.154,
China,2021-01-19,163.1,-0.154,
China,2021-01-20,163.1,-0.154,
China,2021-01-21,163.1,-0.154,
China,2021-01-22,163.1,-0.154,
China,2021-01-23,163.1,-0.154,
China,2021-01-24,191.7,-0.154,
China,2021-01-25,191.7,-0.154,
China,2021-01-26,191.7,-0.154,
China,2021-01-27,191.7,-0.154,
China,2021-01-28,191.7,-0.154,
China,2021-01-29,191.7,-0.154,
China,2021-01-30,191.7,-0.154,
China,2021-01-31,119.7,-0.154,
China,2021-02-01,119.7,-0.154,
China,2021-02-02,119.7,-0.154,
China,2021-02-03,119.7,-0.154,
China,2021-02-04,119.7,-0.154,
China,2021-02-05,119.7,-0.154,
China,2021-02-06,119.7,-0.154,
China,2021-02-07,48.9,-0.154,
China,2021-02-08,48.9,-0.154,
China,2021-02-09,48.9,-0.154,
China,2021-02-10,48.9,-0.154,
China,2021-02-11,48.9,-0.154,
China,2021-02-12,48.9,-0.154,
China,2021-02-13,48.9,-0.154,
China,2021-02-14,31.4,-0.154,
China,2021-02-15,31.4,-0.154,
China,2021-02-16,31.4,-0.154,
China,2021-02-17,31.4,-0.154,
China,2021-02-18,31.4,-0.154,
China,2021-02-19,31.4,-0.154,
China,2021-02-20,31.4,-0.154,
China,2021-02-21,23.4,-0.154,
China,2021-02-22,23.4,-0.154,
China,2021-02-23,23.4,-0.154,
China,2021-02-24,23.4,-0.154,
China,2021-02-25,23.4,-0.154,
China,2021-02-26,23.4,-0.154,
China,2021-02-27,23.4,-0.154,
China,2021-02-28,31.4,-0.154,
China,2021-03-01,31.4,-0.154,
China,2021-03-02,31.4,-0.154,
China,2021-03-03,31.4,-0.154,
China,2021-03-04,31.4,-0.154,
China,2021-03-05,31.4,-0.154,
China,2021-03-06,31.4,-0.154,
China,2021-03-07,25.9,-0.154,
China,2021-03-08,25.9,-0.154,
China,2021-03-09,25.9,-0.154,
China,2021-03-10,25.9,-0.154,
China,2021-03-11,25.9,-0.154,
China,2021-03-12,25.9,-0.154,
China,2021-03-13,25.9,-0.154,
China,2021-03-14,37.4,-0.154,
China,2021-03-15,37.4,-0.154,
China,2021-03-16,37.4,-0.154,
China,2021-03-17,37.4,-0.154,
China,2021-03-18,37.4,-0.154,
China,2021-03-19,37.4,-0.154,
China,2021-03-20,37.4,-0.154,
China,2021-03-21,25.1,-0.154,
China,2021-03-22,25.1,-0.154,
China,2021-03-23,25.1,-0.154,
China,2021-03-24,25.1,-0.154,
China,2021-03-25,25.1,-0.154,
China,2021-03-26,25.1,-0.154,
China,2021-03-27,25.1,-0.154,
China,2021-03-28,22.7,-0.154,
China,2021-03-29,22.7,-0.154,
China,2021-03-30,22.7,-0.154,
China,2021-03-31,22.7,-0.154,
China,2021-04-01,22.7,-0.154,
China,2021-04-02,22.7,-0.154,
China,2021-04-03,22.7,-0.154,
China,2021-04-04,30.0,-0.154,
China,2021-04-05,30.0,-0.154,
China,2021-04-06,30.0,-0.154,
China,2021-04-07,30.0,-0.154,
China,2021-04-08,30.0,-0.154,
China,2021-04-09,30.0,-0.154,
China,2021-04-10,30.0,-0.154,
China,2021-04-11,29.3,-0.154,
China,2021-04-12,29.3,-0.154,
China,2021-04-13,29.3,-0.154,
China,2021-04-14,29.3,-0.154,
China,2021-04-15,29.3,-0.154,
China,2021-04-16,29.3,-0.154,
China,2021-04-17,29.3,-0.154,
China,2021-04-18,28.9,-0.154,
China,2021-04-19,28.9,-0.154,
China,2021-04-20,28.9,-0.154,
China,2021-04-21,28.9,-0.154,
China,2021-04-22,28.9,-0.154,
China,2021-04-23,28.9,-0.154,
China,2021-04-24,28.9,-0.154,
China,2021-04-25,24.1,-0.154,
China,2021-04-26,24.1,-0.154,
China,2021-04-27,24.1,-0.154,
China,2021-04-28,24.1,-0.154,
China,2021-04-29,24.1,-0.154,
China,2021-04-30,24.1,-0.154,
China,2021-05-01,24.1,-0.154,
China,2021-05-02,26.1,-0.154,
China,2021-05-03,26.1,-0.154,
China,2021-05-04,26.1,-0.154,
China,2021-05-05,26.1,-0.154,
China,2021-05-06,26.1,-0.154,
China,2021-05-07,26.1,-0.154,
China,2021-05-08,26.1,-0.154,
China,2021-05-09,20.1,-0.154,
China,2021-05-10,20.1,-0.154,
China,2021-05-11,20.1,-0.154,
China,2021-05-12,20.1,-0.154,
China,2021-05-13,20.1,-0.154,
China,2021-05-14,20.1,-0.154,
China,2021-05-15,20.1,-0.154,
China,2021-05-16,88.1,-0.154,
China,2021-05-17,88.1,-0.154,
China,2021-05-18,88.1,-0.154,
China,2021-05-19,88.1,-0.154,
China,2021-05-20,88.1,-0.154,
China,2021-05-21,88.1,-0.154,
China,2021-05-22,88.1,-0.154,
China,2021-05-23,394.6,-0.154,
China,2021-05-24,394.6,-0.154,
China,2021-05-25,394.6,-0.154,
China,2021-05-26,394.6,-0.154,
China,2021-05-27,394.6,-0.154,
China,2021-05-28,394.6,-0.154,
China,2021-05-29,394.6,-0.154,
China,2021-05-30,565.6,-0.153,
China,2021-05-31,565.6,-0.153,
China,2021-06-01,565.6,-0.153,
China,2021-06-02,565.6,-0.153,
China,2021-06-03,565.6,-0.153,
China,2021-06-04,565.6,-0.153,
China,2021-06-05,565.6,-0.153,
China,2021-06-06,503.0,-0.153,
China,2021-06-07,503.0,-0.153,
China,2021-06-08,503.0,-0.153,
China,2021-06-09,503.0,-0.153,
China,2021-06-10,503.0,-0.153,
China,2021-06-11,503.0,-0.153,
China,2021-06-12,503.0,-0.153,
China,2021-06-13,233.4,-0.154,
China,2021-06-14,233.4,-0.154,
China,2021-06-15,233.4,-0.154,
China,2021-06-16,233.4,-0.154,
China,2021-06-17,233.4,-0.154,
China,2021-06-18,233.4,-0.154,
China,2021-06-19,233.4,-0.154,
China,2021-06-20,178.1,-0.154,
China,2021-06-21,178.1,-0.154,
China,2021-06-22,178.1,-0.154,
China,2021-06-23,178.1,-0.154,
China,2021-06-24,178.1,-0.154,
China,2021-06-25,178.1,-0.154,
China,2021-06-26,178.1,-0.154,
China,2021-06-27,115.7,-0.154,
China,2021-06-28,115.7,-0.154,
China,2021-06-29,115.7,-0.154,
China,2021-06-30,115.7,-0.154,
China,2021-07-01,115.7,-0.154,
China,2021-07-02,115.7,-0.154,
China,2021-07-03,115.7,-0.154,
China,2021-07-04,76.9,-0.154,
China,2021-07-05,76.9,-0.154,
China,2021-07-06,76.9,-0.154,
China,2021-07-07,76.9,-0.154,
China,2021-07-08,76.9,-0.154,
China,2021-07-09,76.9,-0.154,
China,2021-07-10,76.9,-0.154,
China,2021-07-11,60.7,-0.154,
China,2021-07-12,60.7,-0.154,
China,2021-07-13,60.7,-0.154,
China,2021-07-14,60.7,-0.154,
China,2021-07-15,60.7,-0.154,
China,2021-07-16,60.7,-0.154,
China,2021-07-17,60.7,-0.154,
China,2021-07-18,53.9,-0.154,
China,2021-07-19,53.9,-0.154,
China,2021-07-20,53.9,-0.154,
China,2021-07-21,53.9,-0.154,
China,2021-07-22,53.9,-0.154,
China,2021-07-23,53.9,-0.154,
China,2021-07-24,53.9,-0.154,
China,2021-07-25,73.6,-0.154,
China,2021-07-26,73.6,-0.154,
China,2021-07-27,73.6,-0.154,
China,2021-07-28,73.6,-0.154,
China,2021-07-29,73.6,-0.154,
China,2021-07-30,73.6,-0.154,
China,2021-07-31,73.6,-0.154,
China,2021-08-01,89.1,-0.154,
China,2021-08-02,89.1,-0.154,
China,2021-08-03,89.1,-0.154,
China,2021-08-04,89.1,-0.154,
China,2021-08-05,89.1,-0.154,
China,2021-08-06,89.1,-0.154,
China,2021-08-07,89.1,-0.154,
China,2021-08-08,121.0,-0.154,
China,2021-08-09,121.0,-0.154,
China,2021-08-10,121.0,-0.154,
China,2021-08-11,121.0,-0.154,
China,2021-08-12,121.0,-0.154,
China,2021-08-13,121.0,-0.154,
China,2021-08-14,121.0,-0.154,
China,2021-08-15,99.1,-0.154,
China,2021-08-16,99.1,-0.154,
China,2021-08-17,99.1,-0.154,
China,2021-08-18,99.1,-0.154,
China,2021-08-19,99.1,-0.154,
China,2021-08-20,99.1,-0.154,
China,2021-08-21,99.1,-0.154,
China,2021-08-22,45.7,-0.154,
China,2021-08-23,45.7,-0.154,
China,2021-08-24,45.7,-0.154,
China,2021-08-25,45.7,-0.154,
China,2021-08-26,45.7,-0.154,
China,2021-08-27,45.7,-0.154,
China,2021-08-28,45.7,-0.154,
China,2021-08-29,42.4,-0.154,
China,2021-08-30,42.4,-0.154,
China,2021-08-31,42.4,-0.154,
China,2021-09-01,42.4,-0.154,
China,2021-09-02,42.4,-0.154,
China,2021-09-03,42.4,-0.154,
China,2021-09-04,42.4,-0.154,
China,2021-09-05,33.7,-0.154,
China,2021-09-06,33.7,-0.154,
China,2021-09-07,33.7,-0.154,
China,2021-09-08,33.7,-0.154,
China,2021-09-09,33.7,-0.154,
China,2021-09-10,33.7,-0.154,
China,2021-09-11,33.7,-0.154,
China,2021-09-12,44.7,-0.154,
China,2021-09-13,44.7,-0.154,
China,2021-09-14,44.7,-0.154,
China,2021-09-15,44.7,-0.154,
China,2021-09-16,44.7,-0.154,
China,2021-09-17,44.7,-0.154,
China,2021-09-18,44.7,-0.154,
China,2021-09-19,79.7,-0.154,
China,2021-09-20,79.7,-0.154,
China,2021-09-21,79.7,-0.154,
China,2021-09-22,79.7,-0.154,
China,2021-09-23,79.7,-0.154,
China,2021-09-24,79.7,-0.154,
China,2021-09-25,79.7,-0.154,
China,2021-09-26,56.1,-0.154,
China,2021-09-27,56.1,-0.154,
China,2021-09-28,56.1,-0.154,
China,2021-09-29,56.1,-0.154,
China,2021-09-30,56.1,-0.154,
China,2021-10-01,56.1,-0.154,
China,2021-10-02,56.1,-0.154,
China,2021-10-03,44.3,-0.154,
China,2021-10-04,44.3,-0.154,
China,2021-10-05,44.3,-0.154,
China,2021-10-06,44.3,-0.154,
China,2021-10-07,44.3,-0.154,
China,2021-10-08,44.3,-0.154,
China,2021-10-09,44.3,-0.154,
China,2021-10-10,35.7,-0.154,
China,2021-10-11,35.7,-0.154,
China,2021-10-12,35.7,-0.154,
China,2021-10-13,35.7,-0.154,
China,2021-10-14,35.7,-0.154,
China,2021-10-15,35.7,-0.154,
China,2021-10-16,35.7,-0.154,
China,2021-10-17,28.4,-0.154,
China,2021-10-18,28.4,-0.154,
China,2021-10-19,28.4,-0.154,
China,2021-10-20,28.4,-0.154,
China,2021-10-21,28.4,-0.154,
China,2021-10-22,28.4,-0.154,
China,2021-10-23,28.4,-0.154,
China,2021-10-24,44.4,-0.154,
China,2021-10-25,44.4,-0.154,
China,2021-10-26,44.4,-0.154,
China,2021-10-27,44.4,-0.154,
China,2021-10-28,44.4,-0.154,
China,2021-10-29,44.4,-0.154,
China,2021-10-30,44.4,-0.154,
China,2021-10-31,73.3,-0.154,
China,2021-11-01,73.3,-0.154,
China,2021-11-02,73.3,-0.154,
China,2021-11-03,73.3,-0.154,
China,2021-11-04,73.3,-0.154,
China,2021-11-05,73.3,-0.154,
China,2021-11-06,73.3,-0.154,
China,2021-11-07,90.3,-0.154,
China,2021-11-08,90.3,-0.154,
China,2021-11-09,90.3,-0.154,
China,2021-11-10,90.3,-0.154,
China,2021-11-11,90.3,-0.154,
China,2021-11-12,90.3,-0.154,
China,2021-11-13,90.3,-0.154,
China,2021-11-14,78.6,-0.154,
China,2021-11-15,78.6,-0.154,
China,2021-11-16,78.6,-0.154,
China,2021-11-17,78.6,-0.154,
China,2021-11-18,78.6,-0.154,
China,2021-11-19,78.6,-0.154,
China,2021-11-20,78.6,-0.154,
China,2021-11-21,36.0,-0.154,
China,2021-11-22,36.0,-0.154,
China,2021-11-23,36.0,-0.154,
China,2021-11-24,36.0,-0.154,
China,2021-11-25,36.0,-0.154,
China,2021-11-26,36.0,-0.154,
China,2021-11-27,36.0,-0.154,
China,2021-11-28,36.0,-0.154,
China,2021-11-29,36.0,-0.154,
China,2021-11-30,36.0,-0.154,
China,2021-12-01,36.0,-0.154,
China,2021-12-02,36.0,-0.154,
China,2021-12-03,36.0,-0.154,
China,2021-12-04,36.0,-0.154,
China,2021-12-05,89.9,-0.154,
China,2021-12-06,89.9,-0.154,
China,2021-12-07,89.9,-0.154,
China,2021-12-08,89.9,-0.154,
China,2021-12-09,89.9,-0.154,
China,2021-12-10,89.9,-0.154,
China,2021-12-11,89.9,-0.154,
China,2021-12-12,98.4,-0.154,
China,2021-12-13,98.4,-0.154,
China,2021-12-14,98.4,-0.154,
China,2021-12-15,98.4,-0.154,
China,2021-12-16,98.4,-0.154,
China,2021-12-17,98.4,-0.154,
China,2021-12-18,98.4,-0.154,
China,2021-12-19,101.7,-0.154,
China,2021-12-20,101.7,-0.154,
China,2021-12-21,101.7,-0.154,
China,2021-12-22,101.7,-0.154,
China,2021-12-23,101.7,-0.154,
China,2021-12-24,101.7,-0.154,
China,2021-12-25,101.7,-0.154,
China,2021-12-26,152.0,-0.154,
China,2021-12-27,152.0,-0.154,
China,2021-12-28,152.0,-0.154,
China,2021-12-29,152.0,-0.154,
China,2021-12-30,152.0,-0.154,
China,2021-12-31,152.0,-0.154,
China,2022-01-01,152.0,-0.154,
China,2022-01-02,235.7,-0.154,
China,2022-01-03,235.7,-0.154,
China,2022-01-04,235.7,-0.154,
China,2022-01-05,235.7,-0.154,
China,2022-01-06,235.7,-0.154,
China,2022-01-07,235.7,-0.154,
China,2022-01-08,235.7,-0.154,
China,2022-01-09,234.7,-0.154,
China,2022-01-10,234.7,-0.154,
China,2022-01-11,234.7,-0.154,
China,2022-01-12,234.7,-0.154,
China,2022-01-13,234.7,-0.154,
China,2022-01-14,234.7,-0.154,
China,2022-01-15,234.7,-0.154,
China,2022-01-16,268.0,-0.154,
China,2022-01-17,268.0,-0.154,
China,2022-01-18,268.0,-0.154,
China,2022-01-19,268.0,-0.154,
China,2022-01-20,268.0,-0.154,
China,2022-01-21,268.0,-0.154,
China,2022-01-22,268.0,-0.154,
China,2022-01-23,189.0,-0.154,
China,2022-01-24,189.0,-0.154,
China,2022-01-25,189.0,-0.154,
China,2022-01-26,189.0,-0.154,
China,2022-01-27,189.0,-0.154,
China,2022-01-28,189.0,-0.154,
China,2022-01-29,189.0,-0.154,
China,2022-01-30,234.6,-0.154,
China,2022-01-31,234.6,-0.154,
China,2022-02-01,234.6,-0.154,
China,2022-02-02,234.6,-0.154,
China,2022-02-03,234.6,-0.154,
China,2022-02-04,234.6,-0.154,
China,2022-02-05,234.6,-0.154,
China,2022-02-06,293.9,-0.154,
China,2022-02-07,293.9,-0.154,
China,2022-02-08,293.9,-0.154,
China,2022-02-09,293.9,-0.154,
China,2022-02-10,293.9,-0.154,
China,2022-02-11,293.9,-0.154,
China,2022-02-12,293.9,-0.154,
China,2022-02-13,1227.3,-0.152,
China,2022-02-14,1227.3,-0.152,
China,2022-02-15,1227.3,-0.152,
China,2022-02-16,1227.3,-0.152,
China,2022-02-17,1227.3,-0.152,
China,2022-02-18,1227.3,-0.152,
China,2022-02-19,1227.3,-0.152,
China,2022-02-20,4446.7,-0.146,
China,2022-02-21,4446.7,-0.146,
China,2022-02-22,4446.7,-0.146,
China,2022-02-23,4446.7,-0.146,
China,2022-02-24,4446.7,-0.146,
China,2022-02-25,4446.7,-0.146,
China,2022-02-26,4446.7,-0.146,
China,2022-02-27,17198.1,-0.122,
China,2022-02-28,17198.1,-0.122,
China,2022-03-01,17198.1,-0.122,
China,2022-03-02,17198.1,-0.122,
China,2022-03-03,17198.1,-0.122,
China,2022-03-04,17198.1,-0.122,
China,2022-03-05,17198.1,-0.122,
China,2022-03-06,43225.7,-0.073,
China,2022-03-07,43225.7,-0.073,
China,2022-03-08,43225.7,-0.073,
China,2022-03-09,43225.7,-0.073,
China,2022-03-10,43225.7,-0.073,
China,2022-03-11,43225.7,-0.073,
China,2022-03-12,43225.7,-0.073,
China,2022-03-13,22596.1,-0.112,
China,2022-03-14,22596.1,-0.112,
China,2022-03-15,22596.1,-0.112,
China,2022-03-16,22596.1,-0.112,
China,2022-03-17,22596.1,-0.112,
China,2022-03-18,22596.1,-0.112,
China,2022-03-19,22596.1,-0.112,
China,2022-03-20,12055.6,-0.132,
China,2022-03-21,12055.6,-0.132,
China,2022-03-22,12055.6,-0.132,
China,2022-03-23,12055.6,-0.132,
China,2022-03-24,12055.6,-0.132,
China,2022-03-25,12055.6,-0.132,
China,2022-03-26,12055.6,-0.132,
China,2022-03-27,6281.6,-0.143,
China,2022-03-28,6281.6,-0.143,
China,2022-03-29,6281.6,-0.143,
China,2022-03-30,6281.6,-0.143,
China,2022-03-31,6281.6,-0.143,
China,2022-04-01,6281.6,-0.143,
China,2022-04-02,6281.6,-0.143,
China,2022-04-03,4610.9,-0.146,
China,2022-04-04,4610.9,-0.146,
China,2022-04-05,4610.9,-0.146,
China,2022-04-06,4610.9,-0.146,
China,2022-04-07,4610.9,-0.146,
China,2022-04-08,4610.9,-0.146,
China,2022-04-09,4610.9,-0.146,
China,2022-04-10,3092.6,-0.149,
China,2022-04-11,3092.6,-0.149,
China,2022-04-12,3092.6,-0.149,
China,2022-04-13,3092.6,-0.149,
China,2022-04-14,3092.6,-0.149,
China,2022-04-15,3092.6,-0.149,
China,2022-04-16,3092.6,-0.149,
China,2022-04-17,4381.0,-0.146,
China,2022-04-18,4381.0,-0.146,
China,2022-04-19,4381.0,-0.146,
China,2022-04-20,4381.0,-0.146,
China,2022-04-21,4381.0,-0.146,
China,2022-04-22,4381.0,-0.146,
China,2022-04-23,4381.0,-0.146,
China,2022-04-24,6043.3,-0.143,
China,2022-04-25,6043.3,-0.143,
China,2022-04-26,6043.3,-0.143,
China,2022-04-27,6043.3,-0.143,
China,2022-04-28,6043.3,-0.143,
China,2022-04-29,6043.3,-0.143,
China,2022-04-30,6043.3,-0.143,
China,2022-05-01,13140.4,-0.13,
China,2022-05-02,13140.4,-0.13,
China,2022-05-03,13140.4,-0.13,
China,2022-05-04,13140.4,-0.13,
China,2022-05-05,13140.4,-0.13,
China,2022-05-06,13140.4,-0.13,
China,2022-05-07,13140.4,-0.13,
China,2022-05-08,32531.6,-0.093,
China,2022-05-09,32531.6,-0.093,
China,2022-05-10,32531.6,-0.093,
China,2022-05-11,32531.6,-0.093,
China,2022-05-12,32531.6,-0.093,
China,2022-05-13,32531.6,-0.093,
China,2022-05-14,32531.6,-0.093,
China,2022-05-15,59153.9,-0.043,
China,2022-05-16,59153.9,-0.043,
China,2022-05-17,59153.9,-0.043,
China,2022-05-18,59153.9,-0.043,
China,2022-05-19,59153.9,-0.043,
China,2022-05-20,59153.9,-0.043,
China,2022-05-21,59153.9,-0.043,
China,2022-05-22,79150.1,-0.005,
China,2022-05-23,79150.1,-0.005,
China,2022-05-24,79150.1,-0.005,
China,2022-05-25,79150.1,-0.005,
China,2022-05-26,79150.1,-0.005,
China,2022-05-27,79150.1,-0.005,
China,2022-05-28,79150.1,-0.005,
China,2022-05-29,81905.7,0.0,
China,2022-05-30,81905.7,0.0,
China,2022-05-31,81905.7,0.0,
China,2022-06-01,81905.7,0.0,
China,2022-06-02,81905.7,0.0,
China,2022-06-03,81905.7,0.0,
China,2022-06-04,81905.7,0.0,
China,2022-06-05,73424.1,-0.016,
China,2022-06-06,73424.1,-0.016,
China,2022-06-07,73424.1,-0.016,
China,2022-06-08,73424.1,-0.016,
China,2022-06-09,73424.1,-0.016,
China,2022-06-10,73424.1,-0.016,
China,2022-06-11,73424.1,-0.016,
China,2022-06-12,69997.4,-0.022,
China,2022-06-13,69997.4,-0.022,
China,2022-06-14,69997.4,-0.022,
China,2022-06-15,69997.4,-0.022,
China,2022-06-16,69997.4,-0.022,
China,2022-06-17,69997.4,-0.022,
China,2022-06-18,69997.4,-0.022,
China,2022-06-19,58067.0,-0.045,
China,2022-06-20,58067.0,-0.045,
China,2022-06-21,58067.0,-0.045,
China,2022-06-22,58067.0,-0.045,
China,2022-06-23,58067.0,-0.045,
China,2022-06-24,58067.0,-0.045,
China,2022-06-25,58067.0,-0.045,
China,2022-06-26,46169.0,-0.067,
China,2022-06-27,46169.0,-0.067,
China,2022-06-28,46169.0,-0.067,
China,2022-06-29,46169.0,-0.067,
China,2022-06-30,46169.0,-0.067,
China,2022-07-01,46169.0,-0.067,
China,2022-07-02,46169.0,-0.067,
China,2022-07-03,32860.1,-0.092,
China,2022-07-04,32860.1,-0.092,
China,2022-07-05,32860.1,-0.092,
China,2022-07-06,32860.1,-0.092,
China,2022-07-07,32860.1,-0.092,
China,2022-07-08,32860.1,-0.092,
China,2022-07-09,32860.1,-0.092,
China,2022-07-10,31987.9,-0.094,
China,2022-07-11,31987.9,-0.094,
China,2022-07-12,31987.9,-0.094,
China,2022-07-13,31987.9,-0.094,
China,2022-07-14,31987.9,-0.094,
China,2022-07-15,31987.9,-0.094,
China,2022-07-16,31987.9,-0.094,
China,2022-07-17,28222.1,-0.101,
China,2022-07-18,28222.1,-0.101,
China,2022-07-19,28222.1,-0.101,
China,2022-07-20,28222.1,-0.101,
China,2022-07-21,28222.1,-0.101,
China,2022-07-22,28222.1,-0.101,
China,2022-07-23,28222.1,-0.101,
China,2022-07-24,25812.9,-0.106,
China,2022-07-25,25812.9,-0.106,
China,2022-07-26,25812.9,-0.106,
China,2022-07-27,25812.9,-0.106,
China,2022-07-28,25812.9,-0.106,
China,2022-07-29,25812.9,-0.106,
China,2022-07-30,25812.9,-0.106,
China,2022-07-31,24571.9,-0.108,
China,2022-08-01,24571.9,-0.108,
China,2022-08-02,24571.9,-0.108,
China,2022-08-03,24571.9,-0.108,
China,2022-08-04,24571.9,-0.108,
China,2022-08-05,24571.9,-0.108,
China,2022-08-06,24571.9,-0.108,
China,2022-08-07,23334.3,-0.11,
China,2022-08-08,23334.3,-0.11,
China,2022-08-09,23334.3,-0.11,
China,2022-08-10,23334.3,-0.11,
China,2022-08-11,23334.3,-0.11,
China,2022-08-12,23334.3,-0.11,
China,2022-08-13,23334.3,-0.11,
China,2022-08-14,23813.7,-0.109,
China,2022-08-15,23813.7,-0.109,
China,2022-08-16,23813.7,-0.109,
China,2022-08-17,23813.7,-0.109,
China,2022-08-18,23813.7,-0.109,
China,2022-08-19,23813.7,-0.109,
China,2022-08-20,23813.7,-0.109,
China,2022-08-21,24632.0,-0.108,
China,2022-08-22,24632.0,-0.108,
China,2022-08-23,24632.0,-0.108,
China,2022-08-24,24632.0,-0.108,
China,2022-08-25,24632.0,-0.108,
China,2022-08-26,24632.0,-0.108,
China,2022-08-27,24632.0,-0.108,
China,2022-08-28,27780.6,-0.102,
China,2022-08-29,27780.6,-0.102,
China,2022-08-30,27780.6,-0.102,
China,2022-08-31,27780.6,-0.102,
China,2022-09-01,27780.6,-0.102,
China,2022-09-02,27780.6,-0.102,
China,2022-09-03,27780.6,-0.102,
China,2022-09-04,34006.3,-0.09,
China,2022-09-05,34006.3,-0.09,
China,2022-09-06,34006.3,-0.09,
China,2022-09-07,34006.3,-0.09,
China,2022-09-08,34006.3,-0.09,
China,2022-09-09,34006.3,-0.09,
China,2022-09-10,34006.3,-0.09,
China,2022-09-11,37612.6,-0.083,
China,2022-09-12,37612.6,-0.083,
China,2022-09-13,37612.6,-0.083,
China,2022-09-14,37612.6,-0.083,
China,2022-09-15,37612.6,-0.083,
China,2022-09-16,37612.6,-0.083,
China,2022-09-17,37612.6,-0.083,
China,2022-09-18,42527.6,-0.074,
China,2022-09-19,42527.6,-0.074,
China,2022-09-20,42527.6,-0.074,
China,2022-09-21,42527.6,-0.074,
China,2022-09-22,42527.6,-0.074,
China,2022-09-23,42527.6,-0.074,
China,2022-09-24,42527.6,-0.074,
China,2022-09-25,41782.3,-0.076,
China,2022-09-26,41782.3,-0.076,
China,2022-09-27,41782.3,-0.076,
China,2022-09-28,41782.3,-0.076,
China,2022-09-29,41782.3,-0.076,
China,2022-09-30,41782.3,-0.076,
China,2022-10-01,41782.3,-0.076,
China,2022-10-02,43298.9,-0.073,
China,2022-10-03,43298.9,-0.073,
China,2022-10-04,43298.9,-0.073,
China,2022-10-05,43298.9,-0.073,
China,2022-10-06,43298.9,-0.073,
China,2022-10-07,43298.9,-0.073,
China,2022-10-08,43298.9,-0.073,
China,2022-10-09,47690.0,-0.064,
China,2022-10-10,47690.0,-0.064,
China,2022-10-11,47690.0,-0.064,
China,2022-10-12,47690.0,-0.064,
China,2022-10-13,47690.0,-0.064,
China,2022-10-14,47690.0,-0.064,
China,2022-10-15,47690.0,-0.064,
China,2022-10-16,46987.1,-0.066,
China,2022-10-17,46987.1,-0.066,
China,2022-10-18,46987.1,-0.066,
China,2022-10-19,46987.1,-0.066,
China,2022-10-20,46987.1,-0.066,
China,2022-10-21,46987.1,-0.066,
China,2022-10-22,46987.1,-0.066,
China,2022-10-23,40764.0,-0.078,
China,2022-10-24,40764.0,-0.078,
China,2022-10-25,40764.0,-0.078,
China,2022-10-26,40764.0,-0.078,
China,2022-10-27,40764.0,-0.078,
China,2022-10-28,40764.0,-0.078,
China,2022-10-29,40764.0,-0.078,
China,2022-10-30,36856.3,-0.085,
China,2022-10-31,36856.3,-0.085,
China,2022-11-01,36856.3,-0.085,
China,2022-11-02,36856.3,-0.085,
China,2022-11-03,36856.3,-0.085,
China,2022-11-04,36856.3,-0.085,
China,2022-11-05,36856.3,-0.085,
China,2022-11-06,31300.3,-0.095,
China,2022-11-07,31300.3,-0.095,
China,2022-11-08,31300.3,-0.095,
China,2022-11-09,31300.3,-0.095,
China,2022-11-10,31300.3,-0.095,
China,2022-11-11,31300.3,-0.095,
China,2022-11-12,31300.3,-0.095,
China,2022-11-13,24535.0,-0.108,
China,2022-11-14,24535.0,-0.108,
China,2022-11-15,24535.0,-0.108,
China,2022-11-16,24535.0,-0.108,
China,2022-11-17,24535.0,-0.108,
China,2022-11-18,24535.0,-0.108,
China,2022-11-19,24535.0,-0.108,
China,2022-11-20,22687.6,-0.112,
China,2022-11-21,22687.6,-0.112,
China,2022-11-22,22687.6,-0.112,
China,2022-11-23,22687.6,-0.112,
China,2022-11-24,22687.6,-0.112,
China,2022-11-25,22687.6,-0.112,
China,2022-11-26,22687.6,-0.112,
China,2022-11-27,20600.7,-0.116,
China,2022-11-28,20600.7,-0.116,
China,2022-11-29,20600.7,-0.116,
China,2022-11-30,20600.7,-0.116,
China,2022-12-01,20600.7,-0.116,
China,2022-12-02,20600.7,-0.116,
China,2022-12-03,20600.7,-0.116,
China,2022-12-04,20877.3,-0.115,
China,2022-12-05,20877.3,-0.115,
China,2022-12-06,20877.3,-0.115,
China,2022-12-07,20877.3,-0.115,
China,2022-12-08,20877.3,-0.115,
China,2022-12-09,20877.3,-0.115,
China,2022-12-10,20877.3,-0.115,
China,2022-12-11,159699.7,0.147,
China,2022-12-12,159699.7,0.147,
China,2022-12-13,159699.7,0.147,
China,2022-12-14,159699.7,0.147,
China,2022-12-15,159699.7,0.147,
China,2022-12-16,159699.7,0.147,
China,2022-12-17,159699.7,0.147,
China,2022-12-18,1585507.1,2.834,Y
China,2022-12-19,1585507.1,2.834,Y
China,2022-12-20,1585507.1,2.834,Y
China,2022-12-21,1585507.1,2.834,Y
China,2022-12-22,1585507.1,2.834,Y
China,2022-12-23,1585507.1,2.834,Y
China,2022-12-24,1585507.1,2.834,Y
China,2022-12-25,5782211.0,10.746,Y
China,2022-12-26,5782211.0,10.746,Y
China,2022-12-27,5782211.0,10.746,Y
China,2022-12-28,5782211.0,10.746,Y
China,2022-12-29,5782211.0,10.746,Y
China,2022-12-30,5782211.0,10.746,Y
China,2022-12-31,5782211.0,10.746,Y
China,2023-01-01,3520696.6,6.482,Y
China,2023-01-02,3520696.6,6.482,Y
China,2023-01-03,3520696.6,6.482,Y
China,2023-01-04,3520696.6,6.482,Y
China,2023-01-05,3520696.6,6.482,Y
China,2023-01-06,3520696.6,6.482,Y
China,2023-01-07,3520696.6,6.482,Y
China,2023-01-08,1151680.3,2.017,Y
China,2023-01-09,1151680.3,2.017,Y
China,2023-01-10,1151680.3,2.017,Y
China,2023-01-11,1151680.3,2.017,Y
China,2023-01-12,1151680.3,2.017,Y
China,2023-01-13,1151680.3,2.017,Y
China,2023-01-14,1151680.3,2.017,Y
China,2023-01-15,337367.3,0.482,
China,2023-01-16,337367.3,0.482,
China,2023-01-17,337367.3,0.482,
China,2023-01-18,337367.3,0.482,
China,2023-01-19,337367.3,0.482,
China,2023-01-20,337367.3,0.482,
China,2023-01-21,337367.3,0.482,
China,2023-01-22,107883.3,0.049,
China,2023-01-23,107883.3,0.049,
China,2023-01-24,107883.3,0.049,
China,2023-01-25,107883.3,0.049,
China,2023-01-26,107883.3,0.049,
China,2023-01-27,107883.3,0.049,
China,2023-01-28,107883.3,0.049,
China,2023-01-29,25077.4,-0.107,
China,2023-01-30,25077.4,-0.107,
China,2023-01-31,25077.4,-0.107,
China,2023-02-01,25077.4,-0.107,
China,2023-02-02,25077.4,-0.107,
China,2023-02-03,25077.4,-0.107,
China,2023-02-04,25077.4,-0.107,
China,2023-02-05,27567.0,-0.102,
China,2023-02-06,27567.0,-0.102,
China,2023-02-07,27567.0,-0.102,
China,2023-02-08,27567.0,-0.102,
China,2023-02-09,27567.0,-0.102,
China,2023-02-10,27567.0,-0.102,
China,2023-02-11,27567.0,-0.102,
China,2023-02-12,21167.7,-0.114,
China,2023-02-13,21167.7,-0.114,
China,2023-02-14,21167.7,-0.114,
China,2023-02-15,21167.7,-0.114,
China,2023-02-16,21167.7,-0.114,
China,2023-02-17,21167.7,-0.114,
China,2023-02-18,21167.7,-0.114,
China,2023-02-19,16964.0,-0.122,
China,2023-02-20,16964.0,-0.122,
China,2023-02-21,16964.0,-0.122,
China,2023-02-22,16964.0,-0.122,
China,2023-02-23,16964.0,-0.122,
China,2023-02-24,16964.0,-0.122,
China,2023-02-25,16964.0,-0.122,
China,2023-02-26,11095.7,-0.133,
China,2023-02-27,11095.7,-0.133,
China,2023-02-28,11095.7,-0.133,
China,2023-03-01,11095.7,-0.133,
China,2023-03-02,11095.7,-0.133,
China,2023-03-03,11095.7,-0.133,
China,2023-03-04,11095.7,-0.133,
China,2023-03-05,12112.9,-0.132,
China,2023-03-06,12112.9,-0.132,
China,2023-03-07,12112.9,-0.132,
China,2023-03-08,12112.9,-0.132,
China,2023-03-09,12112.9,-0.132,
China,2023-03-10,12112.9,-0.132,
China,2023-03-11,12112.9,-0.132,
China,2023-03-12,13181.1,-0.13,
China,2023-03-13,13181.1,-0.13,
China,2023-03-14,13181.1,-0.13,
China,2023-03-15,13181.1,-0.13,
China,2023-03-16,13181.1,-0.13,
China,2023-03-17,13181.1,-0.13,
China,2023-03-18,13181.1,-0.13,
China,2023-03-19,9328.7,-0.137,
China,2023-03-20,9328.7,-0.137,
China,2023-03-21,9328.7,-0.137,
China,2023-03-22,9328.7,-0.137,
China,2023-03-23,9328.7,-0.137,
China,2023-03-24,9328.7,-0.137,
China,2023-03-25,9328.7,-0.137,
China,2023-03-26,1943.1,-0.151,
China,2023-03-27,1943.1,-0.151,
China,2023-03-28,1943.1,-0.151,
China,2023-03-29,1943.1,-0.151,
China,2023-03-30,1943.1,-0.151,
China,2023-03-31,1943.1,-0.151,
China,2023-04-01,1943.1,-0.151,
China,2023-04-02,151.4,-0.154,
China,2023-04-03,151.4,-0.154,
China,2023-04-04,151.4,-0.154,
China,2023-04-05,151.4,-0.154,
China,2023-04-06,151.4,-0.154,
China,2023-04-07,151.4,-0.154,
China,2023-04-08,151.4,-0.154,
China,2023-04-09,175.4,-0.154,
China,2023-04-10,175.4,-0.154,
China,2023-04-11,175.4,-0.154,
China,2023-04-12,175.4,-0.154,
China,2023-04-13,175.4,-0.154,
China,2023-04-14,175.4,-0.154,
China,2023-04-15,175.4,-0.154,
China,2023-04-16,242.7,-0.154,
China,2023-04-17,242.7,-0.154,
China,2023-04-18,242.7,-0.154,
China,2023-04-19,242.7,-0.154,
China,2023-04-20,242.7,-0.154,
China,2023-04-21,242.7,-0.154,
China,2023-04-22,242.7,-0.154,
China,2023-04-23,315.1,-0.154,
China,2023-04-24,315.1,-0.154,
China,2023-04-25,315.1,-0.154,
China,2023-04-26,315.1,-0.154,
China,2023-04-27,315.1,-0.154,
China,2023-04-28,315.1,-0.154,
China,2023-04-29,315.1,-0.154,
China,2023-04-30,440.3,-0.154,
China,2023-05-01,440.3,-0.154,
China,2023-05-02,440.3,-0.154,
China,2023-05-03,440.3,-0.154,
China,2023-05-04,440.3,-0.154,
China,2023-05-05,440.3,-0.154,
France,2020-01-10,0.0,-0.587,
France,2020-01-11,0.0,-0.587,
France,2020-01-12,0.0,-0.587,
France,2020-01-13,0.0,-0.587,
France,2020-01-14,0.0,-0.587,
France,2020-01-15,0.0,-0.587,
France,2020-01-16,0.0,-0.587,
France,2020-01-17,0.0,-0.587,
France,2020-01-18,0.0,-0.587,
France,2020-01-19,0.0,-0.587,
France,2020-01-20,0.0,-0.587,
France,2020-01-21,0.0,-0.587,
France,2020-01-22,0.0,-0.587,
France,2020-01-23,0.0,-0.587,
France,2020-01-24,0.0,-0.587,
France,2020-01-25,0.0,-0.587,
France,2020-01-26,0.4,-0.587,
France,2020-01-27,0.4,-0.587,
France,2020-01-28,0.4,-0.587,
France,2020-01-29,0.4,-0.587,
France,2020-01-30,0.4,-0.587,
France,2020-01-31,0.4,-0.587,
France,2020-02-01,0.4,-0.587,
France,2020-02-02,0.4,-0.587,
France,2020-02-03,0.4,-0.587,
France,2020-02-04,0.4,-0.587,
France,2020-02-05,0.4,-0.587,
France,2020-02-06,0.4,-0.587,
France,2020-02-07,0.4,-0.587,
France,2020-02-08,0.4,-0.587,
France,2020-02-09,0.9,-0.587,
France,2020-02-10,0.9,-0.587,
France,2020-02-11,0.9,-0.587,
France,2020-02-12,0.9,-0.587,
France,2020-02-13,0.9,-0.587,
France,2020-02-14,0.9,-0.587,
France,2020-02-15,0.9,-0.587,
France,2020-02-16,0.0,-0.587,
France,2020-02-17,0.0,-0.587,
France,2020-02-18,0.0,-0.587,
France,2020-02-19,0.0,-0.587,
France,2020-02-20,0.0,-0.587,
France,2020-02-21,0.0,-0.587,
France,2020-02-22,0.0,-0.587,
France,2020-02-23,0.6,-0.587,
France,2020-02-24,0.6,-0.587,
France,2020-02-25,0.6,-0.587,
France,2020-02-26,0.6,-0.587,
France,2020-02-27,0.6,-0.587,
France,2020-02-28,0.6,-0.587,
France,2020-02-29,0.6,-0.587,
France,2020-03-01,0.0,-0.587,
France,2020-03-02,0.0,-0.587,
France,2020-03-03,0.0,-0.587,
France,2020-03-04,0.0,-0.587,
France,2020-03-05,0.0,-0.587,
France,2020-03-06,0.0,-0.587,
France,2020-03-07,0.0,-0.587,
France,2020-03-08,0.0,-0.587,
France,2020-03-09,0.0,-0.587,
France,2020-03-10,0.0,-0.587,
France,2020-03-11,0.0,-0.587,
France,2020-03-12,0.0,-0.587,
France,2020-03-13,0.0,-0.587,
France,2020-03-14,0.0,-0.587,
France,2020-03-15,0.0,-0.587,
France,2020-03-16,0.0,-0.587,
France,2020-03-17,0.0,-0.587,
France,2020-03-18,0.0,-0.587,
France,2020-03-19,0.0,-0.587,
France,2020-03-20,0.0,-0.587,
France,2020-03-21,0.0,-0.587,
France,2020-03-22,0.0,-0.587,
France,2020-03-23,0.0,-0.587,
France,2020-03-24,0.0,-0.587,
France,2020-03-25,0.0,-0.587,
France,2020-03-26,0.0,-0.587,
France,2020-03-27,0.0,-0.587,
France,2020-03-28,0.0,-0.587,
France,2020-03-29,0.0,-0.587,
France,2020-03-30,0.0,-0.587,
France,2020-03-31,0.0,-0.587,
France,2020-04-01,0.0,-0.587,
France,2020-04-02,0.0,-0.587,
France,2020-04-03,0.0,-0.587,
France,2020-04-04,0.0,-0.587,
France,2020-04-05,0.0,-0.587,
France,2020-04-06,0.0,-0.587,
France,2020-04-07,0.0,-0.587,
France,2020-04-08,0.0,-0.587,
France,2020-04-09,0.0,-0.587,
France,2020-04-10,0.0,-0.587,
France,2020-04-11,0.0,-0.587,
France,2020-04-12,0.0,-0.587,
France,2020-04-13,0.0,-0.587,
France,2020-04-14,0.0,-0.587,
France,2020-04-15,0.0,-0.587,
France,2020-04-16,0.0,-0.587,
France,2020-04-17,0.0,-0.587,
France,2020-04-18,0.0,-0.587,
France,2020-04-19,0.0,-0.587,
France,2020-04-20,0.0,-0.587,
France,2020-04-21,0.0,-0.587,
France,2020-04-22,0.0,-0.587,
France,2020-04-23,0.0,-0.587,
France,2020-04-24,0.0,-0.587,
France,2020-04-25,0.0,-0.587,
France,2020-04-26,0.0,-0.587,
France,2020-04-27,0.0,-0.587,
France,2020-04-28,0.0,-0.587,
France,2020-04-29,0.0,-0.587,
France,2020-04-30,0.0,-0.587,
France,2020-05-01,0.0,-0.587,
France,2020-05-02,0.0,-0.587,
France,2020-05-03,0.0,-0.587,
France,2020-05-04,0.0,-0.587,
France,2020-05-05,0.0,-0.587,
France,2020-05-06,0.0,-0.587,
France,2020-05-07,0.0,-0.587,
France,2020-05-08,0.0,-0.587,
France,2020-05-09,0.0,-0.587,
France,2020-05-10,0.0,-0.587,
France,2020-05-11,0.0,-0.587,
France,2020-05-12,0.0,-0.587,
France,2020-05-13,0.0,-0.587,
France,2020-05-14,0.0,-0.587,
France,2020-05-15,0.0,-0.587,
France,2020-05-16,0.0,-0.587,
France,2020-05-17,96.7,-0.586,
France,2020-05-18,96.7,-0.586,
France,2020-05-19,96.7,-0.586,
France,2020-05-20,96.7,-0.586,
France,2020-05-21,96.7,-0.586,
France,2020-05-22,96.7,-0.586,
France,2020-05-23,96.7,-0.586,
France,2020-05-24,620.0,-0.576,
France,2020-05-25,620.0,-0.576,
France,2020-05-26,620.0,-0.576,
France,2020-05-27,620.0,-0.576,
France,2020-05-28,620.0,-0.576,
France,2020-05-29,620.0,-0.576,
France,2020-05-30,620.0,-0.576,
France,2020-05-31,490.9,-0.578,
France,2020-06-01,490.9,-0.578,
France,2020-06-02,490.9,-0.578,
France,2020-06-03,490.9,-0.578,
France,2020-06-04,490.9,-0.578,
France,2020-06-05,490.9,-0.578,
France,2020-06-06,490.9,-0.578,
France,2020-06-07,392.1,-0.58,
France,2020-06-08,392.1,-0.58,
France,2020-06-09,392.1,-0.58,
France,2020-06-10,392.1,-0.58,
France,2020-06-11,392.1,-0.58,
France,2020-06-12,392.1,-0.58,
France,2020-06-13,392.1,-0.58,
France,2020-06-14,375.3,-0.581,
France,2020-06-15,375.3,-0.581,
France,2020-06-16,375.3,-0.581,
France,2020-06-17,375.3,-0.581,
France,2020-06-18,375.3,-0.581,
France,2020-06-19,375.3,-0.581,
France,2020-06-20,375.3,-0.581,
France,2020-06-21,323.9,-0.582,
France,2020-06-22,323.9,-0.582,
France,2020-06-23,323.9,-0.582,
France,2020-06-24,323.9,-0.582,
France,2020-06-25,323.9,-0.582,
France,2020-06-26,323.9,-0.582,
France,2020-06-27,323.9,-0.582,
France,2020-06-28,289.1,-0.582,
France,2020-06-29,289.1,-0.582,
France,2020-06-30,289.1,-0.582,
France,2020-07-01,289.1,-0.582,
France,2020-07-02,289.1,-0.582,
France,2020-07-03,289.1,-0.582,
France,2020-07-04,289.1,-0.582,
France,2020-07-05,332.0,-0.581,
France,2020-07-06,332.0,-0.581,
France,2020-07-07,332.0,-0.581,
France,2020-07-08,332.0,-0.581,
France,2020-07-09,332.0,-0.581,
France,2020-07-10,332.0,-0.581,
France,2020-07-11,332.0,-0.581,
France,2020-07-12,407.6,-0.58,
France,2020-07-13,407.6,-0.58,
France,2020-07-14,407.6,-0.58,
France,2020-07-15,407.6,-0.58,
France,2020-07-16,407.6,-0.58,
France,2020-07-17,407.6,-0.58,
France,2020-07-18,407.6,-0.58,
France,2020-07-19,501.4,-0.578,
France,2020-07-20,501.4,-0.578,
France,2020-07-21,501.4,-0.578,
France,2020-07-22,501.4,-0.578,
France,2020-07-23,501.4,-0.578,
France,2020-07-24,501.4,-0.578,
France,2020-07-25,501.4,-0.578,
France,2020-07-26,795.0,-0.573,
France,2020-07-27,795.0,-0.573,
France,2020-07-28,795.0,-0.573,
France,2020-07-29,795.0,-0.573,
France,2020-07-30,795.0,-0.573,
France,2020-07-31,795.0,-0.573,
France,2020-08-01,795.0,-0.573,
France,2020-08-02,1096.6,-0.567,
France,2020-08-03,1096.6,-0.567,
France,2020-08-04,1096.6,-0.567,
France,2020-08-05,1096.6,-0.567,
France,2020-08-06,1096.6,-0.567,
France,2020-08-07,1096.6,-0.567,
France,2020-08-08,1096.6,-0.567,
France,2020-08-09,1557.0,-0.559,
France,2020-08-10,1557.0,-0.559,
France,2020-08-11,1557.0,-0.559,
France,2020-08-12,1557.0,-0.559,
France,2020-08-13,1557.0,-0.559,
France,2020-08-14,1557.0,-0.559,
France,2020-08-15,1557.0,-0.559,
France,2020-08-16,2378.6,-0.544,
France,2020-08-17,2378.6,-0.544,
France,2020-08-18,2378.6,-0.544,
France,2020-08-19,2378.6,-0.544,
France,2020-08-20,2378.6,-0.544,
France,2020-08-21,2378.6,-0.544,
France,2020-08-22,2378.6,-0.544,
France,2020-08-23,3601.1,-0.521,
France,2020-08-24,3601.1,-0.521,
France,2020-08-25,3601.1,-0.521,
France,2020-08-26,3601.1,-0.521,
France,2020-08-27,3601.1,-0.521,
France,2020-08-28,3601.1,-0.521,
France,2020-08-29,3601.1,-0.521,
France,2020-08-30,5393.3,-0.489,
France,2020-08-31,5393.3,-0.489,
France,2020-09-01,5393.3,-0.489,
France,2020-09-02,5393.3,-0.489,
France,2020-09-03,5393.3,-0.489,
France,2020-09-04,5393.3,-0.489,
France,2020-09-05,5393.3,-0.489,
France,2020-09-06,7171.0,-0.456,
France,2020-09-07,7171.0,-0.456,
France,2020-09-08,7171.0,-0.456,
France,2020-09-09,7171.0,-0.456,
France,2020-09-10,7171.0,-0.456,
France,2020-09-11,7171.0,-0.456,
France,2020-09-12,7171.0,-0.456,
France,2020-09-13,8776.0,-0.427,
France,2020-09-14,8776.0,-0.427,
France,2020-09-15,8776.0,-0.427,
France,2020-09-16,8776.0,-0.427,
France,2020-09-17,8776.0,-0.427,
France,2020-09-18,8776.0,-0.427,
France,2020-09-19,8776.0,-0.427,
France,2020-09-20,10497.3,-0.395,
France,2020-09-21,10497.3,-0.395,
France,2020-09-22,10497.3,-0.395,
France,2020-09-23,10497.3,-0.395,
France,2020-09-24,10497.3,-0.395,
France,2020-09-25,10497.3,-0.395,
France,2020-09-26,10497.3,-0.395,
France,2020-09-27,10358.4,-0.398,
France,2020-09-28,10358.4,-0.398,
France,2020-09-29,10358.4,-0.398,
France,2020-09-30,10358.4,-0.398,
France,2020-10-01,10358.4,-0.398,
France,2020-10-02,10358.4,-0.398,
France,2020-10-03,10358.4,-0.398,
France,2020-10-04,10688.4,-0.392,
France,2020-10-05,10688.4,-0.392,
France,2020-10-06,10688.4,-0.392,
France,2020-10-07,10688.4,-0.392,
France,2020-10-08,10688.4,-0.392,
France,2020-10-09,10688.4,-0.392,
France,2020-10-10,10688.4,-0.392,
France,2020-10-11,16594.1,-0.283,
France,2020-10-12,16594.1,-0.283,
France,2020-10-13,16594.1,-0.283,
France,2020-10-14,16594.1,-0.283,
France,2020-10-15,16594.1,-0.283,
France,2020-10-16,16594.1,-0.283,
France,2020-10-17,16594.1,-0.283,
France,2020-10-18,23976.4,-0.148,
France,2020-10-19,23976.4,-0.148,
France,2020-10-20,23976.4,-0.148,
France,2020-10-21,23976.4,-0.148,
France,2020-10-22,23976.4,-0.148,
France,2020-10-23,23976.4,-0.148,
France,2020-10-24,23976.4,-0.148,
France,2020-10-25,37332.7,0.097,
France,2020-10-26,37332.7,0.097,
France,2020-10-27,37332.7,0.097,
France,2020-10-28,37332.7,0.097,
France,2020-10-29,37332.7,0.097,
France,2020-10-30,37332.7,0.097,
France,2020-10-31,37332.7,0.097,
France,2020-11-01,47500.7,0.283,
France,2020-11-02,47500.7,0.283,
France,2020-11-03,47500.7,0.283,
France,2020-11-04,47500.7,0.283,
France,2020-11-05,47500.7,0.283,
France,2020-11-06,47500.7,0.283,
France,2020-11-07,47500.7,0.283,
France,2020-11-08,43302.3,0.206,
France,2020-11-09,43302.3,0.206,
France,2020-11-10,43302.3,0.206,
France,2020-11-11,43302.3,0.206,
France,2020-11-12,43302.3,0.206,
France,2020-11-13,43302.3,0.206,
France,2020-11-14,43302.3,0.206,
France,2020-11-15,25204.1,-0.125,
France,2020-11-16,25204.1,-0.125,
France,2020-11-17,25204.1,-0.125,
France,2020-11-18,25204.1,-0.125,
France,2020-11-19,25204.1,-0.125,
France,2020-11-20,25204.1,-0.125,
France,2020-11-21,25204.1,-0.125,
France,2020-11-22,16421.0,-0.286,
France,2020-11-23,16421.0,-0.286,
France,2020-11-24,16421.0,-0.286,
France,2020-11-25,16421.0,-0.286,
France,2020-11-26,16421.0,-0.286,
France,2020-11-27,16421.0,-0.286,
France,2020-11-28,16421.0,-0.286,
France,2020-11-29,11011.0,-0.386,
France,2020-11-30,11011.0,-0.386,
France,2020-12-01,11011.0,-0.386,
France,2020-12-02,11011.0,-0.386,
France,2020-12-03,11011.0,-0.386,
France,2020-12-04,11011.0,-0.386,
France,2020-12-05,11011.0,-0.386,
France,2020-12-06,10196.0,-0.401,
France,2020-12-07,10196.0,-0.401,
France,2020-12-08,10196.0,-0.401,
France,2020-12-09,10196.0,-0.401,
France,2020-12-10,10196.0,-0.401,
France,2020-12-11,10196.0,-0.401,
France,2020-12-12,10196.0,-0.401,
France,2020-12-13,11096.3,-0.384,
France,2020-12-14,11096.3,-0.384,
France,2020-12-15,11096.3,-0.384,
France,2020-12-16,11096.3,-0.384,
France,2020-12-17,11096.3,-0.384,
France,2020-12-18,11096.3,-0.384,
France,2020-12-19,11096.3,-0.384,
France,2020-12-20,13274.1,-0.344,
France,2020-12-21,13274.1,-0.344,
France,2020-12-22,13274.1,-0.344,
France,2020-12-23,13274.1,-0.344,
France,2020-12-24,13274.1,-0.344,
France,2020-12-25,13274.1,-0.344,
France,2020-12-26,13274.1,-0.344,
France,2020-12-27,11984.0,-0.368,
France,2020-12-28,11984.0,-0.368,
France,2020-12-29,11984.0,-0.368,
France,2020-12-30,11984.0,-0.368,
France,2020-12-31,11984.0,-0.368,
France,2021-01-01,11984.0,-0.368,
France,2021-01-02,11984.0,-0.368,
France,2021-01-03,12706.9,-0.355,
France,2021-01-04,12706.9,-0.355,
France,2021-01-05,12706.9,-0.355,
France,2021-01-06,12706.9,-0.355,
France,2021-01-07,12706.9,-0.355,
France,2021-01-08,12706.9,-0.355,
France,2021-01-09,12706.9,-0.355,
France,2021-01-10,17466.1,-0.267,
France,2021-01-11,17466.1,-0.267,
France,2021-01-12,17466.1,-0.267,
France,2021-01-13,17466.1,-0.267,
France,2021-01-14,17466.1,-0.267,
France,2021-01-15,17466.1,-0.267,
France,2021-01-16,17466.1,-0.267,
France,2021-01-17,16977.4,-0.276,
France,2021-01-18,16977.4,-0.276,
France,2021-01-19,16977.4,-0.276,
France,2021-01-20,16977.4,-0.276,
France,2021-01-21,16977.4,-0.276,
France,2021-01-22,16977.4,-0.276,
France,2021-01-23,16977.4,-0.276,
France,2021-01-24,18592.7,-0.247,
France,2021-01-25,18592.7,-0.247,
France,2021-01-26,18592.7,-0.247,
France,2021-01-27,18592.7,-0.247,
France,2021-01-28,18592.7,-0.247,
France,2021-01-29,18592.7,-0.247,
France,2021-01-30,18592.7,-0.247,
France,2021-01-31,18946.3,-0.24,
France,2021-02-01,18946.3,-0.24,
France,2021-02-02,18946.3,-0.24,
France,2021-02-03,18946.3,-0.24,
France,2021-02-04,18946.3,-0.24,
France,2021-02-05,18946.3,-0.24,
France,2021-02-06,18946.3,-0.24,
France,2021-02-07,18350.1,-0.251,
France,2021-02-08,18350.1,-0.251,
France,2021-02-09,18350.1,-0.251,
France,2021-02-10,18350.1,-0.251,
France,2021-02-11,18350.1,-0.251,
France,2021-02-12,18350.1,-0.251,
France,2021-02-13,18350.1,-0.251,
France,2021-02-14,15776.6,-0.298,
France,2021-02-15,15776.6,-0.298,
France,2021-02-16,15776.6,-0.298,
France,2021-02-17,15776.6,-0.298,
France,2021-02-18,15776.6,-0.298,
France,2021-02-19,15776.6,-0.298,
France,2021-02-20,15776.6,-0.298,
France,2021-02-21,16793.0,-0.28,
France,2021-02-22,16793.0,-0.28,
France,2021-02-23,16793.0,-0.28,
France,2021-02-24,16793.0,-0.28,
France,2021-02-25,16793.0,-0.28,
France,2021-02-26,16793.0,-0.28,
France,2021-02-27,16793.0,-0.28,
France,2021-02-28,18242.3,-0.253,
France,2021-03-01,18242.3,-0.253,
France,2021-03-02,18242.3,-0.253,
France,2021-03-03,18242.3,-0.253,
France,2021-03-04,18242.3,-0.253,
France,2021-03-05,18242.3,-0.253,
France,2021-03-06,18242.3,-0.253,
France,2021-03-07,17751.3,-0.262,
France,2021-03-08,17751.3,-0.262,
France,2021-03-09,17751.3,-0.262,
France,2021-03-10,17751.3,-0.262,
France,2021-03-11,17751.3,-0.262,
France,2021-03-12,17751.3,-0.262,
France,2021-03-13,17751.3,-0.262,
France,2021-03-14,20425.4,-0.213,
France,2021-03-15,20425.4,-0.213,
France,2021-03-16,20425.4,-0.213,
France,2021-03-17,20425.4,-0.213,
France,2021-03-18,20425.4,-0.213,
France,2021-03-19,20425.4,-0.213,
France,2021-03-20,20425.4,-0.213,
France,2021-03-21,26260.4,-0.106,
France,2021-03-22,26260.4,-0.106,
France,2021-03-23,26260.4,-0.106,
France,2021-03-24,26260.4,-0.106,
France,2021-03-25,26260.4,-0.106,
France,2021-03-26,26260.4,-0.106,
France,2021-03-27,26260.4,-0.106,
France,2021-03-28,31994.9,-0.001,
France,2021-03-29,31994.9,-0.001,
France,2021-03-30,31994.9,-0.001,
France,2021-03-31,31994.9,-0.001,
France,2021-04-01,31994.9,-0.001,
France,2021-04-02,31994.9,-0.001,
France,2021-04-03,31994.9,-0.001,
France,2021-04-04,34629.6,0.047,
France,2021-04-05,34629.6,0.047,
France,2021-04-06,34629.6,0.047,
France,2021-04-07,34629.6,0.047,
France,2021-04-08,34629.6,0.047,
France,2021-04-09,34629.6,0.047,
France,2021-04-10,34629.6,0.047,
France,2021-04-11,29031.1,-0.055,
France,2021-04-12,29031.1,-0.055,
France,2021-04-13,29031.1,-0.055,
France,2021-04-14,29031.1,-0.055,
France,2021-04-15,29031.1,-0.055,
France,2021-04-16,29031.1,-0.055,
France,2021-04-17,29031.1,-0.055,
France,2021-04-18,28879.1,-0.058,
France,2021-04-19,28879.1,-0.058,
France,2021-04-20,28879.1,-0.058,
France,2021-04-21,28879.1,-0.058,
France,2021-04-22,28879.1,-0.058,
France,2021-04-23,28879.1,-0.058,
France,2021-04-24,28879.1,-0.058,
France,2021-04-25,25637.4,-0.117,
France,2021-04-26,25637.4,-0.117,
France,2021-04-27,25637.4,-0.117,
France,2021-04-28,25637.4,-0.117,
France,2021-04-29,25637.4,-0.117,
France,2021-04-30,25637.4,-0.117,
France,2021-05-01,25637.4,-0.117,
France,2021-05-02,20415.4,-0.213,
France,2021-05-03,20415.4,-0.213,
France,2021-05-04,20415.4,-0.213,
France,2021-05-05,20415.4,-0.213,
France,2021-05-06,20415.4,-0.213,
France,2021-05-07,20415.4,-0.213,
France,2021-05-08,20415.4,-0.213,
France,2021-05-09,15232.7,-0.308,
France,2021-05-10,15232.7,-0.308,
France,2021-05-11,15232.7,-0.308,
France,2021-05-12,15232.7,-0.308,
France,2021-05-13,15232.7,-0.308,
France,2021-05-14,15232.7,-0.308,
France,2021-05-15,15232.7,-0.308,
France,2021-05-16,11552.9,-0.376,
France,2021-05-17,11552.9,-0.376,
France,2021-05-18,11552.9,-0.376,
France,2021-05-19,11552.9,-0.376,
France,2021-05-20,11552.9,-0.376,
France,2021-05-21,11552.9,-0.376,
France,2021-05-22,11552.9,-0.376,
France,2021-05-23,11922.1,-0.369,
France,2021-05-24,11922.1,-0.369,
France,2021-05-25,11922.1,-0.369,
France,2021-05-26,11922.1,-0.369,
France,2021-05-27,11922.1,-0.369,
France,2021-05-28,11922.1,-0.369,
France,2021-05-29,11922.1,-0.369,
France,2021-05-30,8627.3,-0.429,
France,2021-05-31,8627.3,-0.429,
France,2021-06-01,8627.3,-0.429,
France,2021-06-02,8627.3,-0.429,
France,2021-06-03,8627.3,-0.429,
France,2021-06-04,8627.3,-0.429,
France,2021-06-05,8627.3,-0.429,
France,2021-06-06,6640.4,-0.466,
France,2021-06-07,6640.4,-0.466,
France,2021-06-08,6640.4,-0.466,
France,2021-06-09,6640.4,-0.466,
France,2021-06-10,6640.4,-0.466,
France,2021-06-11,6640.4,-0.466,
France,2021-06-12,6640.4,-0.466,
France,2021-06-13,3857.7,-0.517,
France,2021-06-14,3857.7,-0.517,
France,2021-06-15,3857.7,-0.517,
France,2021-06-16,3857.7,-0.517,
France,2021-06-17,3857.7,-0.517,
France,2021-06-18,3857.7,-0.517,
France,2021-06-19,3857.7,-0.517,
France,2021-06-20,2117.1,-0.549,
France,2021-06-21,2117.1,-0.549,
France,2021-06-22,2117.1,-0.549,
France,2021-06-23,2117.1,-0.549,
France,2021-06-24,2117.1,-0.549,
France,2021-06-25,2117.1,-0.549,
France,2021-06-26,2117.1,-0.549,
France,2021-06-27,1527.1,-0.559,
France,2021-06-28,1527.1,-0.559,
France,2021-06-29,1527.1,-0.559,
France,2021-06-30,1527.1,-0.559,
France,2021-07-01,1527.1,-0.559,
France,2021-07-02,1527.1,-0.559,
France,2021-07-03,1527.1,-0.559,
France,2021-07-04,1986.6,-0.551,
France,2021-07-05,1986.6,-0.551,
France,2021-07-06,1986.6,-0.551,
France,2021-07-07,1986.6,-0.551,
France,2021-07-08,1986.6,-0.551,
France,2021-07-09,1986.6,-0.551,
France,2021-07-10,1986.6,-0.551,
France,2021-07-11,3331.1,-0.526,
France,2021-07-12,3331.1,-0.526,
France,2021-07-13,3331.1,-0.526,
France,2021-07-14,3331.1,-0.526,
France,2021-07-15,3331.1,-0.526,
France,2021-07-16,3331.1,-0.526,
France,2021-07-17,3331.1,-0.526,
France,2021-07-18,6665.1,-0.465,
France,2021-07-19,6665.1,-0.465,
France,2021-07-20,6665.1,-0.465,
France,2021-07-21,6665.1,-0.465,
France,2021-07-22,6665.1,-0.465,
France,2021-07-23,6665.1,-0.465,
France,2021-07-24,6665.1,-0.465,
France,2021-07-25,16868.3,-0.278,
France,2021-07-26,16868.3,-0.278,
France,2021-07-27,16868.3,-0.278,
France,2021-07-28,16868.3,-0.278,
France,2021-07-29,16868.3,-0.278,
France,2021-07-30,16868.3,-0.278,
France,2021-07-31,16868.3,-0.278,
France,2021-08-01,20454.7,-0.212,
France,2021-08-02,20454.7,-0.212,
France,2021-08-03,20454.7,-0.212,
France,2021-08-04,20454.7,-0.212,
France,2021-08-05,20454.7,-0.212,
France,2021-08-06,20454.7,-0.212,
France,2021-08-07,20454.7,-0.212,
France,2021-08-08,21019.3,-0.202,
France,2021-08-09,21019.3,-0.202,
France,2021-08-10,21019.3,-0.202,
France,2021-08-11,21019.3,-0.202,
France,2021-08-12,21019.3,-0.202,
France,2021-08-13,21019.3,-0.202,
France,2021-08-14,21019.3,-0.202,
France,2021-08-15,21561.4,-0.192,
France,2021-08-16,21561.4,-0.192,
France,2021-08-17,21561.4,-0.192,
France,2021-08-18,21561.4,-0.192,
France,2021-08-19,21561.4,-0.192,
France,2021-08-20,21561.4,-0.192,
France,2021-08-21,21561.4,-0.192,
France,2021-08-22,19081.6,-0.238,
France,2021-08-23,19081.6,-0.238,
France,2021-08-24,19081.6,-0.238,
France,2021-08-25,19081.6,-0.238,
France,2021-08-26,19081.6,-0.238,
France,2021-08-27,19081.6,-0.238,
France,2021-08-28,19081.6,-0.238,
France,2021-08-29,16017.7,-0.294,
France,2021-08-30,16017.7,-0.294,
France,2021-08-31,16017.7,-0.294,
France,2021-09-01,16017.7,-0.294,
France,2021-09-02,16017.7,-0.294,
France,2021-09-03,16017.7,-0.294,
France,2021-09-04,16017.7,-0.294,
France,2021-09-05,12254.6,-0.363,
France,2021-09-06,12254.6,-0.363,
France,2021-09-07,12254.6,-0.363,
France,2021-09-08,12254.6,-0.363,
France,2021-09-09,12254.6,-0.363,
France,2021-09-10,12254.6,-0.363,
France,2021-09-11,12254.6,-0.363,
France,2021-09-12,9260.0,-0.418,
France,2021-09-13,9260.0,-0.418,
France,2021-09-14,9260.0,-0.418,
France,2021-09-15,9260.0,-0.418,
France,2021-09-16,9260.0,-0.418,
France,2021-09-17,9260.0,-0.418,
France,2021-09-18,9260.0,-0.418,
France,2021-09-19,6676.6,-0.465,
France,2021-09-20,6676.6,-0.465,
France,2021-09-21,6676.6,-0.465,
France,2021-09-22,6676.6,-0.465,
France,2021-09-23,6676.6,-0.465,
France,2021-09-24,6676.6,-0.465,
France,2021-09-25,6676.6,-0.465,
France,2021-09-26,5159.1,-0.493,
France,2021-09-27,5159.1,-0.493,
France,2021-09-28,5159.1,-0.493,
France,2021-09-29,5159.1,-0.493,
France,2021-09-30,5159.1,-0.493,
France,2021-10-01,5159.1,-0.493,
France,2021-10-02,5159.1,-0.493,
France,2021-10-03,4416.6,-0.507,
France,2021-10-04,4416.6,-0.507,
France,2021-10-05,4416.6,-0.507,
France,2021-10-06,4416.6,-0.507,
France,2021-10-07,4416.6,-0.507,
France,2021-10-08,4416.6,-0.507,
France,2021-10-09,4416.6,-0.507,
France,2021-10-10,3763.7,-0.518,
France,2021-10-11,3763.7,-0.518,
France,2021-10-12,3763.7,-0.518,
France,2021-10-13,3763.7,-0.518,
France,2021-10-14,3763.7,-0.518,
France,2021-10-15,3763.7,-0.518,
France,2021-10-16,3763.7,-0.518,
France,2021-10-17,4442.1,-0.506,
France,2021-10-18,4442.1,-0.506,
France,2021-10-19,4442.1,-0.506,
France,2021-10-20,4442.1,-0.506,
France,2021-10-21,4442.1,-0.506,
France,2021-10-22,4442.1,-0.506,
France,2021-10-23,4442.1,-0.506,
France,2021-10-24,4891.6,-0.498,
France,2021-10-25,4891.6,-0.498,
France,2021-10-26,4891.6,-0.498,
France,2021-10-27,4891.6,-0.498,
France,2021-10-28,4891.6,-0.498,
France,2021-10-29,4891.6,-0.498,
France,2021-10-30,4891.6,-0.498,
France,2021-10-31,5489.3,-0.487,
France,2021-11-01,5489.3,-0.487,
France,2021-11-02,5489.3,-0.487,
France,2021-11-03,5489.3,-0.487,
France,2021-11-04,5489.3,-0.487,
France,2021-11-05,5489.3,-0.487,
France,2021-11-06,5489.3,-0.487,
France,2021-11-07,6865.3,-0.462,
France,2021-11-08,6865.3,-0.462,
France,2021-11-09,6865.3,-0.462,
France,2021-11-10,6865.3,-0.462,
France,2021-11-11,6865.3,-0.462,
France,2021-11-12,6865.3,-0.462,
France,2021-11-13,6865.3,-0.462,
France,2021-11-14,9480.1,-0.414,
France,2021-11-15,9480.1,-0.414,
France,2021-11-16,9480.1,-0.414,
France,2021-11-17,9480.1,-0.414,
France,2021-11-18,9480.1,-0.414,
France,2021-11-19,9480.1,-0.414,
France,2021-11-20,9480.1,-0.414,
France,2021-11-21,17100.1,-0.274,
France,2021-11-22,17100.1,-0.274,
France,2021-11-23,17100.1,-0.274,
France,2021-11-24,17100.1,-0.274,
France,2021-11-25,17100.1,-0.274,
France,2021-11-26,17100.1,-0.274,
France,2021-11-27,17100.1,-0.274,
France,2021-11-28,27888.9,-0.076,
France,2021-11-29,27888.9,-0.076,
France,2021-11-30,27888.9,-0.076,
France,2021-12-01,27888.9,-0.076,
France,2021-12-02,27888.9,-0.076,
France,2021-12-03,27888.9,-0.076,
France,2021-12-04,27888.9,-0.076,
France,2021-12-05,41257.0,0.169,
France,2021-12-06,41257.0,0.169,
France,2021-12-07,41257.0,0.169,
France,2021-12-08,41257.0,0.169,
France,2021-12-09,41257.0,0.169,
France,2021-12-10,41257.0,0.169,
France,2021-12-11,41257.0,0.169,
France,2021-12-12,48183.6,0.296,
France,2021-12-13,48183.6,0.296,
France,2021-12-14,48183.6,0.296,
France,2021-12-15,48183.6,0.296,
France,2021-12-16,48183.6,0.296,
France,2021-12-17,48183.6,0.296,
France,2021-12-18,48183.6,0.296,
France,2021-12-19,51521.7,0.357,
France,2021-12-20,51521.7,0.357,
France,2021-12-21,51521.7,0.357,
France,2021-12-22,51521.7,0.357,
France,2021-12-23,51521.7,0.357,
France,2021-12-24,51521.7,0.357,
France,2021-12-25,51521.7,0.357,
France,2021-12-26,74248.6,0.774,
France,2021-12-27,74248.6,0.774,
France,2021-12-28,74248.6,0.774,
France,2021-12-29,74248.6,0.774,
France,2021-12-30,74248.6,0.774,
France,2021-12-31,74248.6,0.774,
France,2022-01-01,74248.6,0.774,
France,2022-01-02,162960.6,2.4,Y
France,2022-01-03,162960.6,2.4,Y
France,2022-01-04,162960.6,2.4,Y
France,2022-01-05,162960.6,2.4,Y
France,2022-01-06,162960.6,2.4,Y
France,2022-01-07,162960.6,2.4,Y
France,2022-01-08,162960.6,2.4,Y
France,2022-01-09,246602.4,3.934,Y
France,2022-01-10,246602.4,3.934,Y
France,2022-01-11,246602.4,3.934,Y
France,2022-01-12,246602.4,3.934,Y
France,2022-01-13,246602.4,3.934,Y
France,2022-01-14,246602.4,3.934,Y
France,2022-01-15,246602.4,3.934,Y
France,2022-01-16,280273.1,4.551,Y
France,2022-01-17,280273.1,4.551,Y
France,2022-01-18,280273.1,4.551,Y
France,2022-01-19,280273.1,4.551,Y
France,2022-01-20,280273.1,4.551,Y
France,2022-01-21,280273.1,4.551,Y
France,2022-01-22,280273.1,4.551,Y
France,2022-01-23,345291.9,5.743,Y
France,2022-01-24,345291.9,5.743,Y
France,2022-01-25,345291.9,5.743,Y
France,2022-01-26,345291.9,5.743,Y
France,2022-01-27,345291.9,5.743,Y
France,2022-01-28,345291.9,5.743,Y
France,2022-01-29,345291.9,5.743,Y
France,2022-01-30,332767.7,5.514,Y
France,2022-01-31,332767.7,5.514,Y
France,2022-02-01,332767.7,5.514,Y
France,2022-02-02,332767.7,5.514,Y
France,2022-02-03,332767.7,5.514,Y
France,2022-02-04,332767.7,5.514,Y
France,2022-02-05,332767.7,5.514,Y
France,2022-02-06,243941.1,3.885,Y
France,2022-02-07,243941.1,3.885,Y
France,2022-02-08,243941.1,3.885,Y
France,2022-02-09,243941.1,3.885,Y
France,2022-02-10,243941.1,3.885,Y
France,2022-02-11,243941.1,3.885,Y
France,2022-02-12,243941.1,3.885,Y
France,2022-02-13,136948.4,1.923,
France,2022-02-14,136948.4,1.923,
France,2022-02-15,136948.4,1.923,
France,2022-02-16,136948.4,1.923,
France,2022-02-17,136948.4,1.923,
France,2022-02-18,136948.4,1.923,
France,2022-02-19,136948.4,1.923,
France,2022-02-20,80849.6,0.895,
France,2022-02-21,80849.6,0.895,
France,2022-02-22,80849.6,0.895,
France,2022-02-23,80849.6,0.895,
France,2022-02-24,80849.6,0.895,
France,2022-02-25,80849.6,0.895,
France,2022-02-26,80849.6,0.895,
France,2022-02-27,56221.3,0.443,
France,2022-02-28,56221.3,0.443,
France,2022-03-01,56221.3,0.443,
France,2022-03-02,56221.3,0.443,
France,2022-03-03,56221.3,0.443,
France,2022-03-04,56221.3,0.443,
France,2022-03-05,56221.3,0.443,
France,2022-03-06,49754.9,0.325,
France,2022-03-07,49754.9,0.325,
France,2022-03-08,49754.9,0.325,
France,2022-03-09,49754.9,0.325,
France,2022-03-10,49754.9,0.325,
France,2022-03-11,49754.9,0.325,
France,2022-03-12,49754.9,0.325,
France,2022-03-13,59889.7,0.511,
France,2022-03-14,59889.7,0.511,
France,2022-03-15,59889.7,0.511,
France,2022-03-16,59889.7,0.511,
France,2022-03-17,59889.7,0.511,
France,2022-03-18,59889.7,0.511,
France,2022-03-19,59889.7,0.511,
France,2022-03-20,83761.1,0.948,
France,2022-03-21,83761.1,0.948,
France,2022-03-22,83761.1,0.948,
France,2022-03-23,83761.1,0.948,
France,2022-03-24,83761.1,0.948,
France,2022-03-25,83761.1,0.948,
France,2022-03-26,83761.1,0.948,
France,2022-03-27,121713.3,1.644,
France,2022-03-28,121713.3,1.644,
France,2022-03-29,121713.3,1.644,
France,2022-03-30,121713.3,1.644,
France,2022-03-31,121713.3,1.644,
France,2022-04-01,121713.3,1.644,
France,2022-04-02,121713.3,1.644,
France,2022-04-03,137051.1,1.925,
France,2022-04-04,137051.1,1.925,
France,2022-04-05,137051.1,1.925,
France,2022-04-06,137051.1,1.925,
France,2022-04-07,137051.1,1.925,
France,2022-04-08,137051.1,1.925,
France,2022-04-09,137051.1,1.925,
France,2022-04-10,132624.7,1.844,
France,2022-04-11,132624.7,1.844,
France,2022-04-12,132624.7,1.844,
France,2022-04-13,132624.7,1.844,
France,2022-04-14,132624.7,1.844,
France,2022-04-15,132624.7,1.844,
France,2022-04-16,132624.7,1.844,
France,2022-04-17,117491.1,1.567,
France,2022-04-18,117491.1,1.567,
France,2022-04-19,117491.1,1.567,
France,2022-04-20,117491.1,1.567,
France,2022-04-21,117491.1,1.567,
France,2022-04-22,117491.1,1.567,
France,2022-04-23,117491.1,1.567,
France,2022-04-24,77023.0,0.825,
France,2022-04-25,77023.0,0.825,
France,2022-04-26,77023.0,0.825,
France,2022-04-27,77023.0,0.825,
France,2022-04-28,77023.0,0.825,
France,2022-04-29,77023.0,0.825,
France,2022-04-30,77023.0,0.825,
France,2022-05-01,53787.1,0.399,
France,2022-05-02,53787.1,0.399,
France,2022-05-03,53787.1,0.399,
France,2022-05-04,53787.1,0.399,
France,2022-05-05,53787.1,0.399,
France,2022-05-06,53787.1,0.399,
France,2022-05-07,53787.1,0.399,
France,2022-05-08,37846.9,0.106,
France,2022-05-09,37846.9,0.106,
France,2022-05-10,37846.9,0.106,
France,2022-05-11,37846.9,0.106,
France,2022-05-12,37846.9,0.106,
France,2022-05-13,37846.9,0.106,
France,2022-05-14,37846.9,0.106,
France,2022-05-15,30959.3,-0.02,
France,2022-05-16,30959.3,-0.02,
France,2022-05-17,30959.3,-0.02,
France,2022-05-18,30959.3,-0.02,
France,2022-05-19,30959.3,-0.02,
France,2022-05-20,30959.3,-0.02,
France,2022-05-21,30959.3,-0.02,
France,2022-05-22,23177.0,-0.163,
France,2022-05-23,23177.0,-0.163,
France,2022-05-24,23177.0,-0.163,
France,2022-05-25,23177.0,-0.163,
France,2022-05-26,23177.0,-0.163,
France,2022-05-27,23177.0,-0.163,
France,2022-05-28,23177.0,-0.163,
France,2022-05-29,16193.6,-0.291,
France,2022-05-30,16193.6,-0.291,
France,2022-05-31,16193.6,-0.291,
France,2022-06-01,16193.6,-0.291,
France,2022-06-02,16193.6,-0.291,
France,2022-06-03,16193.6,-0.291,
France,2022-06-04,16193.6,-0.291,
France,2022-06-05,21153.3,-0.2,
France,2022-06-06,21153.3,-0.2,
France,2022-06-07,21153.3,-0.2,
France,2022-06-08,21153.3,-0.2,
France,2022-06-09,21153.3,-0.2,
France,2022-06-10,21153.3,-0.2,
France,2022-06-11,21153.3,-0.2,
France,2022-06-12,27687.6,-0.08,
France,2022-06-13,27687.6,-0.08,
France,2022-06-14,27687.6,-0.08,
France,2022-06-15,27687.6,-0.08,
France,2022-06-16,27687.6,-0.08,
France,2022-06-17,27687.6,-0.08,
France,2022-06-18,27687.6,-0.08,
France,2022-06-19,42561.0,0.193,
France,2022-06-20,42561.0,0.193,
France,2022-06-21,42561.0,0.193,
France,2022-06-22,42561.0,0.193,
France,2022-06-23,42561.0,0.193,
France,2022-06-24,42561.0,0.193,
France,2022-06-25,42561.0,0.193,
France,2022-06-26,65243.6,0.609,
France,2022-06-27,65243.6,0.609,
France,2022-06-28,65243.6,0.609,
France,2022-06-29,65243.6,0.609,
France,2022-06-30,65243.6,0.609,
France,2022-07-01,65243.6,0.609,
France,2022-07-02,65243.6,0.609,
France,2022-07-03,104512.3,1.329,
France,2022-07-04,104512.3,1.329,
France,2022-07-05,104512.3,1.329,
France,2022-07-06,104512.3,1.329,
France,2022-07-07,104512.3,1.329,
France,2022-07-08,104512.3,1.329,
France,2022-07-09,104512.3,1.329,
France,2022-07-10,129138.4,1.78,
France,2022-07-11,129138.4,1.78,
France,2022-07-12,129138.4,1.78,
France,2022-07-13,129138.4,1.78,
France,2022-07-14,129138.4,1.78,
France,2022-07-15,129138.4,1.78,
France,2022-07-16,129138.4,1.78,
France,2022-07-17,97683.4,1.203,
France,2022-07-18,97683.4,1.203,
France,2022-07-19,97683.4,1.203,
France,2022-07-20,97683.4,1.203,
France,2022-07-21,97683.4,1.203,
France,2022-07-22,97683.4,1.203,
France,2022-07-23,97683.4,1.203,
France,2022-07-24,74613.7,0.78,
France,2022-07-25,74613.7,0.78,
France,2022-07-26,74613.7,0.78,
France,2022-07-27,74613.7,0.78,
France,2022-07-28,74613.7,0.78,
France,2022-07-29,74613.7,0.78,
France,2022-07-30,74613.7,0.78,
France,2022-07-31,47061.6,0.275,
France,2022-08-01,47061.6,0.275,
France,2022-08-02,47061.6,0.275,
France,2022-08-03,47061.6,0.275,
France,2022-08-04,47061.6,0.275,
France,2022-08-05,47061.6,0.275,
France,2022-08-06,47061.6,0.275,
France,2022-08-07,30313.6,-0.032,
France,2022-08-08,30313.6,-0.032,
France,2022-08-09,30313.6,-0.032,
France,2022-08-10,30313.6,-0.032,
France,2022-08-11,30313.6,-0.032,
France,2022-08-12,30313.6,-0.032,
France,2022-08-13,30313.6,-0.032,
France,2022-08-14,21598.0,-0.192,
France,2022-08-15,21598.0,-0.192,
France,2022-08-16,21598.0,-0.192,
France,2022-08-17,21598.0,-0.192,
France,2022-08-18,21598.0,-0.192,
France,2022-08-19,21598.0,-0.192,
France,2022-08-20,21598.0,-0.192,
France,2022-08-21,17030.9,-0.275,
France,2022-08-22,17030.9,-0.275,
France,2022-08-23,17030.9,-0.275,
France,2022-08-24,17030.9,-0.275,
France,2022-08-25,17030.9,-0.275,
France,2022-08-26,17030.9,-0.275,
France,2022-08-27,17030.9,-0.275,
France,2022-08-28,16719.9,-0.281,
France,2022-08-29,16719.9,-0.281,
France,2022-08-30,16719.9,-0.281,
France,2022-08-31,16719.9,-0.281,
France,2022-09-01,16719.9,-0.281,
France,2022-09-02,16719.9,-0.281,
France,2022-09-03,16719.9,-0.281,
France,2022-09-04,15224.4,-0.308,
France,2022-09-05,15224.4,-0.308,
France,2022-09-06,15224.4,-0.308,
France,2022-09-07,15224.4,-0.308,
France,2022-09-08,15224.4,-0.308,
France,2022-09-09,15224.4,-0.308,
France,2022-09-10,15224.4,-0.308,
France,2022-09-11,16053.4,-0.293,
France,2022-09-12,16053.4,-0.293,
France,2022-09-13,16053.4,-0.293,
France,2022-09-14,16053.4,-0.293,
France,2022-09-15,16053.4,-0.293,
France,2022-09-16,16053.4,-0.293,
France,2022-09-17,16053.4,-0.293,
France,2022-09-18,26979.0,-0.093,
France,2022-09-19,26979.0,-0.093,
France,2022-09-20,26979.0,-0.093,
France,2022-09-21,26979.0,-0.093,
France,2022-09-22,26979.0,-0.093,
France,2022-09-23,26979.0,-0.093,
France,2022-09-24,26979.0,-0.093,
France,2022-09-25,32961.7,0.017,
France,2022-09-26,32961.7,0.017,
France,2022-09-27,32961.7,0.017,
France,2022-09-28,32961.7,0.017,
France,2022-09-29,32961.7,0.017,
France,2022-09-30,32961.7,0.017,
France,2022-10-01,32961.7,0.017,
France,2022-10-02,44302.0,0.225,
France,2022-10-03,44302.0,0.225,
France,2022-10-04,44302.0,0.225,
France,2022-10-05,44302.0,0.225,
France,2022-10-06,44302.0,0.225,
France,2022-10-07,44302.0,0.225,
France,2022-10-08,44302.0,0.225,
France,2022-10-09,55067.7,0.422,
France,2022-10-10,55067.7,0.422,
France,2022-10-11,55067.7,0.422,
France,2022-10-12,55067.7,0.422,
France,2022-10-13,55067.7,0.422,
France,2022-10-14,55067.7,0.422,
France,2022-10-15,55067.7,0.422,
France,2022-10-16,56010.4,0.439,
France,2022-10-17,56010.4,0.439,
France,2022-10-18,56010.4,0.439,
France,2022-10-19,56010.4,0.439,
France,2022-10-20,56010.4,0.439,
France,2022-10-21,56010.4,0.439,
France,2022-10-22,56010.4,0.439,
France,2022-10-23,49806.6,0.326,
France,2022-10-24,49806.6,0.326,
France,2022-10-25,49806.6,0.326,
France,2022-10-26,49806.6,0.326,
France,2022-10-27,49806.6,0.326,
France,2022-10-28,49806.6,0.326,
France,2022-10-29,49806.6,0.326,
France,2022-10-30,31840.7,-0.004,
France,2022-10-31,31840.7,-0.004,
France,2022-11-01,31840.7,-0.004,
France,2022-11-02,31840.7,-0.004,
France,2022-11-03,31840.7,-0.004,
France,2022-11-04,31840.7,-0.004,
France,2022-11-05,31840.7,-0.004,
France,2022-11-06,21945.3,-0.185,
France,2022-11-07,21945.3,-0.185,
France,2022-11-08,21945.3,-0.185,
France,2022-11-09,21945.3,-0.185,
France,2022-11-10,21945.3,-0.185,
France,2022-11-11,21945.3,-0.185,
France,2022-11-12,21945.3,-0.185,
France,2022-11-13,21579.3,-0.192,
France,2022-11-14,21579.3,-0.192,
France,2022-11-15,21579.3,-0.192,
France,2022-11-16,21579.3,-0.192,
France,2022-11-17,21579.3,-0.192,
France,2022-11-18,21579.3,-0.192,
France,2022-11-19,21579.3,-0.192,
France,2022-11-20,31669.9,-0.007,
France,2022-11-21,31669.9,-0.007,
France,2022-11-22,31669.9,-0.007,
France,2022-11-23,31669.9,-0.007,
France,2022-11-24,31669.9,-0.007,
France,2022-11-25,31669.9,-0.007,
France,2022-11-26,31669.9,-0.007,
France,2022-11-27,41947.4,0.182,
France,2022-11-28,41947.4,0.182,
France,2022-11-29,41947.4,0.182,
France,2022-11-30,41947.4,0.182,
France,2022-12-01,41947.4,0.182,
France,2022-12-02,41947.4,0.182,
France,2022-12-03,41947.4,0.182,
France,2022-12-04,54867.1,0.418,
France,2022-12-05,54867.1,0.418,
France,2022-12-06,54867.1,0.418,
France,2022-12-07,54867.1,0.418,
France,2022-12-08,54867.1,0.418,
France,2022-12-09,54867.1,0.418,
France,2022-12-10,54867.1,0.418,
France,2022-12-11,61382.7,0.538,
France,2022-12-12,61382.7,0.538,
France,2022-12-13,61382.7,0.538,
France,2022-12-14,61382.7,0.538,
France,2022-12-15,61382.7,0.538,
France,2022-12-16,61382.7,0.538,
France,2022-12-17,61382.7,0.538,
France,2022-12-18,55884.6,0.437,
France,2022-12-19,55884.6,0.437,
France,2022-12-20,55884.6,0.437,
France,2022-12-21,55884.6,0.437,
France,2022-12-22,55884.6,0.437,
France,2022-12-23,55884.6,0.437,
France,2022-12-24,55884.6,0.437,
France,2022-12-25,42834.6,0.198,
France,2022-12-26,42834.6,0.198,
France,2022-12-27,42834.6,0.198,
France,2022-12-28,42834.6,0.198,
France,2022-12-29,42834.6,0.198,
France,2022-12-30,42834.6,0.198,
France,2022-12-31,42834.6,0.198,
France,2023-01-01,21672.4,-0.19,
France,2023-01-02,21672.4,-0.19,
France,2023-01-03,21672.4,-0.19,
France,2023-01-04,21672.4,-0.19,
France,2023-01-05,21672.4,-0.19,
France,2023-01-06,21672.4,-0.19,
France,2023-01-07,21672.4,-0.19,
France,2023-01-08,11547.0,-0.376,
France,2023-01-09,11547.0,-0.376,
France,2023-01-10,11547.0,-0.376,
France,2023-01-11,11547.0,-0.376,
France,2023-01-12,11547.0,-0.376,
France,2023-01-13,11547.0,-0.376,
France,2023-01-14,11547.0,-0.376,
France,2023-01-15,6217.7,-0.473,
France,2023-01-16,6217.7,-0.473,
France,2023-01-17,6217.7,-0.473,
France,2023-01-18,6217.7,-0.473,
France,2023-01-19,6217.7,-0.473,
France,2023-01-20,6217.7,-0.473,
France,2023-01-21,6217.7,-0.473,
France,2023-01-22,4527.6,-0.504,
France,2023-01-23,4527.6,-0.504,
France,2023-01-24,4527.6,-0.504,
France,2023-01-25,4527.6,-0.504,
France,2023-01-26,4527.6,-0.504,
France,2023-01-27,4527.6,-0.504,
France,2023-01-28,4527.6,-0.504,
France,2023-01-29,4285.6,-0.509,
France,2023-01-30,4285.6,-0.509,
France,2023-01-31,4285.6,-0.509,
France,2023-02-01,4285.6,-0.509,
France,2023-02-02,4285.6,-0.509,
France,2023-02-03,4285.6,-0.509,
France,2023-02-04,4285.6,-0.509,
France,2023-02-05,3732.4,-0.519,
France,2023-02-06,3732.4,-0.519,
France,2023-02-07,3732.4,-0.519,
France,2023-02-08,3732.4,-0.519,
France,2023-02-09,3732.4,-0.519,
France,2023-02-10,3732.4,-0.519,
France,2023-02-11,3732.4,-0.519,
France,2023-02-12,3220.7,-0.528,
France,2023-02-13,3220.7,-0.528,
France,2023-02-14,3220.7,-0.528,
France,2023-02-15,3220.7,-0.528,
France,2023-02-16,3220.7,-0.528,
France,2023-02-17,3220.7,-0.528,
France,2023-02-18,3220.7,-0.528,
France,2023-02-19,3445.1,-0.524,
France,2023-02-20,3445.1,-0.524,
France,2023-02-21,3445.1,-0.524,
France,2023-02-22,3445.1,-0.524,
France,2023-02-23,3445.1,-0.524,
France,2023-02-24,3445.1,-0.524,
France,2023-02-25,3445.1,-0.524,
France,2023-02-26,3753.4,-0.519,
France,2023-02-27,3753.4,-0.519,
France,2023-02-28,3753.4,-0.519,
France,2023-03-01,3753.4,-0.519,
France,2023-03-02,3753.4,-0.519,
France,2023-03-03,3753.4,-0.519,
France,2023-03-04,3753.4,-0.519,
France,2023-03-05,3616.9,-0.521,
France,2023-03-06,3616.9,-0.521,
France,2023-03-07,3616.9,-0.521,
France,2023-03-08,3616.9,-0.521,
France,2023-03-09,3616.9,-0.521,
France,2023-03-10,3616.9,-0.521,
France,2023-03-11,3616.9,-0.521,
France,2023-03-12,5121.6,-0.494,
France,2023-03-13,5121.6,-0.494,
France,2023-03-14,5121.6,-0.494,
France,2023-03-15,5121.6,-0.494,
France,2023-03-16,5121.6,-0.494,
France,2023-03-17,5121.6,-0.494,
France,2023-03-18,5121.6,-0.494,
France,2023-03-19,6615.0,-0.466,
France,2023-03-20,6615.0,-0.466,
France,2023-03-21,6615.0,-0.466,
France,2023-03-22,6615.0,-0.466,
France,2023-03-23,6615.0,-0.466,
France,2023-03-24,6615.0,-0.466,
France,2023-03-25,6615.0,-0.466,
France,2023-03-26,7799.0,-0.445,
France,2023-03-27,7799.0,-0.445,
France,2023-03-28,7799.0,-0.445,
France,2023-03-29,7799.0,-0.445,
France,2023-03-30,7799.0,-0.445,
France,2023-03-31,7799.0,-0.445,
France,2023-04-01,7799.0,-0.445,
France,2023-04-02,8183.1,-0.437,
France,2023-04-03,8183.1,-0.437,
France,2023-04-04,8183.1,-0.437,
France,2023-04-05,8183.1,-0.437,
France,2023-04-06,8183.1,-0.437,
France,2023-04-07,8183.1,-0.437,
France,2023-04-08,8183.1,-0.437,
France,2023-04-09,7906.3,-0.443,
France,2023-04-10,7906.3,-0.443,
France,2023-04-11,7906.3,-0.443,
France,2023-04-12,7906.3,-0.443,
France,2023-04-13,7906.3,-0.443,
France,2023-04-14,7906.3,-0.443,
France,2023-04-15,7906.3,-0.443,
France,2023-04-16,7501.3,-0.45,
France,2023-04-17,7501.3,-0.45,
France,2023-04-18,7501.3,-0.45,
France,2023-04-19,7501.3,-0.45,
France,2023-04-20,7501.3,-0.45,
France,2023-04-21,7501.3,-0.45,
France,2023-04-22,7501.3,-0.45,
France,2023-04-23,6939.7,-0.46,
France,2023-04-24,6939.7,-0.46,
France,2023-04-25,6939.7,-0.46,
France,2023-04-26,6939.7,-0.46,
France,2023-04-27,6939.7,-0.46,
France,2023-04-28,6939.7,-0.46,
France,2023-04-29,6939.7,-0.46,
France,2023-04-30,5777.6,-0.482,
France,2023-05-01,5777.6,-0.482,
France,2023-05-02,5777.6,-0.482,
France,2023-05-03,5777.6,-0.482,
France,2023-05-04,5777.6,-0.482,
France,2023-05-05,5777.6,-0.482,
Germany,2020-01-10,0.1,-0.671,
Germany,2020-01-11,0.1,-0.671,
Germany,2020-01-12,0.0,-0.671,
Germany,2020-01-13,0.0,-0.671,
Germany,2020-01-14,0.0,-0.671,
Germany,2020-01-15,0.0,-0.671,
Germany,2020-01-16,0.0,-0.671,
Germany,2020-01-17,0.0,-0.671,
Germany,2020-01-18,0.0,-0.671,
Germany,2020-01-19,0.0,-0.671,
Germany,2020-01-20,0.0,-0.671,
Germany,2020-01-21,0.0,-0.671,
Germany,2020-01-22,0.0,-0.671,
Germany,2020-01-23,0.0,-0.671,
Germany,2020-01-24,0.0,-0.671,
Germany,2020-01-25,0.0,-0.671,
Germany,2020-01-26,0.1,-0.671,
Germany,2020-01-27,0.1,-0.671,
Germany,2020-01-28,0.1,-0.671,
Germany,2020-01-29,0.1,-0.671,
Germany,2020-01-30,0.1,-0.671,
Germany,2020-01-31,0.1,-0.671,
Germany,2020-02-01,0.1,-0.671,
Germany,2020-02-02,1.3,-0.671,
Germany,2020-02-03,1.3,-0.671,
Germany,2020-02-04,1.3,-0.671,
Germany,2020-02-05,1.3,-0.671,
Germany,2020-02-06,1.3,-0.671,
Germany,2020-02-07,1.3,-0.671,
Germany,2020-02-08,1.3,-0.671,
Germany,2020-02-09,1.3,-0.671,
Germany,2020-02-10,1.3,-0.671,
Germany,2020-02-11,1.3,-0.671,
Germany,2020-02-12,1.3,-0.671,
Germany,2020-02-13,1.3,-0.671,
Germany,2020-02-14,1.3,-0.671,
Germany,2020-02-15,1.3,-0.671,
Germany,2020-02-16,0.7,-0.671,
Germany,2020-02-17,0.7,-0.671,
Germany,2020-02-18,0.7,-0.671,
Germany,2020-02-19,0.7,-0.671,
Germany,2020-02-20,0.7,-0.671,
Germany,2020-02-21,0.7,-0.671,
Germany,2020-02-22,0.7,-0.671,
Germany,2020-02-23,0.9,-0.671,
Germany,2020-02-24,0.9,-0.671,
Germany,2020-02-25,0.9,-0.671,
Germany,2020-02-26,0.9,-0.671,
Germany,2020-02-27,0.9,-0.671,
Germany,2020-02-28,0.9,-0.671,
Germany,2020-02-29,0.9,-0.671,
Germany,2020-03-01,19.9,-0.671,
Germany,2020-03-02,19.9,-0.671,
Germany,2020-03-03,19.9,-0.671,
Germany,2020-03-04,19.9,-0.671,
Germany,2020-03-05,19.9,-0.671,
Germany,2020-03-06,19.9,-0.671,
Germany,2020-03-07,19.9,-0.671,
Germany,2020-03-08,129.3,-0.668,
Germany,2020-03-09,129.3,-0.668,
Germany,2020-03-10,129.3,-0.668,
Germany,2020-03-11,129.3,-0.668,
Germany,2020-03-12,129.3,-0.668,
Germany,2020-03-13,129.3,-0.668,
Germany,2020-03-14,129.3,-0.668,
Germany,2020-03-15,920.1,-0.652,
Germany,2020-03-16,920.1,-0.652,
Germany,2020-03-17,920.1,-0.652,
Germany,2020-03-18,920.1,-0.652,
Germany,2020-03-19,920.1,-0.652,
Germany,2020-03-20,920.1,-0.652,
Germany,2020-03-21,920.1,-0.652,
Germany,2020-03-22,3201.0,-0.603,
Germany,2020-03-23,3201.0,-0.603,
Germany,2020-03-24,3201.0,-0.603,
Germany,2020-03-25,3201.0,-0.603,
Germany,2020-03-26,3201.0,-0.603,
Germany,2020-03-27,3201.0,-0.603,
Germany,2020-03-28,3201.0,-0.603,
Germany,2020-03-29,4854.4,-0.568,
Germany,2020-03-30,4854.4,-0.568,
Germany,2020-03-31,4854.4,-0.568,
Germany,2020-04-01,4854.4,-0.568,
Germany,2020-04-02,4854.4,-0.568,
Germany,2020-04-03,4854.4,-0.568,
Germany,2020-04-04,4854.4,-0.568,
Germany,2020-04-05,5152.4,-0.562,
Germany,2020-04-06,5152.4,-0.562,
Germany,2020-04-07,5152.4,-0.562,
Germany,2020-04-08,5152.4,-0.562,
Germany,2020-04-09,5152.4,-0.562,
Germany,2020-04-10,5152.4,-0.562,
Germany,2020-04-11,5152.4,-0.562,
Germany,2020-04-12,3877.9,-0.589,
Germany,2020-04-13,3877.9,-0.589,
Germany,2020-04-14,3877.9,-0.589,
Germany,2020-04-15,3877.9,-0.589,
Germany,2020-04-16,3877.9,-0.589,
Germany,2020-04-17,3877.9,-0.589,
Germany,2020-04-18,3877.9,-0.589,
Germany,2020-04-19,2477.9,-0.619,
Germany,2020-04-20,2477.9,-0.619,
Germany,2020-04-21,2477.9,-0.619,
Germany,2020-04-22,2477.9,-0.619,
Germany,2020-04-23,2477.9,-0.619,
Germany,2020-04-24,2477.9,-0.619,
Germany,2020-04-25,2477.9,-0.619,
Germany,2020-04-26,1764.4,-0.634,
Germany,2020-04-27,1764.4,-0.634,
Germany,2020-04-28,1764.4,-0.634,
Germany,2020-04-29,1764.4,-0.634,
Germany,2020-04-30,1764.4,-0.634,
Germany,2020-05-01,1764.4,-0.634,
Germany,2020-05-02,1764.4,-0.634,
Germany,2020-05-03,1063.1,-0.648,
Germany,2020-05-04,1063.1,-0.648,
Germany,2020-05-05,1063.1,-0.648,
Germany,2020-05-06,1063.1,-0.648,
Germany,2020-05-07,1063.1,-0.648,
Germany,2020-05-08,1063.1,-0.648,
Germany,2020-05-09,1063.1,-0.648,
Germany,2020-05-10,891.9,-0.652,
Germany,2020-05-11,891.9,-0.652,
Germany,2020-05-12,891.9,-0.652,
Germany,2020-05-13,891.9,-0.652,
Germany,2020-05-14,891.9,-0.652,
Germany,2020-05-15,891.9,-0.652,
Germany,2020-05-16,891.9,-0.652,
Germany,2020-05-17,682.1,-0.657,
Germany,2020-05-18,682.1,-0.657,
Germany,2020-05-19,682.1,-0.657,
Germany,2020-05-20,682.1,-0.657,
Germany,2020-05-21,682.1,-0.657,
Germany,2020-05-22,682.1,-0.657,
Germany,2020-05-23,682.1,-0.657,
Germany,2020-05-24,514.9,-0.66,
Germany,2020-05-25,514.9,-0.66,
Germany,2020-05-26,514.9,-0.66,
Germany,2020-05-27,514.9,-0.66,
Germany,2020-05-28,514.9,-0.66,
Germany,2020-05-29,514.9,-0.66,
Germany,2020-05-30,514.9,-0.66,
Germany,2020-05-31,458.0,-0.661,
Germany,2020-06-01,458.0,-0.661,
Germany,2020-06-02,458.0,-0.661,
Germany,2020-06-03,458.0,-0.661,
Germany,2020-06-04,458.0,-0.661,
Germany,2020-06-05,458.0,-0.661,
Germany,2020-06-06,458.0,-0.661,
Germany,2020-06-07,336.3,-0.664,
Germany,2020-06-08,336.3,-0.664,
Germany,2020-06-09,336.3,-0.664,
Germany,2020-06-10,336.3,-0.664,
Germany,2020-06-11,336.3,-0.664,
Germany,2020-06-12,336.3,-0.664,
Germany,2020-06-13,336.3,-0.664,
Germany,2020-06-14,335.4,-0.664,
Germany,2020-06-15,335.4,-0.664,
Germany,2020-06-16,335.4,-0.664,
Germany,2020-06-17,335.4,-0.664,
Germany,2020-06-18,335.4,-0.664,
Germany,2020-06-19,335.4,-0.664,
Germany,2020-06-20,335.4,-0.664,
Germany,2020-06-21,598.9,-0.658,
Germany,2020-06-22,598.9,-0.658,
Germany,2020-06-23,598.9,-0.658,
Germany,2020-06-24,598.9,-0.658,
Germany,2020-06-25,598.9,-0.658,
Germany,2020-06-26,598.9,-0.658,
Germany,2020-06-27,598.9,-0.658,
Germany,2020-06-28,452.4,-0.661,
Germany,2020-06-29,452.4,-0.661,
Germany,2020-06-30,452.4,-0.661,
Germany,2020-07-01,452.4,-0.661,
Germany,2020-07-02,452.4,-0.661,
Germany,2020-07-03,452.4,-0.661,
Germany,2020-07-04,452.4,-0.661,
Germany,2020-07-05,384.4,-0.663,
Germany,2020-07-06,384.4,-0.663,
Germany,2020-07-07,384.4,-0.663,
Germany,2020-07-08,384.4,-0.663,
Germany,2020-07-09,384.4,-0.663,
Germany,2020-07-10,384.4,-0.663,
Germany,2020-07-11,384.4,-0.663,
Germany,2020-07-12,347.0,-0.664,
Germany,2020-07-13,347.0,-0.664,
Germany,2020-07-14,347.0,-0.664,
Germany,2020-07-15,347.0,-0.664,
Germany,2020-07-16,347.0,-0.664,
Germany,2020-07-17,347.0,-0.664,
Germany,2020-07-18,347.0,-0.664,
Germany,2020-07-19,434.9,-0.662,
Germany,2020-07-20,434.9,-0.662,
Germany,2020-07-21,434.9,-0.662,
Germany,2020-07-22,434.9,-0.662,
Germany,2020-07-23,434.9,-0.662,
Germany,2020-07-24,434.9,-0.662,
Germany,2020-07-25,434.9,-0.662,
Germany,2020-07-26,562.3,-0.659,
Germany,2020-07-27,562.3,-0.659,
Germany,2020-07-28,562.3,-0.659,
Germany,2020-07-29,562.3,-0.659,
Germany,2020-07-30,562.3,-0.659,
Germany,2020-07-31,562.3,-0.659,
Germany,2020-08-01,562.3,-0.659,
Germany,2020-08-02,691.9,-0.656,
Germany,2020-08-03,691.9,-0.656,
Germany,2020-08-04,691.9,-0.656,
Germany,2020-08-05,691.9,-0.656,
Germany,2020-08-06,691.9,-0.656,
Germany,2020-08-07,691.9,-0.656,
Germany,2020-08-08,691.9,-0.656,
Germany,2020-08-09,866.7,-0.653,
Germany,2020-08-10,866.7,-0.653,
Germany,2020-08-11,866.7,-0.653,
Germany,2020-08-12,866.7,-0.653,
Germany,2020-08-13,866.7,-0.653,
Germany,2020-08-14,866.7,-0.653,
Germany,2020-08-15,866.7,-0.653,
Germany,2020-08-16,1138.7,-0.647,
Germany,2020-08-17,1138.7,-0.647,
Germany,2020-08-18,1138.7,-0.647,
Germany,2020-08-19,1138.7,-0.647,
Germany,2020-08-20,1138.7,-0.647,
Germany,2020-08-21,1138.7,-0.647,
Germany,2020-08-22,1138.7,-0.647,
Germany,2020-08-23,1368.6,-0.642,
Germany,2020-08-24,1368.6,-0.642,
Germany,2020-08-25,1368.6,-0.642,
Germany,2020-08-26,1368.6,-0.642,
Germany,2020-08-27,1368.6,-0.642,
Germany,2020-08-28,1368.6,-0.642,
Germany,2020-08-29,1368.6,-0.642,
Germany,2020-08-30,1263.4,-0.644,
Germany,2020-08-31,1263.4,-0.644,
Germany,2020-09-01,1263.4,-0.644,
Germany,2020-09-02,1263.4,-0.644,
Germany,2020-09-03,1263.4,-0.644,
Germany,2020-09-04,1263.4,-0.644,
Germany,2020-09-05,1263.4,-0.644,
Germany,2020-09-06,1229.9,-0.645,
Germany,2020-09-07,1229.9,-0.645,
Germany,2020-09-08,1229.9,-0.645,
Germany,2020-09-09,1229.9,-0.645,
Germany,2020-09-10,1229.9,-0.645,
Germany,2020-09-11,1229.9,-0.645,
Germany,2020-09-12,1229.9,-0.645,
Germany,2020-09-13,1397.9,-0.641,
Germany,2020-09-14,1397.9,-0.641,
Germany,2020-09-15,1397.9,-0.641,
Germany,2020-09-16,1397.9,-0.641,
Germany,2020-09-17,1397.9,-0.641,
Germany,2020-09-18,1397.9,-0.641,
Germany,2020-09-19,1397.9,-0.641,
Germany,2020-09-20,1755.0,-0.634,
Germany,2020-09-21,1755.0,-0.634,
Germany,2020-09-22,1755.0,-0.634,
Germany,2020-09-23,1755.0,-0.634,
Germany,2020-09-24,1755.0,-0.634,
Germany,2020-09-25,1755.0,-0.634,
Germany,2020-09-26,1755.0,-0.634,
Germany,2020-09-27,1866.3,-0.631,
Germany,2020-09-28,1866.3,-0.631,
Germany,2020-09-29,1866.3,-0.631,
Germany,2020-09-30,1866.3,-0.631,
Germany,2020-10-01,1866.3,-0.631,
Germany,2020-10-02,1866.3,-0.631,
Germany,2020-10-03,1866.3,-0.631,
Germany,2020-10-04,2278.0,-0.623,
Germany,2020-10-05,2278.0,-0.623,
Germany,2020-10-06,2278.0,-0.623,
Germany,2020-10-07,2278.0,-0.623,
Germany,2020-10-08,2278.0,-0.623,
Germany,2020-10-09,2278.0,-0.623,
Germany,2020-10-10,2278.0,-0.623,
Germany,2020-10-11,3735.0,-0.592,
Germany,2020-10-12,3735.0,-0.592,
Germany,2020-10-13,3735.0,-0.592,
Germany,2020-10-14,3735.0,-0.592,
Germany,2020-10-15,3735.0,-0.592,
Germany,2020-10-16,3735.0,-0.592,
Germany,2020-10-17,3735.0,-0.592,
Germany,2020-10-18,6004.4,-0.544,
Germany,2020-10-19,6004.4,-0.544,
Germany,2020-10-20,6004.4,-0.544,
Germany,2020-10-21,6004.4,-0.544,
Germany,2020-10-22,6004.4,-0.544,
Germany,2020-10-23,6004.4,-0.544,
Germany,2020-10-24,6004.4,-0.544,
Germany,2020-10-25,10684.6,-0.445,
Germany,2020-10-26,10684.6,-0.445,
Germany,2020-10-27,10684.6,-0.445,
Germany,2020-10-28,10684.6,-0.445,
Germany,2020-10-29,10684.6,-0.445,
Germany,2020-10-30,10684.6,-0.445,
Germany,2020-10-31,10684.6,-0.445,
Germany,2020-11-01,15858.4,-0.335,
Germany,2020-11-02,15858.4,-0.335,
Germany,2020-11-03,15858.4,-0.335,
Germany,2020-11-04,15858.4,-0.335,
Germany,2020-11-05,15858.4,-0.335,
Germany,2020-11-06,15858.4,-0.335,
Germany,2020-11-07,15858.4,-0.335,
Germany,2020-11-08,17956.0,-0.291,
Germany,2020-11-09,17956.0,-0.291,
Germany,2020-11-10,17956.0,-0.291,
Germany,2020-11-11,17956.0,-0.291,
Germany,2020-11-12,17956.0,-0.291,
Germany,2020-11-13,17956.0,-0.291,
Germany,2020-11-14,17956.0,-0.291,
Germany,2020-11-15,18266.0,-0.284,
Germany,2020-11-16,18266.0,-0.284,
Germany,2020-11-17,18266.0,-0.284,
Germany,2020-11-18,18266.0,-0.284,
Germany,2020-11-19,18266.0,-0.284,
Germany,2020-11-20,18266.0,-0.284,
Germany,2020-11-21,18266.0,-0.284,
Germany,2020-11-22,18342.9,-0.283,
Germany,2020-11-23,18342.9,-0.283,
Germany,2020-11-24,18342.9,-0.283,
Germany,2020-11-25,18342.9,-0.283,
Germany,2020-11-26,18342.9,-0.283,
Germany,2020-11-27,18342.9,-0.283,
Germany,2020-11-28,18342.9,-0.283,
Germany,2020-11-29,17588.9,-0.299,
Germany,2020-11-30,17588.9,-0.299,
Germany,2020-12-01,17588.9,-0.299,
Germany,2020-12-02,17588.9,-0.299,
Germany,2020-12-03,17588.9,-0.299,
Germany,2020-12-04,17588.9,-0.299,
Germany,2020-12-05,17588.9,-0.299,
Germany,2020-12-06,18322.6,-0.283,
Germany,2020-12-07,18322.6,-0.283,
Germany,2020-12-08,18322.6,-0.283,
Germany,2020-12-09,18322.6,-0.283,
Germany,2020-12-10,18322.6,-0.283,
Germany,2020-12-11,18322.6,-0.283,
Germany,2020-12-12,18322.6,-0.283,
Germany,2020-12-13,22316.1,-0.198,
Germany,2020-12-14,22316.1,-0.198,
Germany,2020-12-15,22316.1,-0.198,
Germany,2020-12-16,22316.1,-0.198,
Germany,2020-12-17,22316.1,-0.198,
Germany,2020-12-18,22316.1,-0.198,
Germany,2020-12-19,22316.1,-0.198,
Germany,2020-12-20,24941.3,-0.143,
Germany,2020-12-21,24941.3,-0.143,
Germany,2020-12-22,24941.3,-0.143,
Germany,2020-12-23,24941.3,-0.143,
Germany,2020-12-24,24941.3,-0.143,
Germany,2020-12-25,24941.3,-0.143,
Germany,2020-12-26,24941.3,-0.143,
Germany,2020-12-27,19832.6,-0.251,
Germany,2020-12-28,19832.6,-0.251,
Germany,2020-12-29,19832.6,-0.251,
Germany,2020-12-30,19832.6,-0.251,
Germany,2020-12-31,19832.6,-0.251,
Germany,2021-01-01,19832.6,-0.251,
Germany,2021-01-02,19832.6,-0.251,
Germany,2021-01-03,17564.7,-0.299,
Germany,2021-01-04,17564.7,-0.299,
Germany,2021-01-05,17564.7,-0.299,
Germany,2021-01-06,17564.7,-0.299,
Germany,2021-01-07,17564.7,-0.299,
Germany,2021-01-08,17564.7,-0.299,
Germany,2021-01-09,17564.7,-0.299,
Germany,2021-01-10,20786.4,-0.231,
Germany,2021-01-11,20786.4,-0.231,
Germany,2021-01-12,20786.4,-0.231,
Germany,2021-01-13,20786.4,-0.231,
Germany,2021-01-14,20786.4,-0.231,
Germany,2021-01-15,20786.4,-0.231,
Germany,2021-01-16,20786.4,-0.231,
Germany,2021-01-17,16989.9,-0.311,
Germany,2021-01-18,16989.9,-0.311,
Germany,2021-01-19,16989.9,-0.311,
Germany,2021-01-20,16989.9,-0.311,
Germany,2021-01-21,16989.9,-0.311,
Germany,2021-01-22,16989.9,-0.311,
Germany,2021-01-23,16989.9,-0.311,
Germany,2021-01-24,13650.4,-0.382,
Germany,2021-01-25,13650.4,-0.382,
Germany,2021-01-26,13650.4,-0.382,
Germany,2021-01-27,13650.4,-0.382,
Germany,2021-01-28,13650.4,-0.382,
Germany,2021-01-29,13650.4,-0.382,
Germany,2021-01-30,13650.4,-0.382,
Germany,2021-01-31,11167.4,-0.435,
Germany,2021-02-01,11167.4,-0.435,
Germany,2021-02-02,11167.4,-0.435,
Germany,2021-02-03,11167.4,-0.435,
Germany,2021-02-04,11167.4,-0.435,
Germany,2021-02-05,11167.4,-0.435,
Germany,2021-02-06,11167.4,-0.435,
Germany,2021-02-07,9228.0,-0.476,
Germany,2021-02-08,9228.0,-0.476,
Germany,2021-02-09,9228.0,-0.476,
Germany,2021-02-10,9228.0,-0.476,
Germany,2021-02-11,9228.0,-0.476,
Germany,2021-02-12,9228.0,-0.476,
Germany,2021-02-13,9228.0,-0.476,
Germany,2021-02-14,7261.0,-0.517,
Germany,2021-02-15,7261.0,-0.517,
Germany,2021-02-16,7261.0,-0.517,
Germany,2021-02-17,7261.0,-0.517,
Germany,2021-02-18,7261.0,-0.517,
Germany,2021-02-19,7261.0,-0.517,
Germany,2021-02-20,7261.0,-0.517,
Germany,2021-02-21,7475.6,-0.513,
Germany,2021-02-22,7475.6,-0.513,
Germany,2021-02-23,7475.6,-0.513,
Germany,2021-02-24,7475.6,-0.513,
Germany,2021-02-25,7475.6,-0.513,
Germany,2021-02-26,7475.6,-0.513,
Germany,2021-02-27,7475.6,-0.513,
Germany,2021-02-28,8050.9,-0.501,
Germany,2021-03-01,8050.9,-0.501,
Germany,2021-03-02,8050.9,-0.501,
Germany,2021-03-03,8050.9,-0.501,
Germany,2021-03-04,8050.9,-0.501,
Germany,2021-03-05,8050.9,-0.501,
Germany,2021-03-06,8050.9,-0.501,
Germany,2021-03-07,8346.4,-0.494,
Germany,2021-03-08,8346.4,-0.494,
Germany,2021-03-09,8346.4,-0.494,
Germany,2021-03-10,8346.4,-0.494,
Germany,2021-03-11,8346.4,-0.494,
Germany,2021-03-12,8346.4,-0.494,
Germany,2021-03-13,8346.4,-0.494,
Germany,2021-03-14,10198.7,-0.455,
Germany,2021-03-15,10198.7,-0.455,
Germany,2021-03-16,10198.7,-0.455,
Germany,2021-03-17,10198.7,-0.455,
Germany,2021-03-18,10198.7,-0.455,
Germany,2021-03-19,10198.7,-0.455,
Germany,2021-03-20,10198.7,-0.455,
Germany,2021-03-21,13230.0,-0.391,
Germany,2021-03-22,13230.0,-0.391,
Germany,2021-03-23,13230.0,-0.391,
Germany,2021-03-24,13230.0,-0.391,
Germany,2021-03-25,13230.0,-0.391,
Germany,2021-03-26,13230.0,-0.391,
Germany,2021-03-27,13230.0,-0.391,
Germany,2021-03-28,16615.6,-0.319,
Germany,2021-03-29,16615.6,-0.319,
Germany,2021-03-30,16615.6,-0.319,
Germany,2021-03-31,16615.6,-0.319,
Germany,2021-04-01,16615.6,-0.319,
Germany,2021-04-02,16615.6,-0.319,
Germany,2021-04-03,16615.6,-0.319,
Germany,2021-04-04,15715.3,-0.338,
Germany,2021-04-05,15715.3,-0.338,
Germany,2021-04-06,15715.3,-0.338,
Germany,2021-04-07,15715.3,-0.338,
Germany,2021-04-08,15715.3,-0.338,
Germany,2021-04-09,15715.3,-0.338,
Germany,2021-04-10,15715.3,-0.338,
Germany,2021-04-11,16884.0,-0.313,
Germany,2021-04-12,16884.0,-0.313,
Germany,2021-04-13,16884.0,-0.313,
Germany,2021-04-14,16884.0,-0.313,
Germany,2021-04-15,16884.0,-0.313,
Germany,2021-04-16,16884.0,-0.313,
Germany,2021-04-17,16884.0,-0.313,
Germany,2021-04-18,20288.7,-0.241,
Germany,2021-04-19,20288.7,-0.241,
Germany,2021-04-20,20288.7,-0.241,
Germany,2021-04-21,20288.7,-0.241,
Germany,2021-04-22,20288.7,-0.241,
Germany,2021-04-23,20288.7,-0.241,
Germany,2021-04-24,20288.7,-0.241,
Germany,2021-04-25,20668.3,-0.233,
Germany,2021-04-26,20668.3,-0.233,
Germany,2021-04-27,20668.3,-0.233,
Germany,2021-04-28,20668.3,-0.233,
Germany,2021-04-29,20668.3,-0.233,
Germany,2021-04-30,20668.3,-0.233,
Germany,2021-05-01,20668.3,-0.233,
Germany,2021-05-02,17812.0,-0.294,
Germany,2021-05-03,17812.0,-0.294,
Germany,2021-05-04,17812.0,-0.294,
Germany,2021-05-05,17812.0,-0.294,
Germany,2021-05-06,17812.0,-0.294,
Germany,2021-05-07,17812.0,-0.294,
Germany,2021-05-08,17812.0,-0.294,
Germany,2021-05-09,14406.7,-0.366,
Germany,2021-05-10,14406.7,-0.366,
Germany,2021-05-11,14406.7,-0.366,
Germany,2021-05-12,14406.7,-0.366,
Germany,2021-05-13,14406.7,-0.366,
Germany,2021-05-14,14406.7,-0.366,
Germany,2021-05-15,14406.7,-0.366,
Germany,2021-05-16,10106.6,-0.457,
Germany,2021-05-17,10106.6,-0.457,
Germany,2021-05-18,10106.6,-0.457,
Germany,2021-05-19,10106.6,-0.457,
Germany,2021-05-20,10106.6,-0.457,
Germany,2021-05-21,10106.6,-0.457,
Germany,2021-05-22,10106.6,-0.457,
Germany,2021-05-23,7524.3,-0.512,
Germany,2021-05-24,7524.3,-0.512,
Germany,2021-05-25,7524.3,-0.512,
Germany,2021-05-26,7524.3,-0.512,
Germany,2021-05-27,7524.3,-0.512,
Germany,2021-05-28,7524.3,-0.512,
Germany,2021-05-29,7524.3,-0.512,
Germany,2021-05-30,4266.7,-0.581,
Germany,2021-05-31,4266.7,-0.581,
Germany,2021-06-01,4266.7,-0.581,
Germany,2021-06-02,4266.7,-0.581,
Germany,2021-06-03,4266.7,-0.581,
Germany,2021-06-04,4266.7,-0.581,
Germany,2021-06-05,4266.7,-0.581,
Germany,2021-06-06,2954.3,-0.608,
Germany,2021-06-07,2954.3,-0.608,
Germany,2021-06-08,2954.3,-0.608,
Germany,2021-06-09,2954.3,-0.608,
Germany,2021-06-10,2954.3,-0.608,
Germany,2021-06-11,2954.3,-0.608,
Germany,2021-06-12,2954.3,-0.608,
Germany,2021-06-13,2008.9,-0.628,
Germany,2021-06-14,2008.9,-0.628,
Germany,2021-06-15,2008.9,-0.628,
Germany,2021-06-16,2008.9,-0.628,
Germany,2021-06-17,2008.9,-0.628,
Germany,2021-06-18,2008.9,-0.628,
Germany,2021-06-19,2008.9,-0.628,
Germany,2021-06-20,1040.7,-0.649,
Germany,2021-06-21,1040.7,-0.649,
Germany,2021-06-22,1040.7,-0.649,
Germany,2021-06-23,1040.7,-0.649,
Germany,2021-06-24,1040.7,-0.649,
Germany,2021-06-25,1040.7,-0.649,
Germany,2021-06-26,1040.7,-0.649,
Germany,2021-06-27,694.1,-0.656,
Germany,2021-06-28,694.1,-0.656,
Germany,2021-06-29,694.1,-0.656,
Germany,2021-06-30,694.1,-0.656,
Germany,2021-07-01,694.1,-0.656,
Germany,2021-07-02,694.1,-0.656,
Germany,2021-07-03,694.1,-0.656,
Germany,2021-07-04,626.9,-0.658,
Germany,2021-07-05,626.9,-0.658,
Germany,2021-07-06,626.9,-0.658,
Germany,2021-07-07,626.9,-0.658,
Germany,2021-07-08,626.9,-0.658,
Germany,2021-07-09,626.9,-0.658,
Germany,2021-07-10,626.9,-0.658,
Germany,2021-07-11,799.6,-0.654,
Germany,2021-07-12,799.6,-0.654,
Germany,2021-07-13,799.6,-0.654,
Germany,2021-07-14,799.6,-0.654,
Germany,2021-07-15,799.6,-0.654,
Germany,2021-07-16,799.6,-0.654,
Germany,2021-07-17,799.6,-0.654,
Germany,2021-07-18,1301.9,-0.643,
Germany,2021-07-19,1301.9,-0.643,
Germany,2021-07-20,1301.9,-0.643,
Germany,2021-07-21,1301.9,-0.643,
Germany,2021-07-22,1301.9,-0.643,
Germany,2021-07-23,1301.9,-0.643,
Germany,2021-07-24,1301.9,-0.643,
Germany,2021-07-25,1806.6,-0.633,
Germany,2021-07-26,1806.6,-0.633,
Germany,2021-07-27,1806.6,-0.633,
Germany,2021-07-28,1806.6,-0.633,
Germany,2021-07-29,1806.6,-0.633,
Germany,2021-07-30,1806.6,-0.633,
Germany,2021-07-31,1806.6,-0.633,
Germany,2021-08-01,2217.4,-0.624,
Germany,2021-08-02,2217.4,-0.624,
Germany,2021-08-03,2217.4,-0.624,
Germany,2021-08-04,2217.4,-0.624,
Germany,2021-08-05,2217.4,-0.624,
Germany,2021-08-06,2217.4,-0.624,
Germany,2021-08-07,2217.4,-0.624,
Germany,2021-08-08,2917.6,-0.609,
Germany,2021-08-09,2917.6,-0.609,
Germany,2021-08-10,2917.6,-0.609,
Germany,2021-08-11,2917.6,-0.609,
Germany,2021-08-12,2917.6,-0.609,
Germany,2021-08-13,2917.6,-0.609,
Germany,2021-08-14,2917.6,-0.609,
Germany,2021-08-15,4582.4,-0.574,
Germany,2021-08-16,4582.4,-0.574,
Germany,2021-08-17,4582.4,-0.574,
Germany,2021-08-18,4582.4,-0.574,
Germany,2021-08-19,4582.4,-0.574,
Germany,2021-08-20,4582.4,-0.574,
Germany,2021-08-21,4582.4,-0.574,
Germany,2021-08-22,7093.1,-0.521,
Germany,2021-08-23,7093.1,-0.521,
Germany,2021-08-24,7093.1,-0.521,
Germany,2021-08-25,7093.1,-0.521,
Germany,2021-08-26,7093.1,-0.521,
Germany,2021-08-27,7093.1,-0.521,
Germany,2021-08-28,7093.1,-0.521,
Germany,2021-08-29,9481.6,-0.47,
Germany,2021-08-30,9481.6,-0.47,
Germany,2021-08-31,9481.6,-0.47,
Germany,2021-09-01,9481.6,-0.47,
Germany,2021-09-02,9481.6,-0.47,
Germany,2021-09-03,9481.6,-0.47,
Germany,2021-09-04,9481.6,-0.47,
Germany,2021-09-05,10676.7,-0.445,
Germany,2021-09-06,10676.7,-0.445,
Germany,2021-09-07,10676.7,-0.445,
Germany,2021-09-08,10676.7,-0.445,
Germany,2021-09-09,10676.7,-0.445,
Germany,2021-09-10,10676.7,-0.445,
Germany,2021-09-11,10676.7,-0.445,
Germany,2021-09-12,10236.6,-0.454,
Germany,2021-09-13,10236.6,-0.454,
Germany,2021-09-14,10236.6,-0.454,
Germany,2021-09-15,10236.6,-0.454,
Germany,2021-09-16,10236.6,-0.454,
Germany,2021-09-17,10236.6,-0.454,
Germany,2021-09-18,10236.6,-0.454,
Germany,2021-09-19,8781.6,-0.485,
Germany,2021-09-20,8781.6,-0.485,
Germany,2021-09-21,8781.6,-0.485,
Germany,2021-09-22,8781.6,-0.485,
Germany,2021-09-23,8781.6,-0.485,
Germany,2021-09-24,8781.6,-0.485,
Germany,2021-09-25,8781.6,-0.485,
Germany,2021-09-26,7660.4,-0.509,
Germany,2021-09-27,7660.4,-0.509,
Germany,2021-09-28,7660.4,-0.509,
Germany,2021-09-29,7660.4,-0.509,
Germany,2021-09-30,7660.4,-0.509,
Germany,2021-10-01,7660.4,-0.509,
Germany,2021-10-02,7660.4,-0.509,
Germany,2021-10-03,8068.7,-0.5,
Germany,2021-10-04,8068.7,-0.5,
Germany,2021-10-05,8068.7,-0.5,
Germany,2021-10-06,8068.7,-0.5,
Germany,2021-10-07,8068.7,-0.5,
Germany,2021-10-08,8068.7,-0.5,
Germany,2021-10-09,8068.7,-0.5,
Germany,2021-10-10,8289.3,-0.495,
Germany,2021-10-11,8289.3,-0.495,
Germany,2021-10-12,8289.3,-0.495,
Germany,2021-10-13,8289.3,-0.495,
Germany,2021-10-14,8289.3,-0.495,
Germany,2021-10-15,8289.3,-0.495,
Germany,2021-10-16,8289.3,-0.495,
Germany,2021-10-17,9337.0,-0.473,
Germany,2021-10-18,9337.0,-0.473,
Germany,2021-10-19,9337.0,-0.473,
Germany,2021-10-20,9337.0,-0.473,
Germany,2021-10-21,9337.0,-0.473,
Germany,2021-10-22,9337.0,-0.473,
Germany,2021-10-23,9337.0,-0.473,
Germany,2021-10-24,13960.4,-0.375,
Germany,2021-10-25,13960.4,-0.375,
Germany,2021-10-26,13960.4,-0.375,
Germany,2021-10-27,13960.4,-0.375,
Germany,2021-10-28,13960.4,-0.375,
Germany,2021-10-29,13960.4,-0.375,
Germany,2021-10-30,13960.4,-0.375,
Germany,2021-10-31,19573.0,-0.257,
Germany,2021-11-01,19573.0,-0.257,
Germany,2021-11-02,19573.0,-0.257,
Germany,2021-11-03,19573.0,-0.257,
Germany,2021-11-04,19573.0,-0.257,
Germany,2021-11-05,19573.0,-0.257,
Germany,2021-11-06,19573.0,-0.257,
Germany,2021-11-07,25409.7,-0.133,
Germany,2021-11-08,25409.7,-0.133,
Germany,2021-11-09,25409.7,-0.133,
Germany,2021-11-10,25409.7,-0.133,
Germany,2021-11-11,25409.7,-0.133,
Germany,2021-11-12,25409.7,-0.133,
Germany,2021-11-13,25409.7,-0.133,
Germany,2021-11-14,38739.1,0.149,
Germany,2021-11-15,38739.1,0.149,
Germany,2021-11-16,38739.1,0.149,
Germany,2021-11-17,38739.1,0.149,
Germany,2021-11-18,38739.1,0.149,
Germany,2021-11-19,38739.1,0.149,
Germany,2021-11-20,38739.1,0.149,
Germany,2021-11-21,50236.3,0.393,
Germany,2021-11-22,50236.3,0.393,
Germany,2021-11-23,50236.3,0.393,
Germany,2021-11-24,50236.3,0.393,
Germany,2021-11-25,50236.3,0.393,
Germany,2021-11-26,50236.3,0.393,
Germany,2021-11-27,50236.3,0.393,
Germany,2021-11-28,57621.1,0.549,
Germany,2021-11-29,57621.1,0.549,
Germany,2021-11-30,57621.1,0.549,
Germany,2021-12-01,57621.1,0.549,
Germany,2021-12-02,57621.1,0.549,
Germany,2021-12-03,57621.1,0.549,
Germany,2021-12-04,57621.1,0.549,
Germany,2021-12-05,55436.3,0.503,
Germany,2021-12-06,55436.3,0.503,
Germany,2021-12-07,55436.3,0.503,
Germany,2021-12-08,55436.3,0.503,
Germany,2021-12-09,55436.3,0.503,
Germany,2021-12-10,55436.3,0.503,
Germany,2021-12-11,55436.3,0.503,
Germany,2021-12-12,48286.9,0.352,
Germany,2021-12-13,48286.9,0.352,
Germany,2021-12-14,48286.9,0.352,
Germany,2021-12-15,48286.9,0.352,
Germany,2021-12-16,48286.9,0.352,
Germany,2021-12-17,48286.9,0.352,
Germany,2021-12-18,48286.9,0.352,
Germany,2021-12-19,39071.9,0.156,
Germany,2021-12-20,39071.9,0.156,
Germany,2021-12-21,39071.9,0.156,
Germany,2021-12-22,39071.9,0.156,
Germany,2021-12-23,39071.9,0.156,
Germany,2021-12-24,39071.9,0.156,
Germany,2021-12-25,39071.9,0.156,
Germany,2021-12-26,27690.3,-0.085,
Germany,2021-12-27,27690.3,-0.085,
Germany,2021-12-28,27690.3,-0.085,
Germany,2021-12-29,27690.3,-0.085,
Germany,2021-12-30,27690.3,-0.085,
Germany,2021-12-31,27690.3,-0.085,
Germany,2022-01-01,27690.3,-0.085,
Germany,2022-01-02,29813.7,-0.04,
Germany,2022-01-03,29813.7,-0.04,
Germany,2022-01-04,29813.7,-0.04,
Germany,2022-01-05,29813.7,-0.04,
Germany,2022-01-06,29813.7,-0.04,
Germany,2022-01-07,29813.7,-0.04,
Germany,2022-01-08,29813.7,-0.04,
Germany,2022-01-09,48268.9,0.351,
Germany,2022-01-10,48268.9,0.351,
Germany,2022-01-11,48268.9,0.351,
Germany,2022-01-12,48268.9,0.351,
Germany,2022-01-13,48268.9,0.351,
Germany,2022-01-14,48268.9,0.351,
Germany,2022-01-15,48268.9,0.351,
Germany,2022-01-16,69446.3,0.8,
Germany,2022-01-17,69446.3,0.8,
Germany,2022-01-18,69446.3,0.8,
Germany,2022-01-19,69446.3,0.8,
Germany,2022-01-20,69446.3,0.8,
Germany,2022-01-21,69446.3,0.8,
Germany,2022-01-22,69446.3,0.8,
Germany,2022-01-23,113830.7,1.74,
Germany,2022-01-24,113830.7,1.74,
Germany,2022-01-25,113830.7,1.74,
Germany,2022-01-26,113830.7,1.74,
Germany,2022-01-27,113830.7,1.74,
Germany,2022-01-28,113830.7,1.74,
Germany,2022-01-29,113830.7,1.74,
Germany,2022-01-30,159193.1,2.7,Y
Germany,2022-01-31,159193.1,2.7,Y
Germany,2022-02-01,159193.1,2.7,Y
Germany,2022-02-02,159193.1,2.7,Y
Germany,2022-02-03,159193.1,2.7,Y
Germany,2022-02-04,159193.1,2.7,Y
Germany,2022-02-05,159193.1,2.7,Y
Germany,2022-02-06,184677.1,3.24,Y
Germany,2022-02-07,184677.1,3.24,Y
Germany,2022-02-08,184677.1,3.24,Y
Germany,2022-02-09,184677.1,3.24,Y
Germany,2022-02-10,184677.1,3.24,Y
Germany,2022-02-11,184677.1,3.24,Y
Germany,2022-02-12,184677.1,3.24,Y
Germany,2022-02-13,187120.7,3.292,Y
Germany,2022-02-14,187120.7,3.292,Y
Germany,2022-02-15,187120.7,3.292,Y
Germany,2022-02-16,187120.7,3.292,Y
Germany,2022-02-17,187120.7,3.292,Y
Germany,2022-02-18,187120.7,3.292,Y
Germany,2022-02-19,187120.7,3.292,Y
Germany,2022-02-20,170467.3,2.939,Y
Germany,2022-02-21,170467.3,2.939,Y
Germany,2022-02-22,170467.3,2.939,Y
Germany,2022-02-23,170467.3,2.939,Y
Germany,2022-02-24,170467.3,2.939,Y
Germany,2022-02-25,170467.3,2.939,Y
Germany,2022-02-26,170467.3,2.939,Y
Germany,2022-02-27,156156.1,2.636,Y
Germany,2022-02-28,156156.1,2.636,Y
Germany,2022-03-01,156156.1,2.636,Y
Germany,2022-03-02,156156.1,2.636,Y
Germany,2022-03-03,156156.1,2.636,Y
Germany,2022-03-04,156156.1,2.636,Y
Germany,2022-03-05,156156.1,2.636,Y
Germany,2022-03-06,162001.3,2.76,Y
Germany,2022-03-07,162001.3,2.76,Y
Germany,2022-03-08,162001.3,2.76,Y
Germany,2022-03-09,162001.3,2.76,Y
Germany,2022-03-10,162001.3,2.76,Y
Germany,2022-03-11,162001.3,2.76,Y
Germany,2022-03-12,162001.3,2.76,Y
Germany,2022-03-13,201978.0,3.606,Y
Germany,2022-03-14,201978.0,3.606,Y
Germany,2022-03-15,201978.0,3.606,Y
Germany,2022-03-16,201978.0,3.606,Y
Germany,2022-03-17,201978.0,3.606,Y
Germany,2022-03-18,201978.0,3.606,Y
Germany,2022-03-19,201978.0,3.606,Y
Germany,2022-03-20,226072.0,4.116,Y
Germany,2022-03-21,226072.0,4.116,Y
Germany,2022-03-22,226072.0,4.116,Y
Germany,2022-03-23,226072.0,4.116,Y
Germany,2022-03-24,226072.0,4.116,Y
Germany,2022-03-25,226072.0,4.116,Y
Germany,2022-03-26,226072.0,4.116,Y
Germany,2022-03-27,226984.4,4.136,Y
Germany,2022-03-28,226984.4,4.136,Y
Germany,2022-03-29,226984.4,4.136,Y
Germany,2022-03-30,226984.4,4.136,Y
Germany,2022-03-31,226984.4,4.136,Y
Germany,2022-04-01,226984.4,4.136,Y
Germany,2022-04-02,226984.4,4.136,Y
Germany,2022-04-03,185017.9,3.247,Y
Germany,2022-04-04,185017.9,3.247,Y
Germany,2022-04-05,185017.9,3.247,Y
Germany,2022-04-06,185017.9,3.247,Y
Germany,2022-04-07,185017.9,3.247,Y
Germany,2022-04-08,185017.9,3.247,Y
Germany,2022-04-09,185017.9,3.247,Y
Germany,2022-04-10,140657.1,2.308,Y
Germany,2022-04-11,140657.1,2.308,Y
Germany,2022-04-12,140657.1,2.308,Y
Germany,2022-04-13,140657.1,2.308,Y
Germany,2022-04-14,140657.1,2.308,Y
Germany,2022-04-15,140657.1,2.308,Y
Germany,2022-04-16,140657.1,2.308,Y
Germany,2022-04-17,111278.3,1.685,
Germany,2022-04-18,111278.3,1.685,
Germany,2022-04-19,111278.3,1.685,
Germany,2022-04-20,111278.3,1.685,
Germany,2022-04-21,111278.3,1.685,
Germany,2022-04-22,111278.3,1.685,
Germany,2022-04-23,111278.3,1.685,
Germany,2022-04-24,104499.9,1.542,
Germany,2022-04-25,104499.9,1.542,
Germany,2022-04-26,104499.9,1.542,
Germany,2022-04-27,104499.9,1.542,
Germany,2022-04-28,104499.9,1.542,
Germany,2022-04-29,104499.9,1.542,
Germany,2022-04-30,104499.9,1.542,
Germany,2022-05-01,85273.9,1.135,
Germany,2022-05-02,85273.9,1.135,
Germany,2022-05-03,85273.9,1.135,
Germany,2022-05-04,85273.9,1.135,
Germany,2022-05-05,85273.9,1.135,
Germany,2022-05-06,85273.9,1.135,
Germany,2022-05-07,85273.9,1.135,
Germany,2022-05-08,67348.6,0.755,
Germany,2022-05-09,67348.6,0.755,
Germany,2022-05-10,67348.6,0.755,
Germany,2022-05-11,67348.6,0.755,
Germany,2022-05-12,67348.6,0.755,
Germany,2022-05-13,67348.6,0.755,
Germany,2022-05-14,67348.6,0.755,
Germany,2022-05-15,58392.1,0.566,
Germany,2022-05-16,58392.1,0.566,
Germany,2022-05-17,58392.1,0.566,
Germany,2022-05-18,58392.1,0.566,
Germany,2022-05-19,58392.1,0.566,
Germany,2022-05-20,58392.1,0.566,
Germany,2022-05-21,58392.1,0.566,
Germany,2022-05-22,41786.4,0.214,
Germany,2022-05-23,41786.4,0.214,
Germany,2022-05-24,41786.4,0.214,
Germany,2022-05-25,41786.4,0.214,
Germany,2022-05-26,41786.4,0.214,
Germany,2022-05-27,41786.4,0.214,
Germany,2022-05-28,41786.4,0.214,
Germany,2022-05-29,26737.0,-0.105,
Germany,2022-05-30,26737.0,-0.105,
Germany,2022-05-31,26737.0,-0.105,
Germany,2022-06-01,26737.0,-0.105,
Germany,2022-06-02,26737.0,-0.105,
Germany,2022-06-03,26737.0,-0.105,
Germany,2022-06-04,26737.0,-0.105,
Germany,2022-06-05,35020.1,0.071,
Germany,2022-06-06,35020.1,0.071,
Germany,2022-06-07,35020.1,0.071,
Germany,2022-06-08,35020.1,0.071,
Germany,2022-06-09,35020.1,0.071,
Germany,2022-06-10,35020.1,0.071,
Germany,2022-06-11,35020.1,0.071,
Germany,2022-06-12,47347.7,0.332,
Germany,2022-06-13,47347.7,0.332,
Germany,2022-06-14,47347.7,0.332,
Germany,2022-06-15,47347.7,0.332,
Germany,2022-06-16,47347.7,0.332,
Germany,2022-06-17,47347.7,0.332,
Germany,2022-06-18,47347.7,0.332,
Germany,2022-06-19,59113.0,0.581,
Germany,2022-06-20,59113.0,0.581,
Germany,2022-06-21,59113.0,0.581,
Germany,2022-06-22,59113.0,0.581,
Germany,2022-06-23,59113.0,0.581,
Germany,2022-06-24,59113.0,0.581,
Germany,2022-06-25,59113.0,0.581,
Germany,2022-06-26,82032.1,1.066,
Germany,2022-06-27,82032.1,1.066,
Germany,2022-06-28,82032.1,1.066,
Germany,2022-06-29,82032.1,1.066,
Germany,2022-06-30,82032.1,1.066,
Germany,2022-07-01,82032.1,1.066,
Germany,2022-07-02,82032.1,1.066,
Germany,2022-07-03,88968.0,1.213,
Germany,2022-07-04,88968.0,1.213,
Germany,2022-07-05,88968.0,1.213,
Germany,2022-07-06,88968.0,1.213,
Germany,2022-07-07,88968.0,1.213,
Germany,2022-07-08,88968.0,1.213,
Germany,2022-07-09,88968.0,1.213,
Germany,2022-07-10,89907.0,1.233,
Germany,2022-07-11,89907.0,1.233,
Germany,2022-07-12,89907.0,1.233,
Germany,2022-07-13,89907.0,1.233,
Germany,2022-07-14,89907.0,1.233,
Germany,2022-07-15,89907.0,1.233,
Germany,2022-07-16,89907.0,1.233,
Germany,2022-07-17,96447.1,1.371,
Germany,2022-07-18,96447.1,1.371,
Germany,2022-07-19,96447.1,1.371,
Germany,2022-07-20,96447.1,1.371,
Germany,2022-07-21,96447.1,1.371,
Germany,2022-07-22,96447.1,1.371,
Germany,2022-07-23,96447.1,1.371,
Germany,2022-07-24,89597.0,1.226,
Germany,2022-07-25,89597.0,1.226,
Germany,2022-07-26,89597.0,1.226,
Germany,2022-07-27,89597.0,1.226,
Germany,2022-07-28,89597.0,1.226,
Germany,2022-07-29,89597.0,1.226,
Germany,2022-07-30,89597.0,1.226,
Germany,2022-07-31,70818.4,0.829,
Germany,2022-08-01,70818.4,0.829,
Germany,2022-08-02,70818.4,0.829,
Germany,2022-08-03,70818.4,0.829,
Germany,2022-08-04,70818.4,0.829,
Germany,2022-08-05,70818.4,0.829,
Germany,2022-08-06,70818.4,0.829,
Germany,2022-08-07,51848.0,0.427,
Germany,2022-08-08,51848.0,0.427,
Germany,2022-08-09,51848.0,0.427,
Germany,2022-08-10,51848.0,0.427,
Germany,2022-08-11,51848.0,0.427,
Germany,2022-08-12,51848.0,0.427,
Germany,2022-08-13,51848.0,0.427,
Germany,2022-08-14,42613.1,0.231,
Germany,2022-08-15,42613.1,0.231,
Germany,2022-08-16,42613.1,0.231,
Germany,2022-08-17,42613.1,0.231,
Germany,2022-08-18,42613.1,0.231,
Germany,2022-08-19,42613.1,0.231,
Germany,2022-08-20,42613.1,0.231,
Germany,2022-08-21,37618.4,0.126,
Germany,2022-08-22,37618.4,0.126,
Germany,2022-08-23,37618.4,0.126,
Germany,2022-08-24,37618.4,0.126,
Germany,2022-08-25,37618.4,0.126,
Germany,2022-08-26,37618.4,0.126,
Germany,2022-08-27,37618.4,0.126,
Germany,2022-08-28,32568.4,0.019,
Germany,2022-08-29,32568.4,0.019,
Germany,2022-08-30,32568.4,0.019,
Germany,2022-08-31,32568.4,0.019,
Germany,2022-09-01,32568.4,0.019,
Germany,2022-09-02,32568.4,0.019,
Germany,2022-09-03,32568.4,0.019,
Germany,2022-09-04,28822.4,-0.061,
Germany,2022-09-05,28822.4,-0.061,
Germany,2022-09-06,28822.4,-0.061,
Germany,2022-09-07,28822.4,-0.061,
Germany,2022-09-08,28822.4,-0.061,
Germany,2022-09-09,28822.4,-0.061,
Germany,2022-09-10,28822.4,-0.061,
Germany,2022-09-11,29154.9,-0.054,
Germany,2022-09-12,29154.9,-0.054,
Germany,2022-09-13,29154.9,-0.054,
Germany,2022-09-14,29154.9,-0.054,
Germany,2022-09-15,29154.9,-0.054,
Germany,2022-09-16,29154.9,-0.054,
Germany,2022-09-17,29154.9,-0.054,
Germany,2022-09-18,32701.9,0.022,
Germany,2022-09-19,32701.9,0.022,
Germany,2022-09-20,32701.9,0.022,
Germany,2022-09-21,32701.9,0.022,
Germany,2022-09-22,32701.9,0.022,
Germany,2022-09-23,32701.9,0.022,
Germany,2022-09-24,32701.9,0.022,
Germany,2022-09-25,40933.6,0.196,
Germany,2022-09-26,40933.6,0.196,
Germany,2022-09-27,40933.6,0.196,
Germany,2022-09-28,40933.6,0.196,
Germany,2022-09-29,40933.6,0.196,
Germany,2022-09-30,40933.6,0.196,
Germany,2022-10-01,40933.6,0.196,
Germany,2022-10-02,65550.3,0.717,
Germany,2022-10-03,65550.3,0.717,
Germany,2022-10-04,65550.3,0.717,
Germany,2022-10-05,65550.3,0.717,
Germany,2022-10-06,65550.3,0.717,
Germany,2022-10-07,65550.3,0.717,
Germany,2022-10-08,65550.3,0.717,
Germany,2022-10-09,84867.6,1.126,
Germany,2022-10-10,84867.6,1.126,
Germany,2022-10-11,84867.6,1.126,
Germany,2022-10-12,84867.6,1.126,
Germany,2022-10-13,84867.6,1.126,
Germany,2022-10-14,84867.6,1.126,
Germany,2022-10-15,84867.6,1.126,
Germany,2022-10-16,92140.9,1.28,
Germany,2022-10-17,92140.9,1.28,
Germany,2022-10-18,92140.9,1.28,
Germany,2022-10-19,92140.9,1.28,
Germany,2022-10-20,92140.9,1.28,
Germany,2022-10-21,92140.9,1.28,
Germany,2022-10-22,92140.9,1.28,
Germany,2022-10-23,77802.3,0.977,
Germany,2022-10-24,77802.3,0.977,
Germany,2022-10-25,77802.3,0.977,
Germany,2022-10-26,77802.3,0.977,
Germany,2022-10-27,77802.3,0.977,
Germany,2022-10-28,77802.3,0.977,
Germany,2022-10-29,77802.3,0.977,
Germany,2022-10-30,53414.7,0.46,
Germany,2022-10-31,53414.7,0.46,
Germany,2022-11-01,53414.7,0.46,
Germany,2022-11-02,53414.7,0.46,
Germany,2022-11-03,53414.7,0.46,
Germany,2022-11-04,53414.7,0.46,
Germany,2022-11-05,53414.7,0.46,
Germany,2022-11-06,34796.9,0.066,
Germany,2022-11-07,34796.9,0.066,
Germany,2022-11-08,34796.9,0.066,
Germany,2022-11-09,34796.9,0.066,
Germany,2022-11-10,34796.9,0.066,
Germany,2022-11-11,34796.9,0.066,
Germany,2022-11-12,34796.9,0.066,
Germany,2022-11-13,28859.3,-0.06,
Germany,2022-11-14,28859.3,-0.06,
Germany,2022-11-15,28859.3,-0.06,
Germany,2022-11-16,28859.3,-0.06,
Germany,2022-11-17,28859.3,-0.06,
Germany,2022-11-18,28859.3,-0.06,
Germany,2022-11-19,28859.3,-0.06,
Germany,2022-11-20,24238.1,-0.158,
Germany,2022-11-21,24238.1,-0.158,
Germany,2022-11-22,24238.1,-0.158,
Germany,2022-11-23,24238.1,-0.158,
Germany,2022-11-24,24238.1,-0.158,
Germany,2022-11-25,24238.1,-0.158,
Germany,2022-11-26,24238.1,-0.158,
Germany,2022-11-27,24369.9,-0.155,
Germany,2022-11-28,24369.9,-0.155,
Germany,2022-11-29,24369.9,-0.155,
Germany,2022-11-30,24369.9,-0.155,
Germany,2022-12-01,24369.9,-0.155,
Germany,2022-12-02,24369.9,-0.155,
Germany,2022-12-03,24369.9,-0.155,
Germany,2022-12-04,26403.6,-0.112,
Germany,2022-12-05,26403.6,-0.112,
Germany,2022-12-06,26403.6,-0.112,
Germany,2022-12-07,26403.6,-0.112,
Germany,2022-12-08,26403.6,-0.112,
Germany,2022-12-09,26403.6,-0.112,
Germany,2022-12-10,26403.6,-0.112,
Germany,2022-12-11,28500.7,-0.067,
Germany,2022-12-12,28500.7,-0.067,
Germany,2022-12-13,28500.7,-0.067,
Germany,2022-12-14,28500.7,-0.067,
Germany,2022-12-15,28500.7,-0.067,
Germany,2022-12-16,28500.7,-0.067,
Germany,2022-12-17,28500.7,-0.067,
Germany,2022-12-18,31850.4,0.003,
Germany,2022-12-19,31850.4,0.003,
Germany,2022-12-20,31850.4,0.003,
Germany,2022-12-21,31850.4,0.003,
Germany,2022-12-22,31850.4,0.003,
Germany,2022-12-23,31850.4,0.003,
Germany,2022-12-24,31850.4,0.003,
Germany,2022-12-25,32963.7,0.027,
Germany,2022-12-26,32963.7,0.027,
Germany,2022-12-27,32963.7,0.027,
Germany,2022-12-28,32963.7,0.027,
Germany,2022-12-29,32963.7,0.027,
Germany,2022-12-30,32963.7,0.027,
Germany,2022-12-31,32963.7,0.027,
Germany,2023-01-01,21652.4,-0.212,
Germany,2023-01-02,21652.4,-0.212,
Germany,2023-01-03,21652.4,-0.212,
Germany,2023-01-04,21652.4,-0.212,
Germany,2023-01-05,21652.4,-0.212,
Germany,2023-01-06,21652.4,-0.212,
Germany,2023-01-07,21652.4,-0.212,
Germany,2023-01-08,18616.6,-0.277,
Germany,2023-01-09,18616.6,-0.277,
Germany,2023-01-10,18616.6,-0.277,
Germany,2023-01-11,18616.6,-0.277,
Germany,2023-01-12,18616.6,-0.277,
Germany,2023-01-13,18616.6,-0.277,
Germany,2023-01-14,18616.6,-0.277,
Germany,2023-01-15,12727.0,-0.401,
Germany,2023-01-16,12727.0,-0.401,
Germany,2023-01-17,12727.0,-0.401,
Germany,2023-01-18,12727.0,-0.401,
Germany,2023-01-19,12727.0,-0.401,
Germany,2023-01-20,12727.0,-0.401,
Germany,2023-01-21,12727.0,-0.401,
Germany,2023-01-22,8981.0,-0.481,
Germany,2023-01-23,8981.0,-0.481,
Germany,2023-01-24,8981.0,-0.481,
Germany,2023-01-25,8981.0,-0.481,
Germany,2023-01-26,8981.0,-0.481,
Germany,2023-01-27,8981.0,-0.481,
Germany,2023-01-28,8981.0,-0.481,
Germany,2023-01-29,10471.1,-0.449,
Germany,2023-01-30,10471.1,-0.449,
Germany,2023-01-31,10471.1,-0.449,
Germany,2023-02-01,10471.1,-0.449,
Germany,2023-02-02,10471.1,-0.449,
Germany,2023-02-03,10471.1,-0.449,
Germany,2023-02-04,10471.1,-0.449,
Germany,2023-02-05,12034.7,-0.416,
Germany,2023-02-06,12034.7,-0.416,
Germany,2023-02-07,12034.7,-0.416,
Germany,2023-02-08,12034.7,-0.416,
Germany,2023-02-09,12034.7,-0.416,
Germany,2023-02-10,12034.7,-0.416,
Germany,2023-02-11,12034.7,-0.416,
Germany,2023-02-12,12370.7,-0.409,
Germany,2023-02-13,12370.7,-0.409,
Germany,2023-02-14,12370.7,-0.409,
Germany,2023-02-15,12370.7,-0.409,
Germany,2023-02-16,12370.7,-0.409,
Germany,2023-02-17,12370.7,-0.409,
Germany,2023-02-18,12370.7,-0.409,
Germany,2023-02-19,13978.6,-0.375,
Germany,2023-02-20,13978.6,-0.375,
Germany,2023-02-21,13978.6,-0.375,
Germany,2023-02-22,13978.6,-0.375,
Germany,2023-02-23,13978.6,-0.375,
Germany,2023-02-24,13978.6,-0.375,
Germany,2023-02-25,13978.6,-0.375,
Germany,2023-02-26,16204.9,-0.328,
Germany,2023-02-27,16204.9,-0.328,
Germany,2023-02-28,16204.9,-0.328,
Germany,2023-03-01,16204.9,-0.328,
Germany,2023-03-02,16204.9,-0.328,
Germany,2023-03-03,16204.9,-0.328,
Germany,2023-03-04,16204.9,-0.328,
Germany,2023-03-05,12331.6,-0.41,
Germany,2023-03-06,12331.6,-0.41,
Germany,2023-03-07,12331.6,-0.41,
Germany,2023-03-08,12331.6,-0.41,
Germany,2023-03-09,12331.6,-0.41,
Germany,2023-03-10,12331.6,-0.41,
Germany,2023-03-11,12331.6,-0.41,
Germany,2023-03-12,6251.1,-0.539,
Germany,2023-03-13,6251.1,-0.539,
Germany,2023-03-14,6251.1,-0.539,
Germany,2023-03-15,6251.1,-0.539,
Germany,2023-03-16,6251.1,-0.539,
Germany,2023-03-17,6251.1,-0.539,
Germany,2023-03-18,6251.1,-0.539,
Germany,2023-03-19,5758.1,-0.549,
Germany,2023-03-20,5758.1,-0.549,
Germany,2023-03-21,5758.1,-0.549,
Germany,2023-03-22,5758.1,-0.549,
Germany,2023-03-23,5758.1,-0.549,
Germany,2023-03-24,5758.1,-0.549,
Germany,2023-03-25,5758.1,-0.549,
Germany,2023-03-26,4662.7,-0.572,
Germany,2023-03-27,4662.7,-0.572,
Germany,2023-03-28,4662.7,-0.572,
Germany,2023-03-29,4662.7,-0.572,
Germany,2023-03-30,4662.7,-0.572,
Germany,2023-03-31,4662.7,-0.572,
Germany,2023-04-01,4662.7,-0.572,
Germany,2023-04-02,3236.0,-0.602,
Germany,2023-04-03,3236.0,-0.602,
Germany,2023-04-04,3236.0,-0.602,
Germany,2023-04-05,3236.0,-0.602,
Germany,2023-04-06,3236.0,-0.602,
Germany,2023-04-07,3236.0,-0.602,
Germany,2023-04-08,3236.0,-0.602,
Germany,2023-04-09,2097.0,-0.627,
Germany,2023-04-10,2097.0,-0.627,
Germany,2023-04-11,2097.0,-0.627,
Germany,2023-04-12,2097.0,-0.627,
Germany,2023-04-13,2097.0,-0.627,
Germany,2023-04-14,2097.0,-0.627,
Germany,2023-04-15,2097.0,-0.627,
Germany,2023-04-16,1863.6,-0.632,
Germany,2023-04-17,1863.6,-0.632,
Germany,2023-04-18,1863.6,-0.632,
Germany,2023-04-19,1863.6,-0.632,
Germany,2023-04-20,1863.6,-0.632,
Germany,2023-04-21,1863.6,-0.632,
Germany,2023-04-22,1863.6,-0.632,
Germany,2023-04-23,1638.3,-0.636,
Germany,2023-04-24,1638.3,-0.636,
Germany,2023-04-25,1638.3,-0.636,
Germany,2023-04-26,1638.3,-0.636,
Germany,2023-04-27,1638.3,-0.636,
Germany,2023-04-28,1638.3,-0.636,
Germany,2023-04-29,1638.3,-0.636,
Germany,2023-04-30,1313.3,-0.643,
Germany,2023-05-01,1313.3,-0.643,
Germany,2023-05-02,1313.3,-0.643,
Germany,2023-05-03,1313.3,-0.643,
Germany,2023-05-04,1313.3,-0.643,
Germany,2023-05-05,1313.3,-0.643,
India,2020-01-10,0.0,-0.534,
India,2020-01-11,0.0,-0.534,
India,2020-01-12,0.0,-0.534,
India,2020-01-13,0.0,-0.534,
India,2020-01-14,0.0,-0.534,
India,2020-01-15,0.0,-0.534,
India,2020-01-16,0.0,-0.534,
India,2020-01-17,0.0,-0.534,
India,2020-01-18,0.0,-0.534,
India,2020-01-19,0.0,-0.534,
India,2020-01-20,0.0,-0.534,
India,2020-01-21,0.0,-0.534,
India,2020-01-22,0.0,-0.534,
India,2020-01-23,0.0,-0.534,
India,2020-01-24,0.0,-0.534,
India,2020-01-25,0.0,-0.534,
India,2020-01-26,0.0,-0.534,
India,2020-01-27,0.0,-0.534,
India,2020-01-28,0.0,-0.534,
India,2020-01-29,0.0,-0.534,
India,2020-01-30,0.0,-0.534,
India,2020-01-31,0.0,-0.534,
India,2020-02-01,0.0,-0.534,
India,2020-02-02,0.3,-0.534,
India,2020-02-03,0.3,-0.534,
India,2020-02-04,0.3,-0.534,
India,2020-02-05,0.3,-0.534,
India,2020-02-06,0.3,-0.534,
India,2020-02-07,0.3,-0.534,
India,2020-02-08,0.3,-0.534,
India,2020-02-09,0.7,-0.534,
India,2020-02-10,0.7,-0.534,
India,2020-02-11,0.7,-0.534,
India,2020-02-12,0.7,-0.534,
India,2020-02-13,0.7,-0.534,
India,2020-02-14,0.7,-0.534,
India,2020-02-15,0.7,-0.534,
India,2020-02-16,0.0,-0.534,
India,2020-02-17,0.0,-0.534,
India,2020-02-18,0.0,-0.534,
India,2020-02-19,0.0,-0.534,
India,2020-02-20,0.0,-0.534,
India,2020-02-21,0.0,-0.534,
India,2020-02-22,0.0,-0.534,
India,2020-02-23,0.0,-0.534,
India,2020-02-24,0.0,-0.534,
India,2020-02-25,0.0,-0.534,
India,2020-02-26,0.0,-0.534,
India,2020-02-27,0.0,-0.534,
India,2020-02-28,0.0,-0.534,
India,2020-02-29,0.0,-0.534,
India,2020-03-01,0.0,-0.534,
India,2020-03-02,0.0,-0.534,
India,2020-03-03,0.0,-0.534,
India,2020-03-04,0.0,-0.534,
India,2020-03-05,0.0,-0.534,
India,2020-03-06,0.0,-0.534,
India,2020-03-07,0.0,-0.534,
India,2020-03-08,4.6,-0.534,
India,2020-03-09,4.6,-0.534,
India,2020-03-10,4.6,-0.534,
India,2020-03-11,4.6,-0.534,
India,2020-03-12,4.6,-0.534,
India,2020-03-13,4.6,-0.534,
India,2020-03-14,4.6,-0.534,
India,2020-03-15,9.7,-0.534,
India,2020-03-16,9.7,-0.534,
India,2020-03-17,9.7,-0.534,
India,2020-03-18,9.7,-0.534,
India,2020-03-19,9.7,-0.534,
India,2020-03-20,9.7,-0.534,
India,2020-03-21,9.7,-0.534,
India,2020-03-22,36.1,-0.533,
India,2020-03-23,36.1,-0.533,
India,2020-03-24,36.1,-0.533,
India,2020-03-25,36.1,-0.533,
India,2020-03-26,36.1,-0.533,
India,2020-03-27,36.1,-0.533,
India,2020-03-28,36.1,-0.533,
India,2020-03-29,88.4,-0.532,
India,2020-03-30,88.4,-0.532,
India,2020-03-31,88.4,-0.532,
India,2020-04-01,88.4,-0.532,
India,2020-04-02,88.4,-0.532,
India,2020-04-03,88.4,-0.532,
India,2020-04-04,88.4,-0.532,
India,2020-04-05,342.1,-0.529,
India,2020-04-06,342.1,-0.529,
India,2020-04-07,342.1,-0.529,
India,2020-04-08,342.1,-0.529,
India,2020-04-09,342.1,-0.529,
India,2020-04-10,342.1,-0.529,
India,2020-04-11,342.1,-0.529,
India,2020-04-12,711.7,-0.524,
India,2020-04-13,711.7,-0.524,
India,2020-04-14,711.7,-0.524,
India,2020-04-15,711.7,-0.524,
India,2020-04-16,711.7,-0.524,
India,2020-04-17,711.7,-0.524,
India,2020-04-18,711.7,-0.524,
India,2020-04-19,1050.9,-0.519,
India,2020-04-20,1050.9,-0.519,
India,2020-04-21,1050.9,-0.519,
India,2020-04-22,1050.9,-0.519,
India,2020-04-23,1050.9,-0.519,
India,2020-04-24,1050.9,-0.519,
India,2020-04-25,1050.9,-0.519,
India,2020-04-26,1540.6,-0.512,
India,2020-04-27,1540.6,-0.512,
India,2020-04-28,1540.6,-0.512,
India,2020-04-29,1540.6,-0.512,
India,2020-04-30,1540.6,-0.512,
India,2020-05-01,1540.6,-0.512,
India,2020-05-02,1540.6,-0.512,
India,2020-05-03,1926.3,-0.506,
India,2020-05-04,1926.3,-0.506,
India,2020-05-05,1926.3,-0.506,
India,2020-05-06,1926.3,-0.506,
India,2020-05-07,1926.3,-0.506,
India,2020-05-08,1926.3,-0.506,
India,2020-05-09,1926.3,-0.506,
India,2020-05-10,3279.9,-0.487,
India,2020-05-11,3279.9,-0.487,
India,2020-05-12,3279.9,-0.487,
India,2020-05-13,3279.9,-0.487,
India,2020-05-14,3279.9,-0.487,
India,2020-05-15,3279.9,-0.487,
India,2020-05-16,3279.9,-0.487,
India,2020-05-17,3998.3,-0.476,
India,2020-05-18,3998.3,-0.476,
India,2020-05-19,3998.3,-0.476,
India,2020-05-20,3998.3,-0.476,
India,2020-05-21,3998.3,-0.476,
India,2020-05-22,3998.3,-0.476,
India,2020-05-23,3998.3,-0.476,
India,2020-05-24,5848.7,-0.45,
India,2020-05-25,5848.7,-0.45,
India,2020-05-26,5848.7,-0.45,
India,2020-05-27,5848.7,-0.45,
India,2020-05-28,5848.7,-0.45,
India,2020-05-29,5848.7,-0.45,
India,2020-05-30,5848.7,-0.45,
India,2020-05-31,7182.1,-0.43,
India,2020-06-01,7182.1,-0.43,
India,2020-06-02,7182.1,-0.43,
India,2020-06-03,7182.1,-0.43,
India,2020-06-04,7182.1,-0.43,
India,2020-06-05,7182.1,-0.43,
India,2020-06-06,7182.1,-0.43,
India,2020-06-07,9212.1,-0.401,
India,2020-06-08,9212.1,-0.401,
India,2020-06-09,9212.1,-0.401,
India,2020-06-10,9212.1,-0.401,
India,2020-06-11,9212.1,-0.401,
India,2020-06-12,9212.1,-0.401,
India,2020-06-13,9212.1,-0.401,
India,2020-06-14,10613.4,-0.381,
India,2020-06-15,10613.4,-0.381,
India,2020-06-16,10613.4,-0.381,
India,2020-06-17,10613.4,-0.381,
India,2020-06-18,10613.4,-0.381,
India,2020-06-19,10613.4,-0.381,
India,2020-06-20,10613.4,-0.381,
India,2020-06-21,12791.3,-0.35,
India,2020-06-22,12791.3,-0.35,
India,2020-06-23,12791.3,-0.35,
India,2020-06-24,12791.3,-0.35,
India,2020-06-25,12791.3,-0.35,
India,2020-06-26,12791.3,-0.35,
India,2020-06-27,12791.3,-0.35,
India,2020-06-28,16914.0,-0.29,
India,2020-06-29,16914.0,-0.29,
India,2020-06-30,16914.0,-0.29,
India,2020-07-01,16914.0,-0.29,
India,2020-07-02,16914.0,-0.29,
India,2020-07-03,16914.0,-0.29,
India,2020-07-04,16914.0,-0.29,
India,2020-07-05,20615.1,-0.237,
India,2020-07-06,20615.1,-0.237,
India,2020-07-07,20615.1,-0.237,
India,2020-07-08,20615.1,-0.237,
India,2020-07-09,20615.1,-0.237,
India,2020-07-10,20615.1,-0.237,
India,2020-07-11,20615.1,-0.237,
India,2020-07-12,25198.3,-0.171,
India,2020-07-13,25198.3,-0.171,
India,2020-07-14,25198.3,-0.171,
India,2020-07-15,25198.3,-0.171,
India,2020-07-16,25198.3,-0.171,
India,2020-07-17,25198.3,-0.171,
India,2020-07-18,25198.3,-0.171,
India,2020-07-19,32580.7,-0.065,
India,2020-07-20,32580.7,-0.065,
India,2020-07-21,32580.7,-0.065,
India,2020-07-22,32580.7,-0.065,
India,2020-07-23,32580.7,-0.065,
India,2020-07-24,32580.7,-0.065,
India,2020-07-25,32580.7,-0.065,
India,2020-07-26,43986.3,0.099,
India,2020-07-27,43986.3,0.099,
India,2020-07-28,43986.3,0.099,
India,2020-07-29,43986.3,0.099,
India,2020-07-30,43986.3,0.099,
India,2020-07-31,43986.3,0.099,
India,2020-08-01,43986.3,0.099,
India,2020-08-02,52171.6,0.217,
India,2020-08-03,52171.6,0.217,
India,2020-08-04,52171.6,0.217,
India,2020-08-05,52171.6,0.217,
India,2020-08-06,52171.6,0.217,
India,2020-08-07,52171.6,0.217,
India,2020-08-08,52171.6,0.217,
India,2020-08-09,57469.6,0.294,
India,2020-08-10,57469.6,0.294,
India,2020-08-11,57469.6,0.294,
India,2020-08-12,57469.6,0.294,
India,2020-08-13,57469.6,0.294,
India,2020-08-14,57469.6,0.294,
India,2020-08-15,57469.6,0.294,
India,2020-08-16,62381.7,0.364,
India,2020-08-17,62381.7,0.364,
India,2020-08-18,62381.7,0.364,
India,2020-08-19,62381.7,0.364,
India,2020-08-20,62381.7,0.364,
India,2020-08-21,62381.7,0.364,
India,2020-08-22,62381.7,0.364,
India,2020-08-23,65036.9,0.402,
India,2020-08-24,65036.9,0.402,
India,2020-08-25,65036.9,0.402,
India,2020-08-26,65036.9,0.402,
India,2020-08-27,65036.9,0.402,
India,2020-08-28,65036.9,0.402,
India,2020-08-29,65036.9,0.402,
India,2020-08-30,71113.3,0.49,
India,2020-08-31,71113.3,0.49,
India,2020-09-01,71113.3,0.49,
India,2020-09-02,71113.3,0.49,
India,2020-09-03,71113.3,0.49,
India,2020-09-04,71113.3,0.49,
India,2020-09-05,71113.3,0.49,
India,2020-09-06,81582.6,0.641,
India,2020-09-07,81582.6,0.641,
India,2020-09-08,81582.6,0.641,
India,2020-09-09,81582.6,0.641,
India,2020-09-10,81582.6,0.641,
India,2020-09-11,81582.6,0.641,
India,2020-09-12,81582.6,0.641,
India,2020-09-13,91506.4,0.784,
India,2020-09-14,91506.4,0.784,
India,2020-09-15,91506.4,0.784,
India,2020-09-16,91506.4,0.784,
India,2020-09-17,91506.4,0.784,
India,2020-09-18,91506.4,0.784,
India,2020-09-19,91506.4,0.784,
India,2020-09-20,92323.3,0.795,
India,2020-09-21,92323.3,0.795,
India,2020-09-22,92323.3,0.795,
India,2020-09-23,92323.3,0.795,
India,2020-09-24,92323.3,0.795,
India,2020-09-25,92323.3,0.795,
India,2020-09-26,92323.3,0.795,
India,2020-09-27,84559.0,0.684,
India,2020-09-28,84559.0,0.684,
India,2020-09-29,84559.0,0.684,
India,2020-09-30,84559.0,0.684,
India,2020-10-01,84559.0,0.684,
India,2020-10-02,84559.0,0.684,
India,2020-10-03,84559.0,0.684,
India,2020-10-04,79548.7,0.611,
India,2020-10-05,79548.7,0.611,
India,2020-10-06,79548.7,0.611,
India,2020-10-07,79548.7,0.611,
India,2020-10-08,79548.7,0.611,
India,2020-10-09,79548.7,0.611,
India,2020-10-10,79548.7,0.611,
India,2020-10-11,72061.9,0.504,
India,2020-10-12,72061.9,0.504,
India,2020-10-13,72061.9,0.504,
India,2020-10-14,72061.9,0.504,
India,2020-10-15,72061.9,0.504,
India,2020-10-16,72061.9,0.504,
India,2020-10-17,72061.9,0.504,
India,2020-10-18,62963.6,0.373,
India,2020-10-19,62963.6,0.373,
India,2020-10-20,62963.6,0.373,
India,2020-10-21,62963.6,0.373,
India,2020-10-22,62963.6,0.373,
India,2020-10-23,62963.6,0.373,
India,2020-10-24,62963.6,0.373,
India,2020-10-25,52894.3,0.228,
India,2020-10-26,52894.3,0.228,
India,2020-10-27,52894.3,0.228,
India,2020-10-28,52894.3,0.228,
India,2020-10-29,52894.3,0.228,
India,2020-10-30,52894.3,0.228,
India,2020-10-31,52894.3,0.228,
India,2020-11-01,45610.1,0.123,
India,2020-11-02,45610.1,0.123,
India,2020-11-03,45610.1,0.123,
India,2020-11-04,45610.1,0.123,
India,2020-11-05,45610.1,0.123,
India,2020-11-06,45610.1,0.123,
India,2020-11-07,45610.1,0.123,
India,2020-11-08,46238.9,0.132,
India,2020-11-09,46238.9,0.132,
India,2020-11-10,46238.9,0.132,
India,2020-11-11,46238.9,0.132,
India,2020-11-12,46238.9,0.132,
India,2020-11-13,46238.9,0.132,
India,2020-11-14,46238.9,0.132,
India,2020-11-15,43832.1,0.097,
India,2020-11-16,43832.1,0.097,
India,2020-11-17,43832.1,0.097,
India,2020-11-18,43832.1,0.097,
India,2020-11-19,43832.1,0.097,
India,2020-11-20,43832.1,0.097,
India,2020-11-21,43832.1,0.097,
India,2020-11-22,40175.3,0.045,
India,2020-11-23,40175.3,0.045,
India,2020-11-24,40175.3,0.045,
India,2020-11-25,40175.3,0.045,
India,2020-11-26,40175.3,0.045,
India,2020-11-27,40175.3,0.045,
India,2020-11-28,40175.3,0.045,
India,2020-11-29,42444.7,0.077,
India,2020-11-30,42444.7,0.077,
India,2020-12-01,42444.7,0.077,
India,2020-12-02,42444.7,0.077,
India,2020-12-03,42444.7,0.077,
India,2020-12-04,42444.7,0.077,
India,2020-12-05,42444.7,0.077,
India,2020-12-06,35900.4,-0.017,
India,2020-12-07,35900.4,-0.017,
India,2020-12-08,35900.4,-0.017,
India,2020-12-09,35900.4,-0.017,
India,2020-12-10,35900.4,-0.017,
India,2020-12-11,35900.4,-0.017,
India,2020-12-12,35900.4,-0.017,
India,2020-12-13,30401.0,-0.096,
India,2020-12-14,30401.0,-0.096,
India,2020-12-15,30401.0,-0.096,
India,2020-12-16,30401.0,-0.096,
India,2020-12-17,30401.0,-0.096,
India,2020-12-18,30401.0,-0.096,
India,2020-12-19,30401.0,-0.096,
India,2020-12-20,24884.9,-0.176,
India,2020-12-21,24884.9,-0.176,
India,2020-12-22,24884.9,-0.176,
India,2020-12-23,24884.9,-0.176,
India,2020-12-24,24884.9,-0.176,
India,2020-12-25,24884.9,-0.176,
India,2020-12-26,24884.9,-0.176,
India,2020-12-27,22375.3,-0.212,
India,2020-12-28,22375.3,-0.212,
India,2020-12-29,22375.3,-0.212,
India,2020-12-30,22375.3,-0.212,
India,2020-12-31,22375.3,-0.212,
India,2021-01-01,22375.3,-0.212,
India,2021-01-02,22375.3,-0.212,
India,2021-01-03,19445.0,-0.254,
India,2021-01-04,19445.0,-0.254,
India,2021-01-05,19445.0,-0.254,
India,2021-01-06,19445.0,-0.254,
India,2021-01-07,19445.0,-0.254,
India,2021-01-08,19445.0,-0.254,
India,2021-01-09,19445.0,-0.254,
India,2021-01-10,18045.6,-0.274,
India,2021-01-11,18045.6,-0.274,
India,2021-01-12,18045.6,-0.274,
India,2021-01-13,18045.6,-0.274,
India,2021-01-14,18045.6,-0.274,
India,2021-01-15,18045.6,-0.274,
India,2021-01-16,18045.6,-0.274,
India,2021-01-17,15385.9,-0.312,
India,2021-01-18,15385.9,-0.312,
India,2021-01-19,15385.9,-0.312,
India,2021-01-20,15385.9,-0.312,
India,2021-01-21,15385.9,-0.312,
India,2021-01-22,15385.9,-0.312,
India,2021-01-23,15385.9,-0.312,
India,2021-01-24,13792.6,-0.335,
India,2021-01-25,13792.6,-0.335,
India,2021-01-26,13792.6,-0.335,
India,2021-01-27,13792.6,-0.335,
India,2021-01-28,13792.6,-0.335,
India,2021-01-29,13792.6,-0.335,
India,2021-01-30,13792.6,-0.335,
India,2021-01-31,13092.9,-0.345,
India,2021-02-01,13092.9,-0.345,
India,2021-02-02,13092.9,-0.345,
India,2021-02-03,13092.9,-0.345,
India,2021-02-04,13092.9,-0.345,
India,2021-02-05,13092.9,-0.345,
India,2021-02-06,13092.9,-0.345,
India,2021-02-07,11454.3,-0.369,
India,2021-02-08,11454.3,-0.369,
India,2021-02-09,11454.3,-0.369,
India,2021-02-10,11454.3,-0.369,
India,2021-02-11,11454.3,-0.369,
India,2021-02-12,11454.3,-0.369,
India,2021-02-13,11454.3,-0.369,
India,2021-02-14,11225.3,-0.372,
India,2021-02-15,11225.3,-0.372,
India,2021-02-16,11225.3,-0.372,
India,2021-02-17,11225.3,-0.372,
India,2021-02-18,11225.3,-0.372,
India,2021-02-19,11225.3,-0.372,
India,2021-02-20,11225.3,-0.372,
India,2021-02-21,12387.3,-0.355,
India,2021-02-22,12387.3,-0.355,
India,2021-02-23,12387.3,-0.355,
India,2021-02-24,12387.3,-0.355,
India,2021-02-25,12387.3,-0.355,
India,2021-02-26,12387.3,-0.355,
India,2021-02-27,12387.3,-0.355,
India,2021-02-28,15011.4,-0.318,
India,2021-03-01,15011.4,-0.318,
India,2021-03-02,15011.4,-0.318,
India,2021-03-03,15011.4,-0.318,
India,2021-03-04,15011.4,-0.318,
India,2021-03-05,15011.4,-0.318,
India,2021-03-06,15011.4,-0.318,
India,2021-03-07,16295.4,-0.299,
India,2021-03-08,16295.4,-0.299,
India,2021-03-09,16295.4,-0.299,
India,2021-03-10,16295.4,-0.299,
India,2021-03-11,16295.4,-0.299,
India,2021-03-12,16295.4,-0.299,
India,2021-03-13,16295.4,-0.299,
India,2021-03-14,21178.4,-0.229,
India,2021-03-15,21178.4,-0.229,
India,2021-03-16,21178.4,-0.229,
India,2021-03-17,21178.4,-0.229,
India,2021-03-18,21178.4,-0.229,
India,2021-03-19,21178.4,-0.229,
India,2021-03-20,21178.4,-0.229,
India,2021-03-21,34297.4,-0.04,
India,2021-03-22,34297.4,-0.04,
India,2021-03-23,34297.4,-0.04,
India,2021-03-24,34297.4,-0.04,
India,2021-03-25,34297.4,-0.04,
India,2021-03-26,34297.4,-0.04,
India,2021-03-27,34297.4,-0.04,
India,2021-03-28,53213.4,0.232,
India,2021-03-29,53213.4,0.232,
India,2021-03-30,53213.4,0.232,
India,2021-03-31,53213.4,0.232,
India,2021-04-01,53213.4,0.232,
India,2021-04-02,53213.4,0.232,
India,2021-04-03,53213.4,0.232,
India,2021-04-04,73412.1,0.523,
India,2021-04-05,73412.1,0.523,
India,2021-04-06,73412.1,0.523,
India,2021-04-07,73412.1,0.523,
India,2021-04-08,73412.1,0.523,
India,2021-04-09,73412.1,0.523,
India,2021-04-10,73412.1,0.523,
India,2021-04-11,124756.6,1.262,
India,2021-04-12,124756.6,1.262,
India,2021-04-13,124756.6,1.262,
India,2021-04-14,124756.6,1.262,
India,2021-04-15,124756.6,1.262,
India,2021-04-16,124756.6,1.262,
India,2021-04-17,124756.6,1.262,
India,2021-04-18,204186.3,2.406,Y
India,2021-04-19,204186.3,2.406,Y
India,2021-04-20,204186.3,2.406,Y
India,2021-04-21,204186.3,2.406,Y
India,2021-04-22,204186.3,2.406,Y
India,2021-04-23,204186.3,2.406,Y
India,2021-04-24,204186.3,2.406,Y
India,2021-04-25,310294.7,3.933,Y
India,2021-04-26,310294.7,3.933,Y
India,2021-04-27,310294.7,3.933,Y
India,2021-04-28,310294.7,3.933,Y
India,2021-04-29,310294.7,3.933,Y
India,2021-04-30,310294.7,3.933,Y
India,2021-05-01,310294.7,3.933,Y
India,2021-05-02,371040.7,4.808,Y
India,2021-05-03,371040.7,4.808,Y
India,2021-05-04,371040.7,4.808,Y
India,2021-05-05,371040.7,4.808,Y
India,2021-05-06,371040.7,4.808,Y
India,2021-05-07,371040.7,4.808,Y
India,2021-05-08,371040.7,4.808,Y
India,2021-05-09,391279.6,5.099,Y
India,2021-05-10,391279.6,5.099,Y
India,2021-05-11,391279.6,5.099,Y
India,2021-05-12,391279.6,5.099,Y
India,2021-05-13,391279.6,5.099,Y
India,2021-05-14,391279.6,5.099,Y
India,2021-05-15,391279.6,5.099,Y
India,2021-05-16,341094.7,4.377,Y
India,2021-05-17,341094.7,4.377,Y
India,2021-05-18,341094.7,4.377,Y
India,2021-05-19,341094.7,4.377,Y
India,2021-05-20,341094.7,4.377,Y
India,2021-05-21,341094.7,4.377,Y
India,2021-05-22,341094.7,4.377,Y
India,2021-05-23,263722.1,3.263,Y
India,2021-05-24,263722.1,3.263,Y
India,2021-05-25,263722.1,3.263,Y
India,2021-05-26,263722.1,3.263,Y
India,2021-05-27,263722.1,3.263,Y
India,2021-05-28,263722.1,3.263,Y
India,2021-05-29,263722.1,3.263,Y
India,2021-05-30,194952.6,2.273,Y
India,2021-05-31,194952.6,2.273,Y
India,2021-06-01,194952.6,2.273,Y
India,2021-06-02,194952.6,2.273,Y
India,2021-06-03,194952.6,2.273,Y
India,2021-06-04,194952.6,2.273,Y
India,2021-06-05,194952.6,2.273,Y
India,2021-06-06,130648.4,1.347,
India,2021-06-07,130648.4,1.347,
India,2021-06-08,130648.4,1.347,
India,2021-06-09,130648.4,1.347,
India,2021-06-10,130648.4,1.347,
India,2021-06-11,130648.4,1.347,
India,2021-06-12,130648.4,1.347,
India,2021-06-13,90092.9,0.763,
India,2021-06-14,90092.9,0.763,
India,2021-06-15,90092.9,0.763,
India,2021-06-16,90092.9,0.763,
India,2021-06-17,90092.9,0.763,
India,2021-06-18,90092.9,0.763,
India,2021-06-19,90092.9,0.763,
India,2021-06-20,63139.4,0.375,
India,2021-06-21,63139.4,0.375,
India,2021-06-22,63139.4,0.375,
India,2021-06-23,63139.4,0.375,
India,2021-06-24,63139.4,0.375,
India,2021-06-25,63139.4,0.375,
India,2021-06-26,63139.4,0.375,
India,2021-06-27,50174.0,0.189,
India,2021-06-28,50174.0,0.189,
India,2021-06-29,50174.0,0.189,
India,2021-06-30,50174.0,0.189,
India,2021-07-01,50174.0,0.189,
India,2021-07-02,50174.0,0.189,
India,2021-07-03,50174.0,0.189,
India,2021-07-04,44607.1,0.108,
India,2021-07-05,44607.1,0.108,
India,2021-07-06,44607.1,0.108,
India,2021-07-07,44607.1,0.108,
India,2021-07-08,44607.1,0.108,
India,2021-07-09,44607.1,0.108,
India,2021-07-10,44607.1,0.108,
India,2021-07-11,41684.1,0.066,
India,2021-07-12,41684.1,0.066,
India,2021-07-13,41684.1,0.066,
India,2021-07-14,41684.1,0.066,
India,2021-07-15,41684.1,0.066,
India,2021-07-16,41684.1,0.066,
India,2021-07-17,41684.1,0.066,
India,2021-07-18,38406.1,0.019,
India,2021-07-19,38406.1,0.019,
India,2021-07-20,38406.1,0.019,
India,2021-07-21,38406.1,0.019,
India,2021-07-22,38406.1,0.019,
India,2021-07-23,38406.1,0.019,
India,2021-07-24,38406.1,0.019,
India,2021-07-25,37976.6,0.013,
India,2021-07-26,37976.6,0.013,
India,2021-07-27,37976.6,0.013,
India,2021-07-28,37976.6,0.013,
India,2021-07-29,37976.6,0.013,
India,2021-07-30,37976.6,0.013,
India,2021-07-31,37976.6,0.013,
India,2021-08-01,40560.4,0.05,
India,2021-08-02,40560.4,0.05,
India,2021-08-03,40560.4,0.05,
India,2021-08-04,40560.4,0.05,
India,2021-08-05,40560.4,0.05,
India,2021-08-06,40560.4,0.05,
India,2021-08-07,40560.4,0.05,
India,2021-08-08,39804.4,0.039,
India,2021-08-09,39804.4,0.039,
India,2021-08-10,39804.4,0.039,
India,2021-08-11,39804.4,0.039,
India,2021-08-12,39804.4,0.039,
India,2021-08-13,39804.4,0.039,
India,2021-08-14,39804.4,0.039,
India,2021-08-15,36874.4,-0.003,
India,2021-08-16,36874.4,-0.003,
India,2021-08-17,36874.4,-0.003,
India,2021-08-18,36874.4,-0.003,
India,2021-08-19,36874.4,-0.003,
India,2021-08-20,36874.4,-0.003,
India,2021-08-21,36874.4,-0.003,
India,2021-08-22,33094.0,-0.057,
India,2021-08-23,33094.0,-0.057,
India,2021-08-24,33094.0,-0.057,
India,2021-08-25,33094.0,-0.057,
India,2021-08-26,33094.0,-0.057,
India,2021-08-27,33094.0,-0.057,
India,2021-08-28,33094.0,-0.057,
India,2021-08-29,38685.1,0.023,
India,2021-08-30,38685.1,0.023,
India,2021-08-31,38685.1,0.023,
India,2021-09-01,38685.1,0.023,
India,2021-09-02,38685.1,0.023,
India,2021-09-03,38685.1,0.023,
India,2021-09-04,38685.1,0.023,
India,2021-09-05,41949.0,0.07,
India,2021-09-06,41949.0,0.07,
India,2021-09-07,41949.0,0.07,
India,2021-09-08,41949.0,0.07,
India,2021-09-09,41949.0,0.07,
India,2021-09-10,41949.0,0.07,
India,2021-09-11,41949.0,0.07,
India,2021-09-12,35464.0,-0.023,
India,2021-09-13,35464.0,-0.023,
India,2021-09-14,35464.0,-0.023,
India,2021-09-15,35464.0,-0.023,
India,2021-09-16,35464.0,-0.023,
India,2021-09-17,35464.0,-0.023,
India,2021-09-18,35464.0,-0.023,
India,2021-09-19,30177.4,-0.099,
India,2021-09-20,30177.4,-0.099,
India,2021-09-21,30177.4,-0.099,
India,2021-09-22,30177.4,-0.099,
India,2021-09-23,30177.4,-0.099,
India,2021-09-24,30177.4,-0.099,
India,2021-09-25,30177.4,-0.099,
India,2021-09-26,29226.0,-0.113,
India,2021-09-27,29226.0,-0.113,
India,2021-09-28,29226.0,-0.113,
India,2021-09-29,29226.0,-0.113,
India,2021-09-30,29226.0,-0.113,
India,2021-10-01,29226.0,-0.113,
India,2021-10-02,29226.0,-0.113,
India,2021-10-03,23022.6,-0.202,
India,2021-10-04,23022.6,-0.202,
India,2021-10-05,23022.6,-0.202,
India,2021-10-06,23022.6,-0.202,
India,2021-10-07,23022.6,-0.202,
India,2021-10-08,23022.6,-0.202,
India,2021-10-09,23022.6,-0.202,
India,2021-10-10,19938.9,-0.247,
India,2021-10-11,19938.9,-0.247,
India,2021-10-12,19938.9,-0.247,
India,2021-10-13,19938.9,-0.247,
India,2021-10-14,19938.9,-0.247,
India,2021-10-15,19938.9,-0.247,
India,2021-10-16,19938.9,-0.247,
India,2021-10-17,16320.6,-0.299,
India,2021-10-18,16320.6,-0.299,
India,2021-10-19,16320.6,-0.299,
India,2021-10-20,16320.6,-0.299,
India,2021-10-21,16320.6,-0.299,
India,2021-10-22,16320.6,-0.299,
India,2021-10-23,16320.6,-0.299,
India,2021-10-24,15392.7,-0.312,
India,2021-10-25,15392.7,-0.312,
India,2021-10-26,15392.7,-0.312,
India,2021-10-27,15392.7,-0.312,
India,2021-10-28,15392.7,-0.312,
India,2021-10-29,15392.7,-0.312,
India,2021-10-30,15392.7,-0.312,
India,2021-10-31,13976.0,-0.333,
India,2021-11-01,13976.0,-0.333,
India,2021-11-02,13976.0,-0.333,
India,2021-11-03,13976.0,-0.333,
India,2021-11-04,13976.0,-0.333,
India,2021-11-05,13976.0,-0.333,
India,2021-11-06,13976.0,-0.333,
India,2021-11-07,11748.0,-0.365,
India,2021-11-08,11748.0,-0.365,
India,2021-11-09,11748.0,-0.365,
India,2021-11-10,11748.0,-0.365,
India,2021-11-11,11748.0,-0.365,
India,2021-11-12,11748.0,-0.365,
India,2021-11-13,11748.0,-0.365,
India,2021-11-14,11681.6,-0.366,
India,2021-11-15,11681.6,-0.366,
India,2021-11-16,11681.6,-0.366,
India,2021-11-17,11681.6,-0.366,
India,2021-11-18,11681.6,-0.366,
India,2021-11-19,11681.6,-0.366,
India,2021-11-20,11681.6,-0.366,
India,2021-11-21,10443.7,-0.383,
India,2021-11-22,10443.7,-0.383,
India,2021-11-23,10443.7,-0.383,
India,2021-11-24,10443.7,-0.383,
India,2021-11-25,10443.7,-0.383,
India,2021-11-26,10443.7,-0.383,
India,2021-11-27,10443.7,-0.383,
India,2021-11-28,8872.9,-0.406,
India,2021-11-29,8872.9,-0.406,
India,2021-11-30,8872.9,-0.406,
India,2021-12-01,8872.9,-0.406,
India,2021-12-02,8872.9,-0.406,
India,2021-12-03,8872.9,-0.406,
India,2021-12-04,8872.9,-0.406,
India,2021-12-05,8676.0,-0.409,
India,2021-12-06,8676.0,-0.409,
India,2021-12-07,8676.0,-0.409,
India,2021-12-08,8676.0,-0.409,
India,2021-12-09,8676.0,-0.409,
India,2021-12-10,8676.0,-0.409,
India,2021-12-11,8676.0,-0.409,
India,2021-12-12,8179.3,-0.416,
India,2021-12-13,8179.3,-0.416,
India,2021-12-14,8179.3,-0.416,
India,2021-12-15,8179.3,-0.416,
India,2021-12-16,8179.3,-0.416,
India,2021-12-17,8179.3,-0.416,
India,2021-12-18,8179.3,-0.416,
India,2021-12-19,7109.3,-0.431,
India,2021-12-20,7109.3,-0.431,
India,2021-12-21,7109.3,-0.431,
India,2021-12-22,7109.3,-0.431,
India,2021-12-23,7109.3,-0.431,
India,2021-12-24,7109.3,-0.431,
India,2021-12-25,7109.3,-0.431,
India,2021-12-26,6646.7,-0.438,
India,2021-12-27,6646.7,-0.438,
India,2021-12-28,6646.7,-0.438,
India,2021-12-29,6646.7,-0.438,
India,2021-12-30,6646.7,-0.438,
India,2021-12-31,6646.7,-0.438,
India,2022-01-01,6646.7,-0.438,
India,2022-01-02,14618.6,-0.323,
India,2022-01-03,14618.6,-0.323,
India,2022-01-04,14618.6,-0.323,
India,2022-01-05,14618.6,-0.323,
India,2022-01-06,14618.6,-0.323,
India,2022-01-07,14618.6,-0.323,
India,2022-01-08,14618.6,-0.323,
India,2022-01-09,91267.4,0.78,
India,2022-01-10,91267.4,0.78,
India,2022-01-11,91267.4,0.78,
India,2022-01-12,91267.4,0.78,
India,2022-01-13,91267.4,0.78,
India,2022-01-14,91267.4,0.78,
India,2022-01-15,91267.4,0.78,
India,2022-01-16,227737.1,2.745,Y
India,2022-01-17,227737.1,2.745,Y
India,2022-01-18,227737.1,2.745,Y
India,2022-01-19,227737.1,2.745,Y
India,2022-01-20,227737.1,2.745,Y
India,2022-01-21,227737.1,2.745,Y
India,2022-01-22,227737.1,2.745,Y
India,2022-01-23,302157.1,3.816,Y
India,2022-01-24,302157.1,3.816,Y
India,2022-01-25,302157.1,3.816,Y
India,2022-01-26,302157.1,3.816,Y
India,2022-01-27,302157.1,3.816,Y
India,2022-01-28,302157.1,3.816,Y
India,2022-01-29,302157.1,3.816,Y
India,2022-01-30,265036.9,3.282,Y
India,2022-01-31,265036.9,3.282,Y
India,2022-02-01,265036.9,3.282,Y
India,2022-02-02,265036.9,3.282,Y
India,2022-02-03,265036.9,3.282,Y
India,2022-02-04,265036.9,3.282,Y
India,2022-02-05,265036.9,3.282,Y
India,2022-02-06,156516.6,1.719,
India,2022-02-07,156516.6,1.719,
India,2022-02-08,156516.6,1.719,
India,2022-02-09,156516.6,1.719,
India,2022-02-10,156516.6,1.719,
India,2022-02-11,156516.6,1.719,
India,2022-02-12,156516.6,1.719,
India,2022-02-13,63326.1,0.378,
India,2022-02-14,63326.1,0.378,
India,2022-02-15,63326.1,0.378,
India,2022-02-16,63326.1,0.378,
India,2022-02-17,63326.1,0.378,
India,2022-02-18,63326.1,0.378,
India,2022-02-19,63326.1,0.378,
India,2022-02-20,27293.1,-0.141,
India,2022-02-21,27293.1,-0.141,
India,2022-02-22,27293.1,-0.141,
India,2022-02-23,27293.1,-0.141,
India,2022-02-24,27293.1,-0.141,
India,2022-02-25,27293.1,-0.141,
India,2022-02-26,27293.1,-0.141,
India,2022-02-27,13377.7,-0.341,
India,2022-02-28,13377.7,-0.341,
India,2022-03-01,13377.7,-0.341,
India,2022-03-02,13377.7,-0.341,
India,2022-03-03,13377.7,-0.341,
India,2022-03-04,13377.7,-0.341,
India,2022-03-05,13377.7,-0.341,
India,2022-03-06,6690.9,-0.437,
India,2022-03-07,6690.9,-0.437,
India,2022-03-08,6690.9,-0.437,
India,2022-03-09,6690.9,-0.437,
India,2022-03-10,6690.9,-0.437,
India,2022-03-11,6690.9,-0.437,
India,2022-03-12,6690.9,-0.437,
India,2022-03-13,4005.4,-0.476,
India,2022-03-14,4005.4,-0.476,
India,2022-03-15,4005.4,-0.476,
India,2022-03-16,4005.4,-0.476,
India,2022-03-17,4005.4,-0.476,
India,2022-03-18,4005.4,-0.476,
India,2022-03-19,4005.4,-0.476,
India,2022-03-20,2407.1,-0.499,
India,2022-03-21,2407.1,-0.499,
India,2022-03-22,2407.1,-0.499,
India,2022-03-23,2407.1,-0.499,
India,2022-03-24,2407.1,-0.499,
India,2022-03-25,2407.1,-0.499,
India,2022-03-26,2407.1,-0.499,
India,2022-03-27,1658.9,-0.51,
India,2022-03-28,1658.9,-0.51,
India,2022-03-29,1658.9,-0.51,
India,2022-03-30,1658.9,-0.51,
India,2022-03-31,1658.9,-0.51,
India,2022-04-01,1658.9,-0.51,
India,2022-04-02,1658.9,-0.51,
India,2022-04-03,1239.7,-0.516,
India,2022-04-04,1239.7,-0.516,
India,2022-04-05,1239.7,-0.516,
India,2022-04-06,1239.7,-0.516,
India,2022-04-07,1239.7,-0.516,
India,2022-04-08,1239.7,-0.516,
India,2022-04-09,1239.7,-0.516,
India,2022-04-10,1020.0,-0.519,
India,2022-04-11,1020.0,-0.519,
India,2022-04-12,1020.0,-0.519,
India,2022-04-13,1020.0,-0.519,
India,2022-04-14,1020.0,-0.519,
India,2022-04-15,1020.0,-0.519,
India,2022-04-16,1020.0,-0.519,
India,2022-04-17,975.1,-0.52,
India,2022-04-18,975.1,-0.52,
India,2022-04-19,975.1,-0.52,
India,2022-04-20,975.1,-0.52,
India,2022-04-21,975.1,-0.52,
India,2022-04-22,975.1,-0.52,
India,2022-04-23,975.1,-0.52,
India,2022-04-24,2206.9,-0.502,
India,2022-04-25,2206.9,-0.502,
India,2022-04-26,2206.9,-0.502,
India,2022-04-27,2206.9,-0.502,
India,2022-04-28,2206.9,-0.502,
India,2022-04-29,2206.9,-0.502,
India,2022-04-30,2206.9,-0.502,
India,2022-05-01,3091.9,-0.489,
India,2022-05-02,3091.9,-0.489,
India,2022-05-03,3091.9,-0.489,
India,2022-05-04,3091.9,-0.489,
India,2022-05-05,3091.9,-0.489,
India,2022-05-06,3091.9,-0.489,
India,2022-05-07,3091.9,-0.489,
India,2022-05-08,3286.6,-0.486,
India,2022-05-09,3286.6,-0.486,
India,2022-05-10,3286.6,-0.486,
India,2022-05-11,3286.6,-0.486,
India,2022-05-12,3286.6,-0.486,
India,2022-05-13,3286.6,-0.486,
India,2022-05-14,3286.6,-0.486,
India,2022-05-15,2772.1,-0.494,
India,2022-05-16,2772.1,-0.494,
India,2022-05-17,2772.1,-0.494,
India,2022-05-18,2772.1,-0.494,
India,2022-05-19,2772.1,-0.494,
India,2022-05-20,2772.1,-0.494,
India,2022-05-21,2772.1,-0.494,
India,2022-05-22,2110.3,-0.503,
India,2022-05-23,2110.3,-0.503,
India,2022-05-24,2110.3,-0.503,
India,2022-05-25,2110.3,-0.503,
India,2022-05-26,2110.3,-0.503,
India,2022-05-27,2110.3,-0.503,
India,2022-05-28,2110.3,-0.503,
India,2022-05-29,2381.7,-0.499,
India,2022-05-30,2381.7,-0.499,
India,2022-05-31,2381.7,-0.499,
India,2022-06-01,2381.7,-0.499,
India,2022-06-02,2381.7,-0.499,
India,2022-06-03,2381.7,-0.499,
India,2022-06-04,2381.7,-0.499,
India,2022-06-05,3396.3,-0.485,
India,2022-06-06,3396.3,-0.485,
India,2022-06-07,3396.3,-0.485,
India,2022-06-08,3396.3,-0.485,
India,2022-06-09,3396.3,-0.485,
India,2022-06-10,3396.3,-0.485,
India,2022-06-11,3396.3,-0.485,
India,2022-06-12,6457.1,-0.441,
India,2022-06-13,6457.1,-0.441,
India,2022-06-14,6457.1,-0.441,
India,2022-06-15,6457.1,-0.441,
India,2022-06-16,6457.1,-0.441,
India,2022-06-17,6457.1,-0.441,
India,2022-06-18,6457.1,-0.441,
India,2022-06-19,10667.9,-0.38,
India,2022-06-20,10667.9,-0.38,
India,2022-06-21,10667.9,-0.38,
India,2022-06-22,10667.9,-0.38,
India,2022-06-23,10667.9,-0.38,
India,2022-06-24,10667.9,-0.38,
India,2022-06-25,10667.9,-0.38,
India,2022-06-26,13325.9,-0.342,
India,2022-06-27,13325.9,-0.342,
India,2022-06-28,13325.9,-0.342,
India,2022-06-29,13325.9,-0.342,
India,2022-06-30,13325.9,-0.342,
India,2022-07-01,13325.9,-0.342,
India,2022-07-02,13325.9,-0.342,
India,2022-07-03,16065.1,-0.302,
India,2022-07-04,16065.1,-0.302,
India,2022-07-05,16065.1,-0.302,
India,2022-07-06,16065.1,-0.302,
India,2022-07-07,16065.1,-0.302,
India,2022-07-08,16065.1,-0.302,
India,2022-07-09,16065.1,-0.302,
India,2022-07-10,17174.6,-0.287,
India,2022-07-11,17174.6,-0.287,
India,2022-07-12,17174.6,-0.287,
India,2022-07-13,17174.6,-0.287,
India,2022-07-14,17174.6,-0.287,
India,2022-07-15,17174.6,-0.287,
India,2022-07-16,17174.6,-0.287,
India,2022-07-17,18278.3,-0.271,
India,2022-07-18,18278.3,-0.271,
India,2022-07-19,18278.3,-0.271,
India,2022-07-20,18278.3,-0.271,
India,2022-07-21,18278.3,-0.271,
India,2022-07-22,18278.3,-0.271,
India,2022-07-23,18278.3,-0.271,
India,2022-07-24,19736.6,-0.25,
India,2022-07-25,19736.6,-0.25,
India,2022-07-26,19736.6,-0.25,
India,2022-07-27,19736.6,-0.25,
India,2022-07-28,19736.6,-0.25,
India,2022-07-29,19736.6,-0.25,
India,2022-07-30,19736.6,-0.25,
India,2022-07-31,18722.3,-0.264,
India,2022-08-01,18722.3,-0.264,
India,2022-08-02,18722.3,-0.264,
India,2022-08-03,18722.3,-0.264,
India,2022-08-04,18722.3,-0.264,
India,2022-08-05,18722.3,-0.264,
India,2022-08-06,18722.3,-0.264,
India,2022-08-07,17988.7,-0.275,
India,2022-08-08,17988.7,-0.275,
India,2022-08-09,17988.7,-0.275,
India,2022-08-10,17988.7,-0.275,
India,2022-08-11,17988.7,-0.275,
India,2022-08-12,17988.7,-0.275,
India,2022-08-13,17988.7,-0.275,
India,2022-08-14,15390.3,-0.312,
India,2022-08-15,15390.3,-0.312,
India,2022-08-16,15390.3,-0.312,
India,2022-08-17,15390.3,-0.312,
India,2022-08-18,15390.3,-0.312,
India,2022-08-19,15390.3,-0.312,
India,2022-08-20,15390.3,-0.312,
India,2022-08-21,12280.7,-0.357,
India,2022-08-22,12280.7,-0.357,
India,2022-08-23,12280.7,-0.357,
India,2022-08-24,12280.7,-0.357,
India,2022-08-25,12280.7,-0.357,
India,2022-08-26,12280.7,-0.357,
India,2022-08-27,12280.7,-0.357,
India,2022-08-28,9814.7,-0.392,
India,2022-08-29,9814.7,-0.392,
India,2022-08-30,9814.7,-0.392,
India,2022-08-31,9814.7,-0.392,
India,2022-09-01,9814.7,-0.392,
India,2022-09-02,9814.7,-0.392,
India,2022-09-03,9814.7,-0.392,
India,2022-09-04,6914.7,-0.434,
India,2022-09-05,6914.7,-0.434,
India,2022-09-06,6914.7,-0.434,
India,2022-09-07,6914.7,-0.434,
India,2022-09-08,6914.7,-0.434,
India,2022-09-09,6914.7,-0.434,
India,2022-09-10,6914.7,-0.434,
India,2022-09-11,5546.3,-0.454,
India,2022-09-12,5546.3,-0.454,
India,2022-09-13,5546.3,-0.454,
India,2022-09-14,5546.3,-0.454,
India,2022-09-15,5546.3,-0.454,
India,2022-09-16,5546.3,-0.454,
India,2022-09-17,5546.3,-0.454,
India,2022-09-18,5547.0,-0.454,
India,2022-09-19,5547.0,-0.454,
India,2022-09-20,5547.0,-0.454,
India,2022-09-21,5547.0,-0.454,
India,2022-09-22,5547.0,-0.454,
India,2022-09-23,5547.0,-0.454,
India,2022-09-24,5547.0,-0.454,
India,2022-09-25,4846.6,-0.464,
India,2022-09-26,4846.6,-0.464,
India,2022-09-27,4846.6,-0.464,
India,2022-09-28,4846.6,-0.464,
India,2022-09-29,4846.6,-0.464,
India,2022-09-30,4846.6,-0.464,
India,2022-10-01,4846.6,-0.464,
India,2022-10-02,3767.6,-0.48,
India,2022-10-03,3767.6,-0.48,
India,2022-10-04,3767.6,-0.48,
India,2022-10-05,3767.6,-0.48,
India,2022-10-06,3767.6,-0.48,
India,2022-10-07,3767.6,-0.48,
India,2022-10-08,3767.6,-0.48,
India,2022-10-09,2503.7,-0.498,
India,2022-10-10,2503.7,-0.498,
India,2022-10-11,2503.7,-0.498,
India,2022-10-12,2503.7,-0.498,
India,2022-10-13,2503.7,-0.498,
India,2022-10-14,2503.7,-0.498,
India,2022-10-15,2503.7,-0.498,
India,2022-10-16,2402.1,-0.499,
India,2022-10-17,2402.1,-0.499,
India,2022-10-18,2402.1,-0.499,
India,2022-10-19,2402.1,-0.499,
India,2022-10-20,2402.1,-0.499,
India,2022-10-21,2402.1,-0.499,
India,2022-10-22,2402.1,-0.499,
India,2022-10-23,1987.7,-0.505,
India,2022-10-24,1987.7,-0.505,
India,2022-10-25,1987.7,-0.505,
India,2022-10-26,1987.7,-0.505,
India,2022-10-27,1987.7,-0.505,
India,2022-10-28,1987.7,-0.505,
India,2022-10-29,1987.7,-0.505,
India,2022-10-30,1360.6,-0.514,
India,2022-10-31,1360.6,-0.514,
India,2022-11-01,1360.6,-0.514,
India,2022-11-02,1360.6,-0.514,
India,2022-11-03,1360.6,-0.514,
India,2022-11-04,1360.6,-0.514,
India,2022-11-05,1360.6,-0.514,
India,2022-11-06,1187.6,-0.517,
India,2022-11-07,1187.6,-0.517,
India,2022-11-08,1187.6,-0.517,
India,2022-11-09,1187.6,-0.517,
India,2022-11-10,1187.6,-0.517,
India,2022-11-11,1187.6,-0.517,
India,2022-11-12,1187.6,-0.517,
India,2022-11-13,828.3,-0.522,
India,2022-11-14,828.3,-0.522,
India,2022-11-15,828.3,-0.522,
India,2022-11-16,828.3,-0.522,
India,2022-11-17,828.3,-0.522,
India,2022-11-18,828.3,-0.522,
India,2022-11-19,828.3,-0.522,
India,2022-11-20,376.9,-0.528,
India,2022-11-21,376.9,-0.528,
India,2022-11-22,376.9,-0.528,
India,2022-11-23,376.9,-0.528,
India,2022-11-24,376.9,-0.528,
India,2022-11-25,376.9,-0.528,
India,2022-11-26,376.9,-0.528,
India,2022-11-27,363.9,-0.529,
India,2022-11-28,363.9,-0.529,
India,2022-11-29,363.9,-0.529,
India,2022-11-30,363.9,-0.529,
India,2022-12-01,363.9,-0.529,
India,2022-12-02,363.9,-0.529,
India,2022-12-03,363.9,-0.529,
India,2022-12-04,261.4,-0.53,
India,2022-12-05,261.4,-0.53,
India,2022-12-06,261.4,-0.53,
India,2022-12-07,261.4,-0.53,
India,2022-12-08,261.4,-0.53,
India,2022-12-09,261.4,-0.53,
India,2022-12-10,261.4,-0.53,
India,2022-12-11,204.3,-0.531,
India,2022-12-12,204.3,-0.531,
India,2022-12-13,204.3,-0.531,
India,2022-12-14,204.3,-0.531,
India,2022-12-15,204.3,-0.531,
India,2022-12-16,204.3,-0.531,
India,2022-12-17,204.3,-0.531,
India,2022-12-18,161.4,-0.531,
India,2022-12-19,161.4,-0.531,
India,2022-12-20,161.4,-0.531,
India,2022-12-21,161.4,-0.531,
India,2022-12-22,161.4,-0.531,
India,2022-12-23,161.4,-0.531,
India,2022-12-24,161.4,-0.531,
India,2022-12-25,164.9,-0.531,
India,2022-12-26,164.9,-0.531,
India,2022-12-27,164.9,-0.531,
India,2022-12-28,164.9,-0.531,
India,2022-12-29,164.9,-0.531,
India,2022-12-30,164.9,-0.531,
India,2022-12-31,164.9,-0.531,
India,2023-01-01,220.4,-0.531,
India,2023-01-02,220.4,-0.531,
India,2023-01-03,220.4,-0.531,
India,2023-01-04,220.4,-0.531,
India,2023-01-05,220.4,-0.531,
India,2023-01-06,220.4,-0.531,
India,2023-01-07,220.4,-0.531,
India,2023-01-08,182.1,-0.531,
India,2023-01-09,182.1,-0.531,
India,2023-01-10,182.1,-0.531,
India,2023-01-11,182.1,-0.531,
India,2023-01-12,182.1,-0.531,
India,2023-01-13,182.1,-0.531,
India,2023-01-14,182.1,-0.531,
India,2023-01-15,159.4,-0.531,
India,2023-01-16,159.4,-0.531,
India,2023-01-17,159.4,-0.531,
India,2023-01-18,159.4,-0.531,
India,2023-01-19,159.4,-0.531,
India,2023-01-20,159.4,-0.531,
India,2023-01-21,159.4,-0.531,
India,2023-01-22,125.9,-0.532,
India,2023-01-23,125.9,-0.532,
India,2023-01-24,125.9,-0.532,
India,2023-01-25,125.9,-0.532,
India,2023-01-26,125.9,-0.532,
India,2023-01-27,125.9,-0.532,
India,2023-01-28,125.9,-0.532,
India,2023-01-29,102.6,-0.532,
India,2023-01-30,102.6,-0.532,
India,2023-01-31,102.6,-0.532,
India,2023-02-01,102.6,-0.532,
India,2023-02-02,102.6,-0.532,
India,2023-02-03,102.6,-0.532,
India,2023-02-04,102.6,-0.532,
India,2023-02-05,103.4,-0.532,
India,2023-02-06,103.4,-0.532,
India,2023-02-07,103.4,-0.532,
India,2023-02-08,103.4,-0.532,
India,2023-02-09,103.4,-0.532,
India,2023-02-10,103.4,-0.532,
India,2023-02-11,103.4,-0.532,
India,2023-02-12,107.9,-0.532,
India,2023-02-13,107.9,-0.532,
India,2023-02-14,107.9,-0.532,
India,2023-02-15,107.9,-0.532,
India,2023-02-16,107.9,-0.532,
India,2023-02-17,107.9,-0.532,
India,2023-02-18,107.9,-0.532,
India,2023-02-19,114.1,-0.532,
India,2023-02-20,114.1,-0.532,
India,2023-02-21,114.1,-0.532,
India,2023-02-22,114.1,-0.532,
India,2023-02-23,114.1,-0.532,
India,2023-02-24,114.1,-0.532,
India,2023-02-25,114.1,-0.532,
India,2023-02-26,157.1,-0.531,
India,2023-02-27,157.1,-0.531,
India,2023-02-28,157.1,-0.531,
India,2023-03-01,157.1,-0.531,
India,2023-03-02,157.1,-0.531,
India,2023-03-03,157.1,-0.531,
India,2023-03-04,157.1,-0.531,
India,2023-03-05,257.6,-0.53,
India,2023-03-06,257.6,-0.53,
India,2023-03-07,257.6,-0.53,
India,2023-03-08,257.6,-0.53,
India,2023-03-09,257.6,-0.53,
India,2023-03-10,257.6,-0.53,
India,2023-03-11,257.6,-0.53,
India,2023-03-12,381.7,-0.528,
India,2023-03-13,381.7,-0.528,
India,2023-03-14,381.7,-0.528,
India,2023-03-15,381.7,-0.528,
India,2023-03-16,381.7,-0.528,
India,2023-03-17,381.7,-0.528,
India,2023-03-18,381.7,-0.528,
India,2023-03-19,704.0,-0.524,
India,2023-03-20,704.0,-0.524,
India,2023-03-21,704.0,-0.524,
India,2023-03-22,704.0,-0.524,
India,2023-03-23,704.0,-0.524,
India,2023-03-24,704.0,-0.524,
India,2023-03-25,704.0,-0.524,
India,2023-03-26,1246.7,-0.516,
India,2023-03-27,1246.7,-0.516,
India,2023-03-28,1246.7,-0.516,
India,2023-03-29,1246.7,-0.516,
India,2023-03-30,1246.7,-0.516,
India,2023-03-31,1246.7,-0.516,
India,2023-04-01,1246.7,-0.516,
India,2023-04-02,2636.9,-0.496,
India,2023-04-03,2636.9,-0.496,
India,2023-04-04,2636.9,-0.496,
India,2023-04-05,2636.9,-0.496,
India,2023-04-06,2636.9,-0.496,
India,2023-04-07,2636.9,-0.496,
India,2023-04-08,2636.9,-0.496,
India,2023-04-09,4858.7,-0.464,
India,2023-04-10,4858.7,-0.464,
India,2023-04-11,4858.7,-0.464,
India,2023-04-12,4858.7,-0.464,
India,2023-04-13,4858.7,-0.464,
India,2023-04-14,4858.7,-0.464,
India,2023-04-15,4858.7,-0.464,
India,2023-04-16,8785.6,-0.407,
India,2023-04-17,8785.6,-0.407,
India,2023-04-18,8785.6,-0.407,
India,2023-04-19,8785.6,-0.407,
India,2023-04-20,8785.6,-0.407,
India,2023-04-21,8785.6,-0.407,
India,2023-04-22,8785.6,-0.407,
India,2023-04-23,10553.4,-0.382,
India,2023-04-24,10553.4,-0.382,
India,2023-04-25,10553.4,-0.382,
India,2023-04-26,10553.4,-0.382,
India,2023-04-27,10553.4,-0.382,
India,2023-04-28,10553.4,-0.382,
India,2023-04-29,10553.4,-0.382,
India,2023-04-30,7628.6,-0.424,
India,2023-05-01,7628.6,-0.424,
India,2023-05-02,7628.6,-0.424,
India,2023-05-03,7628.6,-0.424,
India,2023-05-04,7628.6,-0.424,
India,2023-05-05,7628.6,-0.424,
Israel,2020-01-10,0.0,-0.416,
Israel,2020-01-11,0.0,-0.416,
Israel,2020-01-12,0.0,-0.416,
Israel,2020-01-13,0.0,-0.416,
Israel,2020-01-14,0.0,-0.416,
Israel,2020-01-15,0.0,-0.416,
Israel,2020-01-16,0.0,-0.416,
Israel,2020-01-17,0.0,-0.416,
Israel,2020-01-18,0.0,-0.416,
Israel,2020-01-19,0.0,-0.416,
Israel,2020-01-20,0.0,-0.416,
Israel,2020-01-21,0.0,-0.416,
Israel,2020-01-22,0.0,-0.416,
Israel,2020-01-23,0.0,-0.416,
Israel,2020-01-24,0.0,-0.416,
Israel,2020-01-25,0.0,-0.416,
Israel,2020-01-26,0.0,-0.416,
Israel,2020-01-27,0.0,-0.416,
Israel,2020-01-28,0.0,-0.416,
Israel,2020-01-29,0.0,-0.416,
Israel,2020-01-30,0.0,-0.416,
Israel,2020-01-31,0.0,-0.416,
Israel,2020-02-01,0.0,-0.416,
Israel,2020-02-02,0.0,-0.416,
Israel,2020-02-03,0.0,-0.416,
Israel,2020-02-04,0.0,-0.416,
Israel,2020-02-05,0.0,-0.416,
Israel,2020-02-06,0.0,-0.416,
Israel,2020-02-07,0.0,-0.416,
Israel,2020-02-08,0.0,-0.416,
Israel,2020-02-09,0.0,-0.416,
Israel,2020-02-10,0.0,-0.416,
Israel,2020-02-11,0.0,-0.416,
Israel,2020-02-12,0.0,-0.416,
Israel,2020-02-13,0.0,-0.416,
Israel,2020-02-14,0.0,-0.416,
Israel,2020-02-15,0.0,-0.416,
Israel,2020-02-16,1.3,-0.415,
Israel,2020-02-17,1.3,-0.415,
Israel,2020-02-18,1.3,-0.415,
Israel,2020-02-19,1.3,-0.415,
Israel,2020-02-20,1.3,-0.415,
Israel,2020-02-21,1.3,-0.415,
Israel,2020-02-22,1.3,-0.415,
Israel,2020-02-23,0.1,-0.416,
Israel,2020-02-24,0.1,-0.416,
Israel,2020-02-25,0.1,-0.416,
Israel,2020-02-26,0.1,-0.416,
Israel,2020-02-27,0.1,-0.416,
Israel,2020-02-28,0.1,-0.416,
Israel,2020-02-29,0.1,-0.416,
Israel,2020-03-01,0.7,-0.415,
Israel,2020-03-02,0.7,-0.415,
Israel,2020-03-03,0.7,-0.415,
Israel,2020-03-04,0.7,-0.415,
Israel,2020-03-05,0.7,-0.415,
Israel,2020-03-06,0.7,-0.415,
Israel,2020-03-07,0.7,-0.415,
Israel,2020-03-08,3.7,-0.415,
Israel,2020-03-09,3.7,-0.415,
Israel,2020-03-10,3.7,-0.415,
Israel,2020-03-11,3.7,-0.415,
Israel,2020-03-12,3.7,-0.415,
Israel,2020-03-13,3.7,-0.415,
Israel,2020-03-14,3.7,-0.415,
Israel,2020-03-15,21.6,-0.413,
Israel,2020-03-16,21.6,-0.413,
Israel,2020-03-17,21.6,-0.413,
Israel,2020-03-18,21.6,-0.413,
Israel,2020-03-19,21.6,-0.413,
Israel,2020-03-20,21.6,-0.413,
Israel,2020-03-21,21.6,-0.413,
Israel,2020-03-22,120.6,-0.403,
Israel,2020-03-23,120.6,-0.403,
Israel,2020-03-24,120.6,-0.403,
Israel,2020-03-25,120.6,-0.403,
Israel,2020-03-26,120.6,-0.403,
Israel,2020-03-27,120.6,-0.403,
Israel,2020-03-28,120.6,-0.403,
Israel,2020-03-29,409.7,-0.373,
Israel,2020-03-30,409.7,-0.373,
Israel,2020-03-31,409.7,-0.373,
Israel,2020-04-01,409.7,-0.373,
Israel,2020-04-02,409.7,-0.373,
Israel,2020-04-03,409.7,-0.373,
Israel,2020-04-04,409.7,-0.373,
Israel,2020-04-05,608.4,-0.352,
Israel,2020-04-06,608.4,-0.352,
Israel,2020-04-07,608.4,-0.352,
Israel,2020-04-08,608.4,-0.352,
Israel,2020-04-09,608.4,-0.352,
Israel,2020-04-10,608.4,-0.352,
Israel,2020-04-11,608.4,-0.352,
Israel,2020-04-12,398.0,-0.374,
Israel,2020-04-13,398.0,-0.374,
Israel,2020-04-14,398.0,-0.374,
Israel,2020-04-15,398.0,-0.374,
Israel,2020-04-16,398.0,-0.374,
Israel,2020-04-17,398.0,-0.374,
Israel,2020-04-18,398.0,-0.374,
Israel,2020-04-19,366.7,-0.377,
Israel,2020-04-20,366.7,-0.377,
Israel,2020-04-21,366.7,-0.377,
Israel,2020-04-22,366.7,-0.377,
Israel,2020-04-23,366.7,-0.377,
Israel,2020-04-24,366.7,-0.377,
Israel,2020-04-25,366.7,-0.377,
Israel,2020-04-26,251.3,-0.389,
Israel,2020-04-27,251.3,-0.389,
Israel,2020-04-28,251.3,-0.389,
Israel,2020-04-29,251.3,-0.389,
Israel,2020-04-30,251.3,-0.389,
Israel,2020-05-01,251.3,-0.389,
Israel,2020-05-02,251.3,-0.389,
Israel,2020-05-03,109.7,-0.404,
Israel,2020-05-04,109.7,-0.404,
Israel,2020-05-05,109.7,-0.404,
Israel,2020-05-06,109.7,-0.404,
Israel,2020-05-07,109.7,-0.404,
Israel,2020-05-08,109.7,-0.404,
Israel,2020-05-09,109.7,-0.404,
Israel,2020-05-10,41.9,-0.411,
Israel,2020-05-11,41.9,-0.411,
Israel,2020-05-12,41.9,-0.411,
Israel,2020-05-13,41.9,-0.411,
Israel,2020-05-14,41.9,-0.411,
Israel,2020-05-15,41.9,-0.411,
Israel,2020-05-16,41.9,-0.411,
Israel,2020-05-17,24.1,-0.413,
Israel,2020-05-18,24.1,-0.413,
Israel,2020-05-19,24.1,-0.413,
Israel,2020-05-20,24.1,-0.413,
Israel,2020-05-21,24.1,-0.413,
Israel,2020-05-22,24.1,-0.413,
Israel,2020-05-23,24.1,-0.413,
Israel,2020-05-24,17.3,-0.414,
Israel,2020-05-25,17.3,-0.414,
Israel,2020-05-26,17.3,-0.414,
Israel,2020-05-27,17.3,-0.414,
Israel,2020-05-28,17.3,-0.414,
Israel,2020-05-29,17.3,-0.414,
Israel,2020-05-30,17.3,-0.414,
Israel,2020-05-31,49.1,-0.41,
Israel,2020-06-01,49.1,-0.41,
Israel,2020-06-02,49.1,-0.41,
Israel,2020-06-03,49.1,-0.41,
Israel,2020-06-04,49.1,-0.41,
Israel,2020-06-05,49.1,-0.41,
Israel,2020-06-06,49.1,-0.41,
Israel,2020-06-07,107.4,-0.404,
Israel,2020-06-08,107.4,-0.404,
Israel,2020-06-09,107.4,-0.404,
Israel,2020-06-10,107.4,-0.404,
Israel,2020-06-11,107.4,-0.404,
Israel,2020-06-12,107.4,-0.404,
Israel,2020-06-13,107.4,-0.404,
Israel,2020-06-14,180.0,-0.397,
Israel,2020-06-15,180.0,-0.397,
Israel,2020-06-16,180.0,-0.397,
Israel,2020-06-17,180.0,-0.397,
Israel,2020-06-18,180.0,-0.397,
Israel,2020-06-19,180.0,-0.397,
Israel,2020-06-20,180.0,-0.397,
Israel,2020-06-21,239.4,-0.391,
Israel,2020-06-22,239.4,-0.391,
Israel,2020-06-23,239.4,-0.391,
Israel,2020-06-24,239.4,-0.391,
Israel,2020-06-25,239.4,-0.391,
Israel,2020-06-26,239.4,-0.391,
Israel,2020-06-27,239.4,-0.391,
Israel,2020-06-28,404.4,-0.373,
Israel,2020-06-29,404.4,-0.373,
Israel,2020-06-30,404.4,-0.373,
Israel,2020-07-01,404.4,-0.373,
Israel,2020-07-02,404.4,-0.373,
Israel,2020-07-03,404.4,-0.373,
Israel,2020-07-04,404.4,-0.373,
Israel,2020-07-05,830.0,-0.329,
Israel,2020-07-06,830.0,-0.329,
Israel,2020-07-07,830.0,-0.329,
Israel,2020-07-08,830.0,-0.329,
Israel,2020-07-09,830.0,-0.329,
Israel,2020-07-10,830.0,-0.329,
Israel,2020-07-11,830.0,-0.329,
Israel,2020-07-12,1250.9,-0.285,
Israel,2020-07-13,1250.9,-0.285,
Israel,2020-07-14,1250.9,-0.285,
Israel,2020-07-15,1250.9,-0.285,
Israel,2020-07-16,1250.9,-0.285,
Israel,2020-07-17,1250.9,-0.285,
Israel,2020-07-18,1250.9,-0.285,
Israel,2020-07-19,1629.7,-0.245,
Israel,2020-07-20,1629.7,-0.245,
Israel,2020-07-21,1629.7,-0.245,
Israel,2020-07-22,1629.7,-0.245,
Israel,2020-07-23,1629.7,-0.245,
Israel,2020-07-24,1629.7,-0.245,
Israel,2020-07-25,1629.7,-0.245,
Israel,2020-07-26,1695.3,-0.238,
Israel,2020-07-27,1695.3,-0.238,
Israel,2020-07-28,1695.3,-0.238,
Israel,2020-07-29,1695.3,-0.238,
Israel,2020-07-30,1695.3,-0.238,
Israel,2020-07-31,1695.3,-0.238,
Israel,2020-08-01,1695.3,-0.238,
Israel,2020-08-02,1561.7,-0.252,
Israel,2020-08-03,1561.7,-0.252,
Israel,2020-08-04,1561.7,-0.252,
Israel,2020-08-05,1561.7,-0.252,
Israel,2020-08-06,1561.7,-0.252,
Israel,2020-08-07,1561.7,-0.252,
Israel,2020-08-08,1561.7,-0.252,
Israel,2020-08-09,1443.7,-0.265,
Israel,2020-08-10,1443.7,-0.265,
Israel,2020-08-11,1443.7,-0.265,
Israel,2020-08-12,1443.7,-0.265,
Israel,2020-08-13,1443.7,-0.265,
Israel,2020-08-14,1443.7,-0.265,
Israel,2020-08-15,1443.7,-0.265,
Israel,2020-08-16,1405.6,-0.269,
Israel,2020-08-17,1405.6,-0.269,
Israel,2020-08-18,1405.6,-0.269,
Israel,2020-08-19,1405.6,-0.269,
Israel,2020-08-20,1405.6,-0.269,
Israel,2020-08-21,1405.6,-0.269,
Israel,2020-08-22,1405.6,-0.269,
Israel,2020-08-23,1383.9,-0.271,
Israel,2020-08-24,1383.9,-0.271,
Israel,2020-08-25,1383.9,-0.271,
Israel,2020-08-26,1383.9,-0.271,
Israel,2020-08-27,1383.9,-0.271,
Israel,2020-08-28,1383.9,-0.271,
Israel,2020-08-29,1383.9,-0.271,
Israel,2020-08-30,1664.6,-0.242,
Israel,2020-08-31,1664.6,-0.242,
Israel,2020-09-01,1664.6,-0.242,
Israel,2020-09-02,1664.6,-0.242,
Israel,2020-09-03,1664.6,-0.242,
Israel,2020-09-04,1664.6,-0.242,
Israel,2020-09-05,1664.6,-0.242,
Israel,2020-09-06,2215.4,-0.184,
Israel,2020-09-07,2215.4,-0.184,
Israel,2020-09-08,2215.4,-0.184,
Israel,2020-09-09,2215.4,-0.184,
Israel,2020-09-10,2215.4,-0.184,
Israel,2020-09-11,2215.4,-0.184,
Israel,2020-09-12,2215.4,-0.184,
Israel,2020-09-13,3411.6,-0.059,
Israel,2020-09-14,3411.6,-0.059,
Israel,2020-09-15,3411.6,-0.059,
Israel,2020-09-16,3411.6,-0.059,
Israel,2020-09-17,3411.6,-0.059,
Israel,2020-09-18,3411.6,-0.059,
Israel,2020-09-19,3411.6,-0.059,
Israel,2020-09-20,4655.7,0.071,
Israel,2020-09-21,4655.7,0.071,
Israel,2020-09-22,4655.7,0.071,
Israel,2020-09-23,4655.7,0.071,
Israel,2020-09-24,4655.7,0.071,
Israel,2020-09-25,4655.7,0.071,
Israel,2020-09-26,4655.7,0.071,
Israel,2020-09-27,6161.1,0.228,
Israel,2020-09-28,6161.1,0.228,
Israel,2020-09-29,6161.1,0.228,
Israel,2020-09-30,6161.1,0.228,
Israel,2020-10-01,6161.1,0.228,
Israel,2020-10-02,6161.1,0.228,
Israel,2020-10-03,6161.1,0.228,
Israel,2020-10-04,5141.1,0.121,
Israel,2020-10-05,5141.1,0.121,
Israel,2020-10-06,5141.1,0.121,
Israel,2020-10-07,5141.1,0.121,
Israel,2020-10-08,5141.1,0.121,
Israel,2020-10-09,5141.1,0.121,
Israel,2020-10-10,5141.1,0.121,
Israel,2020-10-11,3588.7,-0.041,
Israel,2020-10-12,3588.7,-0.041,
Israel,2020-10-13,3588.7,-0.041,
Israel,2020-10-14,3588.7,-0.041,
Israel,2020-10-15,3588.7,-0.041,
Israel,2020-10-16,3588.7,-0.041,
Israel,2020-10-17,3588.7,-0.041,
Israel,2020-10-18,1822.4,-0.225,
Israel,2020-10-19,1822.4,-0.225,
Israel,2020-10-20,1822.4,-0.225,
Israel,2020-10-21,1822.4,-0.225,
Israel,2020-10-22,1822.4,-0.225,
Israel,2020-10-23,1822.4,-0.225,
Israel,2020-10-24,1822.4,-0.225,
Israel,2020-10-25,989.4,-0.312,
Israel,2020-10-26,989.4,-0.312,
Israel,2020-10-27,989.4,-0.312,
Israel,2020-10-28,989.4,-0.312,
Israel,2020-10-29,989.4,-0.312,
Israel,2020-10-30,989.4,-0.312,
Israel,2020-10-31,989.4,-0.312,
Israel,2020-11-01,664.6,-0.346,
Israel,2020-11-02,664.6,-0.346,
Israel,2020-11-03,664.6,-0.346,
Israel,2020-11-04,664.6,-0.346,
Israel,2020-11-05,664.6,-0.346,
Israel,2020-11-06,664.6,-0.346,
Israel,2020-11-07,664.6,-0.346,
Israel,2020-11-08,647.1,-0.348,
Israel,2020-11-09,647.1,-0.348,
Israel,2020-11-10,647.1,-0.348,
Israel,2020-11-11,647.1,-0.348,
Israel,2020-11-12,647.1,-0.348,
Israel,2020-11-13,647.1,-0.348,
Israel,2020-11-14,647.1,-0.348,
Israel,2020-11-15,655.0,-0.347,
Israel,2020-11-16,655.0,-0.347,
Israel,2020-11-17,655.0,-0.347,
Israel,2020-11-18,655.0,-0.347,
Israel,2020-11-19,655.0,-0.347,
Israel,2020-11-20,655.0,-0.347,
Israel,2020-11-21,655.0,-0.347,
Israel,2020-11-22,727.3,-0.34,
Israel,2020-11-23,727.3,-0.34,
Israel,2020-11-24,727.3,-0.34,
Israel,2020-11-25,727.3,-0.34,
Israel,2020-11-26,727.3,-0.34,
Israel,2020-11-27,727.3,-0.34,
Israel,2020-11-28,727.3,-0.34,
Israel,2020-11-29,908.9,-0.321,
Israel,2020-11-30,908.9,-0.321,
Israel,2020-12-01,908.9,-0.321,
Israel,2020-12-02,908.9,-0.321,
Israel,2020-12-03,908.9,-0.321,
Israel,2020-12-04,908.9,-0.321,
Israel,2020-12-05,908.9,-0.321,
Israel,2020-12-06,1290.4,-0.281,
Israel,2020-12-07,1290.4,-0.281,
Israel,2020-12-08,1290.4,-0.281,
Israel,2020-12-09,1290.4,-0.281,
Israel,2020-12-10,1290.4,-0.281,
Israel,2020-12-11,1290.4,-0.281,
Israel,2020-12-12,1290.4,-0.281,
Israel,2020-12-13,1714.0,-0.236,
Israel,2020-12-14,1714.0,-0.236,
Israel,2020-12-15,1714.0,-0.236,
Israel,2020-12-16,1714.0,-0.236,
Israel,2020-12-17,1714.0,-0.236,
Israel,2020-12-18,1714.0,-0.236,
Israel,2020-12-19,1714.0,-0.236,
Israel,2020-12-20,2475.1,-0.157,
Israel,2020-12-21,2475.1,-0.157,
Israel,2020-12-22,2475.1,-0.157,
Israel,2020-12-23,2475.1,-0.157,
Israel,2020-12-24,2475.1,-0.157,
Israel,2020-12-25,2475.1,-0.157,
Israel,2020-12-26,2475.1,-0.157,
Israel,2020-12-27,3726.1,-0.026,
Israel,2020-12-28,3726.1,-0.026,
Israel,2020-12-29,3726.1,-0.026,
Israel,2020-12-30,3726.1,-0.026,
Israel,2020-12-31,3726.1,-0.026,
Israel,2021-01-01,3726.1,-0.026,
Israel,2021-01-02,3726.1,-0.026,
Israel,2021-01-03,5234.7,0.131,
Israel,2021-01-04,5234.7,0.131,
Israel,2021-01-05,5234.7,0.131,
Israel,2021-01-06,5234.7,0.131,
Israel,2021-01-07,5234.7,0.131,
Israel,2021-01-08,5234.7,0.131,
Israel,2021-01-09,5234.7,0.131,
Israel,2021-01-10,7249.9,0.342,
Israel,2021-01-11,7249.9,0.342,
Israel,2021-01-12,7249.9,0.342,
Israel,2021-01-13,7249.9,0.342,
Israel,2021-01-14,7249.9,0.342,
Israel,2021-01-15,7249.9,0.342,
Israel,2021-01-16,7249.9,0.342,
Israel,2021-01-17,8322.3,0.454,
Israel,2021-01-18,8322.3,0.454,
Israel,2021-01-19,8322.3,0.454,
Israel,2021-01-20,8322.3,0.454,
Israel,2021-01-21,8322.3,0.454,
Israel,2021-01-22,8322.3,0.454,
Israel,2021-01-23,8322.3,0.454,
Israel,2021-01-24,7124.7,0.329,
Israel,2021-01-25,7124.7,0.329,
Israel,2021-01-26,7124.7,0.329,
Israel,2021-01-27,7124.7,0.329,
Israel,2021-01-28,7124.7,0.329,
Israel,2021-01-29,7124.7,0.329,
Israel,2021-01-30,7124.7,0.329,
Israel,2021-01-31,6545.1,0.268,
Israel,2021-02-01,6545.1,0.268,
Israel,2021-02-02,6545.1,0.268,
Israel,2021-02-03,6545.1,0.268,
Israel,2021-02-04,6545.1,0.268,
Israel,2021-02-05,6545.1,0.268,
Israel,2021-02-06,6545.1,0.268,
Israel,2021-02-07,6595.9,0.273,
Israel,2021-02-08,6595.9,0.273,
Israel,2021-02-09,6595.9,0.273,
Israel,2021-02-10,6595.9,0.273,
Israel,2021-02-11,6595.9,0.273,
Israel,2021-02-12,6595.9,0.273,
Israel,2021-02-13,6595.9,0.273,
Israel,2021-02-14,5136.4,0.121,
Israel,2021-02-15,5136.4,0.121,
Israel,2021-02-16,5136.4,0.121,
Israel,2021-02-17,5136.4,0.121,
Israel,2021-02-18,5136.4,0.121,
Israel,2021-02-19,5136.4,0.121,
Israel,2021-02-20,5136.4,0.121,
Israel,2021-02-21,3689.4,-0.03,
Israel,2021-02-22,3689.4,-0.03,
Israel,2021-02-23,3689.4,-0.03,
Israel,2021-02-24,3689.4,-0.03,
Israel,2021-02-25,3689.4,-0.03,
Israel,2021-02-26,3689.4,-0.03,
Israel,2021-02-27,3689.4,-0.03,
Israel,2021-02-28,3689.3,-0.03,
Israel,2021-03-01,3689.3,-0.03,
Israel,2021-03-02,3689.3,-0.03,
Israel,2021-03-03,3689.3,-0.03,
Israel,2021-03-04,3689.3,-0.03,
Israel,2021-03-05,3689.3,-0.03,
Israel,2021-03-06,3689.3,-0.03,
Israel,2021-03-07,3736.0,-0.025,
Israel,2021-03-08,3736.0,-0.025,
Israel,2021-03-09,3736.0,-0.025,
Israel,2021-03-10,3736.0,-0.025,
Israel,2021-03-11,3736.0,-0.025,
Israel,2021-03-12,3736.0,-0.025,
Israel,2021-03-13,3736.0,-0.025,
Israel,2021-03-14,2555.6,-0.149,
Israel,2021-03-15,2555.6,-0.149,
Israel,2021-03-16,2555.6,-0.149,
Israel,2021-03-17,2555.6,-0.149,
Israel,2021-03-18,2555.6,-0.149,
Israel,2021-03-19,2555.6,-0.149,
Israel,2021-03-20,2555.6,-0.149,
Israel,2021-03-21,1338.7,-0.276,
Israel,2021-03-22,1338.7,-0.276,
Israel,2021-03-23,1338.7,-0.276,
Israel,2021-03-24,1338.7,-0.276,
Israel,2021-03-25,1338.7,-0.276,
Israel,2021-03-26,1338.7,-0.276,
Israel,2021-03-27,1338.7,-0.276,
Israel,2021-03-28,649.0,-0.348,
Israel,2021-03-29,649.0,-0.348,
Israel,2021-03-30,649.0,-0.348,
Israel,2021-03-31,649.0,-0.348,
Israel,2021-04-01,649.0,-0.348,
Israel,2021-04-02,649.0,-0.348,
Israel,2021-04-03,649.0,-0.348,
Israel,2021-04-04,337.1,-0.38,
Israel,2021-04-05,337.1,-0.38,
Israel,2021-04-06,337.1,-0.38,
Israel,2021-04-07,337.1,-0.38,
Israel,2021-04-08,337.1,-0.38,
Israel,2021-04-09,337.1,-0.38,
Israel,2021-04-10,337.1,-0.38,
Israel,2021-04-11,240.6,-0.39,
Israel,2021-04-12,240.6,-0.39,
Israel,2021-04-13,240.6,-0.39,
Israel,2021-04-14,240.6,-0.39,
Israel,2021-04-15,240.6,-0.39,
Israel,2021-04-16,240.6,-0.39,
Israel,2021-04-17,240.6,-0.39,
Israel,2021-04-18,150.3,-0.4,
Israel,2021-04-19,150.3,-0.4,
Israel,2021-04-20,150.3,-0.4,
Israel,2021-04-21,150.3,-0.4,
Israel,2021-04-22,150.3,-0.4,
Israel,2021-04-23,150.3,-0.4,
Israel,2021-04-24,150.3,-0.4,
Israel,2021-04-25,140.6,-0.401,
Israel,2021-04-26,140.6,-0.401,
Israel,2021-04-27,140.6,-0.401,
Israel,2021-04-28,140.6,-0.401,
Israel,2021-04-29,140.6,-0.401,
Israel,2021-04-30,140.6,-0.401,
Israel,2021-05-01,140.6,-0.401,
Israel,2021-05-02,89.1,-0.406,
Israel,2021-05-03,89.1,-0.406,
Israel,2021-05-04,89.1,-0.406,
Israel,2021-05-05,89.1,-0.406,
Israel,2021-05-06,89.1,-0.406,
Israel,2021-05-07,89.1,-0.406,
Israel,2021-05-08,89.1,-0.406,
Israel,2021-05-09,57.7,-0.409,
Israel,2021-05-10,57.7,-0.409,
Israel,2021-05-11,57.7,-0.409,
Israel,2021-05-12,57.7,-0.409,
Israel,2021-05-13,57.7,-0.409,
Israel,2021-05-14,57.7,-0.409,
Israel,2021-05-15,57.7,-0.409,
Israel,2021-05-16,37.3,-0.412,
Israel,2021-05-17,37.3,-0.412,
Israel,2021-05-18,37.3,-0.412,
Israel,2021-05-19,37.3,-0.412,
Israel,2021-05-20,37.3,-0.412,
Israel,2021-05-21,37.3,-0.412,
Israel,2021-05-22,37.3,-0.412,
Israel,2021-05-23,29.9,-0.412,
Israel,2021-05-24,29.9,-0.412,
Israel,2021-05-25,29.9,-0.412,
Israel,2021-05-26,29.9,-0.412,
Israel,2021-05-27,29.9,-0.412,
Israel,2021-05-28,29.9,-0.412,
Israel,2021-05-29,29.9,-0.412,
Israel,2021-05-30,21.4,-0.413,
Israel,2021-05-31,21.4,-0.413,
Israel,2021-06-01,21.4,-0.413,
Israel,2021-06-02,21.4,-0.413,
Israel,2021-06-03,21.4,-0.413,
Israel,2021-06-04,21.4,-0.413,
Israel,2021-06-05,21.4,-0.413,
Israel,2021-06-06,16.4,-0.414,
Israel,2021-06-07,16.4,-0.414,
Israel,2021-06-08,16.4,-0.414,
Israel,2021-06-09,16.4,-0.414,
Israel,2021-06-10,16.4,-0.414,
Israel,2021-06-11,16.4,-0.414,
Israel,2021-06-12,16.4,-0.414,
Israel,2021-06-13,13.1,-0.414,
Israel,2021-06-14,13.1,-0.414,
Israel,2021-06-15,13.1,-0.414,
Israel,2021-06-16,13.1,-0.414,
Israel,2021-06-17,13.1,-0.414,
Israel,2021-06-18,13.1,-0.414,
Israel,2021-06-19,13.1,-0.414,
Israel,2021-06-20,26.3,-0.413,
Israel,2021-06-21,26.3,-0.413,
Israel,2021-06-22,26.3,-0.413,
Israel,2021-06-23,26.3,-0.413,
Israel,2021-06-24,26.3,-0.413,
Israel,2021-06-25,26.3,-0.413,
Israel,2021-06-26,26.3,-0.413,
Israel,2021-06-27,156.4,-0.399,
Israel,2021-06-28,156.4,-0.399,
Israel,2021-06-29,156.4,-0.399,
Israel,2021-06-30,156.4,-0.399,
Israel,2021-07-01,156.4,-0.399,
Israel,2021-07-02,156.4,-0.399,
Israel,2021-07-03,156.4,-0.399,
Israel,2021-07-04,286.4,-0.386,
Israel,2021-07-05,286.4,-0.386,
Israel,2021-07-06,286.4,-0.386,
Israel,2021-07-07,286.4,-0.386,
Israel,2021-07-08,286.4,-0.386,
Israel,2021-07-09,286.4,-0.386,
Israel,2021-07-10,286.4,-0.386,
Israel,2021-07-11,463.4,-0.367,
Israel,2021-07-12,463.4,-0.367,
Israel,2021-07-13,463.4,-0.367,
Israel,2021-07-14,463.4,-0.367,
Israel,2021-07-15,463.4,-0.367,
Israel,2021-07-16,463.4,-0.367,
Israel,2021-07-17,463.4,-0.367,
Israel,2021-07-18,746.0,-0.338,
Israel,2021-07-19,746.0,-0.338,
Israel,2021-07-20,746.0,-0.338,
Israel,2021-07-21,746.0,-0.338,
Israel,2021-07-22,746.0,-0.338,
Israel,2021-07-23,746.0,-0.338,
Israel,2021-07-24,746.0,-0.338,
Israel,2021-07-25,1252.0,-0.285,
Israel,2021-07-26,1252.0,-0.285,
Israel,2021-07-27,1252.0,-0.285,
Israel,2021-07-28,1252.0,-0.285,
Israel,2021-07-29,1252.0,-0.285,
Israel,2021-07-30,1252.0,-0.285,
Israel,2021-07-31,1252.0,-0.285,
Israel,2021-08-01,2122.7,-0.194,
Israel,2021-08-02,2122.7,-0.194,
Israel,2021-08-03,2122.7,-0.194,
Israel,2021-08-04,2122.7,-0.194,
Israel,2021-08-05,2122.7,-0.194,
Israel,2021-08-06,2122.7,-0.194,
Israel,2021-08-07,2122.7,-0.194,
Israel,2021-08-08,3359.3,-0.065,
Israel,2021-08-09,3359.3,-0.065,
Israel,2021-08-10,3359.3,-0.065,
Israel,2021-08-11,3359.3,-0.065,
Israel,2021-08-12,3359.3,-0.065,
Israel,2021-08-13,3359.3,-0.065,
Israel,2021-08-14,3359.3,-0.065,
Israel,2021-08-15,5437.9,0.152,
Israel,2021-08-16,5437.9,0.152,
Israel,2021-08-17,5437.9,0.152,
Israel,2021-08-18,5437.9,0.152,
Israel,2021-08-19,5437.9,0.152,
Israel,2021-08-20,5437.9,0.152,
Israel,2021-08-21,5437.9,0.152,
Israel,2021-08-22,7310.0,0.348,
Israel,2021-08-23,7310.0,0.348,
Israel,2021-08-24,7310.0,0.348,
Israel,2021-08-25,7310.0,0.348,
Israel,2021-08-26,7310.0,0.348,
Israel,2021-08-27,7310.0,0.348,
Israel,2021-08-28,7310.0,0.348,
Israel,2021-08-29,8732.9,0.497,
Israel,2021-08-30,8732.9,0.497,
Israel,2021-08-31,8732.9,0.497,
Israel,2021-09-01,8732.9,0.497,
Israel,2021-09-02,8732.9,0.497,
Israel,2021-09-03,8732.9,0.497,
Israel,2021-09-04,8732.9,0.497,
Israel,2021-09-05,9430.3,0.569,
Israel,2021-09-06,9430.3,0.569,
Israel,2021-09-07,9430.3,0.569,
Israel,2021-09-08,9430.3,0.569,
Israel,2021-09-09,9430.3,0.569,
Israel,2021-09-10,9430.3,0.569,
Israel,2021-09-11,9430.3,0.569,
Israel,2021-09-12,7866.4,0.406,
Israel,2021-09-13,7866.4,0.406,
Israel,2021-09-14,7866.4,0.406,
Israel,2021-09-15,7866.4,0.406,
Israel,2021-09-16,7866.4,0.406,
Israel,2021-09-17,7866.4,0.406,
Israel,2021-09-18,7866.4,0.406,
Israel,2021-09-19,7773.3,0.396,
Israel,2021-09-20,7773.3,0.396,
Israel,2021-09-21,7773.3,0.396,
Israel,2021-09-22,7773.3,0.396,
Israel,2021-09-23,7773.3,0.396,
Israel,2021-09-24,7773.3,0.396,
Israel,2021-09-25,7773.3,0.396,
Israel,2021-09-26,5761.3,0.186,
Israel,2021-09-27,5761.3,0.186,
Israel,2021-09-28,5761.3,0.186,
Israel,2021-09-29,5761.3,0.186,
Israel,2021-09-30,5761.3,0.186,
Israel,2021-10-01,5761.3,0.186,
Israel,2021-10-02,5761.3,0.186,
Israel,2021-10-03,3565.0,-0.043,
Israel,2021-10-04,3565.0,-0.043,
Israel,2021-10-05,3565.0,-0.043,
Israel,2021-10-06,3565.0,-0.043,
Israel,2021-10-07,3565.0,-0.043,
Israel,2021-10-08,3565.0,-0.043,
Israel,2021-10-09,3565.0,-0.043,
Israel,2021-10-10,2306.4,-0.175,
Israel,2021-10-11,2306.4,-0.175,
Israel,2021-10-12,2306.4,-0.175,
Israel,2021-10-13,2306.4,-0.175,
Israel,2021-10-14,2306.4,-0.175,
Israel,2021-10-15,2306.4,-0.175,
Israel,2021-10-16,2306.4,-0.175,
Israel,2021-10-17,1583.1,-0.25,
Israel,2021-10-18,1583.1,-0.25,
Israel,2021-10-19,1583.1,-0.25,
Israel,2021-10-20,1583.1,-0.25,
Israel,2021-10-21,1583.1,-0.25,
Israel,2021-10-22,1583.1,-0.25,
Israel,2021-10-23,1583.1,-0.25,
Israel,2021-10-24,1031.7,-0.308,
Israel,2021-10-25,1031.7,-0.308,
Israel,2021-10-26,1031.7,-0.308,
Israel,2021-10-27,1031.7,-0.308,
Israel,2021-10-28,1031.7,-0.308,
Israel,2021-10-29,1031.7,-0.308,
Israel,2021-10-30,1031.7,-0.308,
Israel,2021-10-31,664.7,-0.346,
Israel,2021-11-01,664.7,-0.346,
Israel,2021-11-02,664.7,-0.346,
Israel,2021-11-03,664.7,-0.346,
Israel,2021-11-04,664.7,-0.346,
Israel,2021-11-05,664.7,-0.346,
Israel,2021-11-06,664.7,-0.346,
Israel,2021-11-07,539.3,-0.359,
Israel,2021-11-08,539.3,-0.359,
Israel,2021-11-09,539.3,-0.359,
Israel,2021-11-10,539.3,-0.359,
Israel,2021-11-11,539.3,-0.359,
Israel,2021-11-12,539.3,-0.359,
Israel,2021-11-13,539.3,-0.359,
Israel,2021-11-14,443.4,-0.369,
Israel,2021-11-15,443.4,-0.369,
Israel,2021-11-16,443.4,-0.369,
Israel,2021-11-17,443.4,-0.369,
Israel,2021-11-18,443.4,-0.369,
Israel,2021-11-19,443.4,-0.369,
Israel,2021-11-20,443.4,-0.369,
Israel,2021-11-21,455.9,-0.368,
Israel,2021-11-22,455.9,-0.368,
Israel,2021-11-23,455.9,-0.368,
Israel,2021-11-24,455.9,-0.368,
Israel,2021-11-25,455.9,-0.368,
Israel,2021-11-26,455.9,-0.368,
Israel,2021-11-27,455.9,-0.368,
Israel,2021-11-28,509.1,-0.362,
Israel,2021-11-29,509.1,-0.362,
Israel,2021-11-30,509.1,-0.362,
Israel,2021-12-01,509.1,-0.362,
Israel,2021-12-02,509.1,-0.362,
Israel,2021-12-03,509.1,-0.362,
Israel,2021-12-04,509.1,-0.362,
Israel,2021-12-05,519.4,-0.361,
Israel,2021-12-06,519.4,-0.361,
Israel,2021-12-07,519.4,-0.361,
Israel,2021-12-08,519.4,-0.361,
Israel,2021-12-09,519.4,-0.361,
Israel,2021-12-10,519.4,-0.361,
Israel,2021-12-11,519.4,-0.361,
Israel,2021-12-12,613.4,-0.351,
Israel,2021-12-13,613.4,-0.351,
Israel,2021-12-14,613.4,-0.351,
Israel,2021-12-15,613.4,-0.351,
Israel,2021-12-16,613.4,-0.351,
Israel,2021-12-17,613.4,-0.351,
Israel,2021-12-18,613.4,-0.351,
Israel,2021-12-19,698.1,-0.343,
Israel,2021-12-20,698.1,-0.343,
Israel,2021-12-21,698.1,-0.343,
Israel,2021-12-22,698.1,-0.343,
Israel,2021-12-23,698.1,-0.343,
Israel,2021-12-24,698.1,-0.343,
Israel,2021-12-25,698.1,-0.343,
Israel,2021-12-26,1297.0,-0.28,
Israel,2021-12-27,1297.0,-0.28,
Israel,2021-12-28,1297.0,-0.28,
Israel,2021-12-29,1297.0,-0.28,
Israel,2021-12-30,1297.0,-0.28,
Israel,2021-12-31,1297.0,-0.28,
Israel,2022-01-01,1297.0,-0.28,
Israel,2022-01-02,3841.6,-0.014,
Israel,2022-01-03,3841.6,-0.014,
Israel,2022-01-04,3841.6,-0.014,
Israel,2022-01-05,3841.6,-0.014,
Israel,2022-01-06,3841.6,-0.014,
Israel,2022-01-07,3841.6,-0.014,
Israel,2022-01-08,3841.6,-0.014,
Israel,2022-01-09,16126.3,1.269,
Israel,2022-01-10,16126.3,1.269,
Israel,2022-01-11,16126.3,1.269,
Israel,2022-01-12,16126.3,1.269,
Israel,2022-01-13,16126.3,1.269,
Israel,2022-01-14,16126.3,1.269,
Israel,2022-01-15,16126.3,1.269,
Israel,2022-01-16,44139.3,4.195,Y
Israel,2022-01-17,44139.3,4.195,Y
Israel,2022-01-18,44139.3,4.195,Y
Israel,2022-01-19,44139.3,4.195,Y
Israel,2022-01-20,44139.3,4.195,Y
Israel,2022-01-21,44139.3,4.195,Y
Israel,2022-01-22,44139.3,4.195,Y
Israel,2022-01-23,70676.1,6.966,Y
Israel,2022-01-24,70676.1,6.966,Y
Israel,2022-01-25,70676.1,6.966,Y
Israel,2022-01-26,70676.1,6.966,Y
Israel,2022-01-27,70676.1,6.966,Y
Israel,2022-01-28,70676.1,6.966,Y
Israel,2022-01-29,70676.1,6.966,Y
Israel,2022-01-30,67772.9,6.663,Y
Israel,2022-01-31,67772.9,6.663,Y
Israel,2022-02-01,67772.9,6.663,Y
Israel,2022-02-02,67772.9,6.663,Y
Israel,2022-02-03,67772.9,6.663,Y
Israel,2022-02-04,67772.9,6.663,Y
Israel,2022-02-05,67772.9,6.663,Y
Israel,2022-02-06,54676.6,5.295,Y
Israel,2022-02-07,54676.6,5.295,Y
Israel,2022-02-08,54676.6,5.295,Y
Israel,2022-02-09,54676.6,5.295,Y
Israel,2022-02-10,54676.6,5.295,Y
Israel,2022-02-11,54676.6,5.295,Y
Israel,2022-02-12,54676.6,5.295,Y
Israel,2022-02-13,34439.7,3.182,Y
Israel,2022-02-14,34439.7,3.182,Y
Israel,2022-02-15,34439.7,3.182,Y
Israel,2022-02-16,34439.7,3.182,Y
Israel,2022-02-17,34439.7,3.182,Y
Israel,2022-02-18,34439.7,3.182,Y
Israel,2022-02-19,34439.7,3.182,Y
Israel,2022-02-20,19368.6,1.607,
Israel,2022-02-21,19368.6,1.607,
Israel,2022-02-22,19368.6,1.607,
Israel,2022-02-23,19368.6,1.607,
Israel,2022-02-24,19368.6,1.607,
Israel,2022-02-25,19368.6,1.607,
Israel,2022-02-26,19368.6,1.607,
Israel,2022-02-27,11124.3,0.746,
Israel,2022-02-28,11124.3,0.746,
Israel,2022-03-01,11124.3,0.746,
Israel,2022-03-02,11124.3,0.746,
Israel,2022-03-03,11124.3,0.746,
Israel,2022-03-04,11124.3,0.746,
Israel,2022-03-05,11124.3,0.746,
Israel,2022-03-06,7580.1,0.376,
Israel,2022-03-07,7580.1,0.376,
Israel,2022-03-08,7580.1,0.376,
Israel,2022-03-09,7580.1,0.376,
Israel,2022-03-10,7580.1,0.376,
Israel,2022-03-11,7580.1,0.376,
Israel,2022-03-12,7580.1,0.376,
Israel,2022-03-13,6251.1,0.237,
Israel,2022-03-14,6251.1,0.237,
Israel,2022-03-15,6251.1,0.237,
Israel,2022-03-16,6251.1,0.237,
Israel,2022-03-17,6251.1,0.237,
Israel,2022-03-18,6251.1,0.237,
Israel,2022-03-19,6251.1,0.237,
Israel,2022-03-20,6830.1,0.298,
Israel,2022-03-21,6830.1,0.298,
Israel,2022-03-22,6830.1,0.298,
Israel,2022-03-23,6830.1,0.298,
Israel,2022-03-24,6830.1,0.298,
Israel,2022-03-25,6830.1,0.298,
Israel,2022-03-26,6830.1,0.298,
Israel,2022-03-27,12709.4,0.912,
Israel,2022-03-28,12709.4,0.912,
Israel,2022-03-29,12709.4,0.912,
Israel,2022-03-30,12709.4,0.912,
Israel,2022-03-31,12709.4,0.912,
Israel,2022-04-01,12709.4,0.912,
Israel,2022-04-02,12709.4,0.912,
Israel,2022-04-03,12311.0,0.87,
Israel,2022-04-04,12311.0,0.87,
Israel,2022-04-05,12311.0,0.87,
Israel,2022-04-06,12311.0,0.87,
Israel,2022-04-07,12311.0,0.87,
Israel,2022-04-08,12311.0,0.87,
Israel,2022-04-09,12311.0,0.87,
Israel,2022-04-10,8185.1,0.439,
Israel,2022-04-11,8185.1,0.439,
Israel,2022-04-12,8185.1,0.439,
Israel,2022-04-13,8185.1,0.439,
Israel,2022-04-14,8185.1,0.439,
Israel,2022-04-15,8185.1,0.439,
Israel,2022-04-16,8185.1,0.439,
Israel,2022-04-17,4921.9,0.099,
Israel,2022-04-18,4921.9,0.099,
Israel,2022-04-19,4921.9,0.099,
Israel,2022-04-20,4921.9,0.099,
Israel,2022-04-21,4921.9,0.099,
Israel,2022-04-22,4921.9,0.099,
Israel,2022-04-23,4921.9,0.099,
Israel,2022-04-24,3699.1,-0.029,
Israel,2022-04-25,3699.1,-0.029,
Israel,2022-04-26,3699.1,-0.029,
Israel,2022-04-27,3699.1,-0.029,
Israel,2022-04-28,3699.1,-0.029,
Israel,2022-04-29,3699.1,-0.029,
Israel,2022-04-30,3699.1,-0.029,
Israel,2022-05-01,3032.3,-0.099,
Israel,2022-05-02,3032.3,-0.099,
Israel,2022-05-03,3032.3,-0.099,
Israel,2022-05-04,3032.3,-0.099,
Israel,2022-05-05,3032.3,-0.099,
Israel,2022-05-06,3032.3,-0.099,
Israel,2022-05-07,3032.3,-0.099,
Israel,2022-05-08,2059.9,-0.2,
Israel,2022-05-09,2059.9,-0.2,
Israel,2022-05-10,2059.9,-0.2,
Israel,2022-05-11,2059.9,-0.2,
Israel,2022-05-12,2059.9,-0.2,
Israel,2022-05-13,2059.9,-0.2,
Israel,2022-05-14,2059.9,-0.2,
Israel,2022-05-15,2187.1,-0.187,
Israel,2022-05-16,2187.1,-0.187,
Israel,2022-05-17,2187.1,-0.187,
Israel,2022-05-18,2187.1,-0.187,
Israel,2022-05-19,2187.1,-0.187,
Israel,2022-05-20,2187.1,-0.187,
Israel,2022-05-21,2187.1,-0.187,
Israel,2022-05-22,2113.9,-0.195,
Israel,2022-05-23,2113.9,-0.195,
Israel,2022-05-24,2113.9,-0.195,
Israel,2022-05-25,2113.9,-0.195,
Israel,2022-05-26,2113.9,-0.195,
Israel,2022-05-27,2113.9,-0.195,
Israel,2022-05-28,2113.9,-0.195,
Israel,2022-05-29,1892.7,-0.218,
Israel,2022-05-30,1892.7,-0.218,
Israel,2022-05-31,1892.7,-0.218,
Israel,2022-06-01,1892.7,-0.218,
Israel,2022-06-02,1892.7,-0.218,
Israel,2022-06-03,1892.7,-0.218,
Israel,2022-06-04,1892.7,-0.218,
Israel,2022-06-05,2354.0,-0.17,
Israel,2022-06-06,2354.0,-0.17,
Israel,2022-06-07,2354.0,-0.17,
Israel,2022-06-08,2354.0,-0.17,
Israel,2022-06-09,2354.0,-0.17,
Israel,2022-06-10,2354.0,-0.17,
Israel,2022-06-11,2354.0,-0.17,
Israel,2022-06-12,4207.4,0.024,
Israel,2022-06-13,4207.4,0.024,
Israel,2022-06-14,4207.4,0.024,
Israel,2022-06-15,4207.4,0.024,
Israel,2022-06-16,4207.4,0.024,
Israel,2022-06-17,4207.4,0.024,
Israel,2022-06-18,4207.4,0.024,
Israel,2022-06-19,6778.3,0.292,
Israel,2022-06-20,6778.3,0.292,
Israel,2022-06-21,6778.3,0.292,
Israel,2022-06-22,6778.3,0.292,
Israel,2022-06-23,6778.3,0.292,
Israel,2022-06-24,6778.3,0.292,
Israel,2022-06-25,6778.3,0.292,
Israel,2022-06-26,9688.7,0.596,
Israel,2022-06-27,9688.7,0.596,
Israel,2022-06-28,9688.7,0.596,
Israel,2022-06-29,9688.7,0.596,
Israel,2022-06-30,9688.7,0.596,
Israel,2022-07-01,9688.7,0.596,
Israel,2022-07-02,9688.7,0.596,
Israel,2022-07-03,10609.9,0.693,
Israel,2022-07-04,10609.9,0.693,
Israel,2022-07-05,10609.9,0.693,
Israel,2022-07-06,10609.9,0.693,
Israel,2022-07-07,10609.9,0.693,
Israel,2022-07-08,10609.9,0.693,
Israel,2022-07-09,10609.9,0.693,
Israel,2022-07-10,10518.3,0.683,
Israel,2022-07-11,10518.3,0.683,
Israel,2022-07-12,10518.3,0.683,
Israel,2022-07-13,10518.3,0.683,
Israel,2022-07-14,10518.3,0.683,
Israel,2022-07-15,10518.3,0.683,
Israel,2022-07-16,10518.3,0.683,
Israel,2022-07-17,8600.7,0.483,
Israel,2022-07-18,8600.7,0.483,
Israel,2022-07-19,8600.7,0.483,
Israel,2022-07-20,8600.7,0.483,
Israel,2022-07-21,8600.7,0.483,
Israel,2022-07-22,8600.7,0.483,
Israel,2022-07-23,8600.7,0.483,
Israel,2022-07-24,6218.6,0.234,
Israel,2022-07-25,6218.6,0.234,
Israel,2022-07-26,6218.6,0.234,
Israel,2022-07-27,6218.6,0.234,
Israel,2022-07-28,6218.6,0.234,
Israel,2022-07-29,6218.6,0.234,
Israel,2022-07-30,6218.6,0.234,
Israel,2022-07-31,4386.6,0.043,
Israel,2022-08-01,4386.6,0.043,
Israel,2022-08-02,4386.6,0.043,
Israel,2022-08-03,4386.6,0.043,
Israel,2022-08-04,4386.6,0.043,
Israel,2022-08-05,4386.6,0.043,
Israel,2022-08-06,4386.6,0.043,
Israel,2022-08-07,3009.0,-0.101,
Israel,2022-08-08,3009.0,-0.101,
Israel,2022-08-09,3009.0,-0.101,
Israel,2022-08-10,3009.0,-0.101,
Israel,2022-08-11,3009.0,-0.101,
Israel,2022-08-12,3009.0,-0.101,
Israel,2022-08-13,3009.0,-0.101,
Israel,2022-08-14,1881.1,-0.219,
Israel,2022-08-15,1881.1,-0.219,
Israel,2022-08-16,1881.1,-0.219,
Israel,2022-08-17,1881.1,-0.219,
Israel,2022-08-18,1881.1,-0.219,
Israel,2022-08-19,1881.1,-0.219,
Israel,2022-08-20,1881.1,-0.219,
Israel,2022-08-21,1312.6,-0.278,
Israel,2022-08-22,1312.6,-0.278,
Israel,2022-08-23,1312.6,-0.278,
Israel,2022-08-24,1312.6,-0.278,
Israel,2022-08-25,1312.6,-0.278,
Israel,2022-08-26,1312.6,-0.278,
Israel,2022-08-27,1312.6,-0.278,
Israel,2022-08-28,988.9,-0.312,
Israel,2022-08-29,988.9,-0.312,
Israel,2022-08-30,988.9,-0.312,
Israel,2022-08-31,988.9,-0.312,
Israel,2022-09-01,988.9,-0.312,
Israel,2022-09-02,988.9,-0.312,
Israel,2022-09-03,988.9,-0.312,
Israel,2022-09-04,860.4,-0.326,
Israel,2022-09-05,860.4,-0.326,
Israel,2022-09-06,860.4,-0.326,
Israel,2022-09-07,860.4,-0.326,
Israel,2022-09-08,860.4,-0.326,
Israel,2022-09-09,860.4,-0.326,
Israel,2022-09-10,860.4,-0.326,
Israel,2022-09-11,870.6,-0.325,
Israel,2022-09-12,870.6,-0.325,
Israel,2022-09-13,870.6,-0.325,
Israel,2022-09-14,870.6,-0.325,
Israel,2022-09-15,870.6,-0.325,
Israel,2022-09-16,870.6,-0.325,
Israel,2022-09-17,870.6,-0.325,
Israel,2022-09-18,1091.0,-0.302,
Israel,2022-09-19,1091.0,-0.302,
Israel,2022-09-20,1091.0,-0.302,
Israel,2022-09-21,1091.0,-0.302,
Israel,2022-09-22,1091.0,-0.302,
Israel,2022-09-23,1091.0,-0.302,
Israel,2022-09-24,1091.0,-0.302,
Israel,2022-09-25,1083.4,-0.302,
Israel,2022-09-26,1083.4,-0.302,
Israel,2022-09-27,1083.4,-0.302,
Israel,2022-09-28,1083.4,-0.302,
Israel,2022-09-29,1083.4,-0.302,
Israel,2022-09-30,1083.4,-0.302,
Israel,2022-10-01,1083.4,-0.302,
Israel,2022-10-02,873.7,-0.324,
Israel,2022-10-03,873.7,-0.324,
Israel,2022-10-04,873.7,-0.324,
Israel,2022-10-05,873.7,-0.324,
Israel,2022-10-06,873.7,-0.324,
Israel,2022-10-07,873.7,-0.324,
Israel,2022-10-08,873.7,-0.324,
Israel,2022-10-09,705.3,-0.342,
Israel,2022-10-10,705.3,-0.342,
Israel,2022-10-11,705.3,-0.342,
Israel,2022-10-12,705.3,-0.342,
Israel,2022-10-13,705.3,-0.342,
Israel,2022-10-14,705.3,-0.342,
Israel,2022-10-15,705.3,-0.342,
Israel,2022-10-16,615.9,-0.351,
Israel,2022-10-17,615.9,-0.351,
Israel,2022-10-18,615.9,-0.351,
Israel,2022-10-19,615.9,-0.351,
Israel,2022-10-20,615.9,-0.351,
Israel,2022-10-21,615.9,-0.351,
Israel,2022-10-22,615.9,-0.351,
Israel,2022-10-23,657.9,-0.347,
Israel,2022-10-24,657.9,-0.347,
Israel,2022-10-25,657.9,-0.347,
Israel,2022-10-26,657.9,-0.347,
Israel,2022-10-27,657.9,-0.347,
Israel,2022-10-28,657.9,-0.347,
Israel,2022-10-29,657.9,-0.347,
Israel,2022-10-30,788.3,-0.333,
Israel,2022-10-31,788.3,-0.333,
Israel,2022-11-01,788.3,-0.333,
Israel,2022-11-02,788.3,-0.333,
Israel,2022-11-03,788.3,-0.333,
Israel,2022-11-04,788.3,-0.333,
Israel,2022-11-05,788.3,-0.333,
Israel,2022-11-06,904.7,-0.321,
Israel,2022-11-07,904.7,-0.321,
Israel,2022-11-08,904.7,-0.321,
Israel,2022-11-09,904.7,-0.321,
Israel,2022-11-10,904.7,-0.321,
Israel,2022-11-11,904.7,-0.321,
Israel,2022-11-12,904.7,-0.321,
Israel,2022-11-13,1024.7,-0.308,
Israel,2022-11-14,1024.7,-0.308,
Israel,2022-11-15,1024.7,-0.308,
Israel,2022-11-16,1024.7,-0.308,
Israel,2022-11-17,1024.7,-0.308,
Israel,2022-11-18,1024.7,-0.308,
Israel,2022-11-19,1024.7,-0.308,
Israel,2022-11-20,1260.7,-0.284,
Israel,2022-11-21,1260.7,-0.284,
Israel,2022-11-22,1260.7,-0.284,
Israel,2022-11-23,1260.7,-0.284,
Israel,2022-11-24,1260.7,-0.284,
Israel,2022-11-25,1260.7,-0.284,
Israel,2022-11-26,1260.7,-0.284,
Israel,2022-11-27,1461.1,-0.263,
Israel,2022-11-28,1461.1,-0.263,
Israel,2022-11-29,1461.1,-0.263,
Israel,2022-11-30,1461.1,-0.263,
Israel,2022-12-01,1461.1,-0.263,
Israel,2022-12-02,1461.1,-0.263,
Israel,2022-12-03,1461.1,-0.263,
Israel,2022-12-04,1604.4,-0.248,
Israel,2022-12-05,1604.4,-0.248,
Israel,2022-12-06,1604.4,-0.248,
Israel,2022-12-07,1604.4,-0.248,
Israel,2022-12-08,1604.4,-0.248,
Israel,2022-12-09,1604.4,-0.248,
Israel,2022-12-10,1604.4,-0.248,
Israel,2022-12-11,1566.7,-0.252,
Israel,2022-12-12,1566.7,-0.252,
Israel,2022-12-13,1566.7,-0.252,
Israel,2022-12-14,1566.7,-0.252,
Israel,2022-12-15,1566.7,-0.252,
Israel,2022-12-16,1566.7,-0.252,
Israel,2022-12-17,1566.7,-0.252,
Israel,2022-12-18,1474.4,-0.262,
Israel,2022-12-19,1474.4,-0.262,
Israel,2022-12-20,1474.4,-0.262,
Israel,2022-12-21,1474.4,-0.262,
Israel,2022-12-22,1474.4,-0.262,
Israel,2022-12-23,1474.4,-0.262,
Israel,2022-12-24,1474.4,-0.262,
Israel,2022-12-25,1225.9,-0.287,
Israel,2022-12-26,1225.9,-0.287,
Israel,2022-12-27,1225.9,-0.287,
Israel,2022-12-28,1225.9,-0.287,
Israel,2022-12-29,1225.9,-0.287,
Israel,2022-12-30,1225.9,-0.287,
Israel,2022-12-31,1225.9,-0.287,
Israel,2023-01-01,1053.4,-0.305,
Israel,2023-01-02,1053.4,-0.305,
Israel,2023-01-03,1053.4,-0.305,
Israel,2023-01-04,1053.4,-0.305,
Israel,2023-01-05,1053.4,-0.305,
Israel,2023-01-06,1053.4,-0.305,
Israel,2023-01-07,1053.4,-0.305,
Israel,2023-01-08,948.4,-0.316,
Israel,2023-01-09,948.4,-0.316,
Israel,2023-01-10,948.4,-0.316,
Israel,2023-01-11,948.4,-0.316,
Israel,2023-01-12,948.4,-0.316,
Israel,2023-01-13,948.4,-0.316,
Israel,2023-01-14,948.4,-0.316,
Israel,2023-01-15,761.1,-0.336,
Israel,2023-01-16,761.1,-0.336,
Israel,2023-01-17,761.1,-0.336,
Israel,2023-01-18,761.1,-0.336,
Israel,2023-01-19,761.1,-0.336,
Israel,2023-01-20,761.1,-0.336,
Israel,2023-01-21,761.1,-0.336,
Israel,2023-01-22,653.7,-0.347,
Israel,2023-01-23,653.7,-0.347,
Israel,2023-01-24,653.7,-0.347,
Israel,2023-01-25,653.7,-0.347,
Israel,2023-01-26,653.7,-0.347,
Israel,2023-01-27,653.7,-0.347,
Israel,2023-01-28,653.7,-0.347,
Israel,2023-01-29,595.4,-0.353,
Israel,2023-01-30,595.4,-0.353,
Israel,2023-01-31,595.4,-0.353,
Israel,2023-02-01,595.4,-0.353,
Israel,2023-02-02,595.4,-0.353,
Israel,2023-02-03,595.4,-0.353,
Israel,2023-02-04,595.4,-0.353,
Israel,2023-02-05,491.7,-0.364,
Israel,2023-02-06,491.7,-0.364,
Israel,2023-02-07,491.7,-0.364,
Israel,2023-02-08,491.7,-0.364,
Israel,2023-02-09,491.7,-0.364,
Israel,2023-02-10,491.7,-0.364,
Israel,2023-02-11,491.7,-0.364,
Israel,2023-02-12,411.1,-0.373,
Israel,2023-02-13,411.1,-0.373,
Israel,2023-02-14,411.1,-0.373,
Israel,2023-02-15,411.1,-0.373,
Israel,2023-02-16,411.1,-0.373,
Israel,2023-02-17,411.1,-0.373,
Israel,2023-02-18,411.1,-0.373,
Israel,2023-02-19,442.4,-0.369,
Israel,2023-02-20,442.4,-0.369,
Israel,2023-02-21,442.4,-0.369,
Israel,2023-02-22,442.4,-0.369,
Israel,2023-02-23,442.4,-0.369,
Israel,2023-02-24,442.4,-0.369,
Israel,2023-02-25,442.4,-0.369,
Israel,2023-02-26,507.4,-0.363,
Israel,2023-02-27,507.4,-0.363,
Israel,2023-02-28,507.4,-0.363,
Israel,2023-03-01,507.4,-0.363,
Israel,2023-03-02,507.4,-0.363,
Israel,2023-03-03,507.4,-0.363,
Israel,2023-03-04,507.4,-0.363,
Israel,2023-03-05,522.4,-0.361,
Israel,2023-03-06,522.4,-0.361,
Israel,2023-03-07,522.4,-0.361,
Israel,2023-03-08,522.4,-0.361,
Israel,2023-03-09,522.4,-0.361,
Israel,2023-03-10,522.4,-0.361,
Israel,2023-03-11,522.4,-0.361,
Israel,2023-03-12,494.6,-0.364,
Israel,2023-03-13,494.6,-0.364,
Israel,2023-03-14,494.6,-0.364,
Israel,2023-03-15,494.6,-0.364,
Israel,2023-03-16,494.6,-0.364,
Israel,2023-03-17,494.6,-0.364,
Israel,2023-03-18,494.6,-0.364,
Israel,2023-03-19,548.3,-0.358,
Israel,2023-03-20,548.3,-0.358,
Israel,2023-03-21,548.3,-0.358,
Israel,2023-03-22,548.3,-0.358,
Israel,2023-03-23,548.3,-0.358,
Israel,2023-03-24,548.3,-0.358,
Israel,2023-03-25,548.3,-0.358,
Israel,2023-03-26,456.0,-0.368,
Israel,2023-03-27,456.0,-0.368,
Israel,2023-03-28,456.0,-0.368,
Israel,2023-03-29,456.0,-0.368,
Israel,2023-03-30,456.0,-0.368,
Israel,2023-03-31,456.0,-0.368,
Israel,2023-04-01,456.0,-0.368,
Israel,2023-04-02,398.7,-0.374,
Israel,2023-04-03,398.7,-0.374,
Israel,2023-04-04,398.7,-0.374,
Israel,2023-04-05,398.7,-0.374,
Israel,2023-04-06,398.7,-0.374,
Israel,2023-04-07,398.7,-0.374,
Israel,2023-04-08,398.7,-0.374,
Israel,2023-04-09,281.3,-0.386,
Israel,2023-04-10,281.3,-0.386,
Israel,2023-04-11,281.3,-0.386,
Israel,2023-04-12,281.3,-0.386,
Israel,2023-04-13,281.3,-0.386,
Israel,2023-04-14,281.3,-0.386,
Israel,2023-04-15,281.3,-0.386,
Israel,2023-04-16,264.6,-0.388,
Israel,2023-04-17,264.6,-0.388,
Israel,2023-04-18,264.6,-0.388,
Israel,2023-04-19,264.6,-0.388,
Israel,2023-04-20,264.6,-0.388,
Israel,2023-04-21,264.6,-0.388,
Israel,2023-04-22,264.6,-0.388,
Israel,2023-04-23,279.4,-0.386,
Israel,2023-04-24,279.4,-0.386,
Israel,2023-04-25,279.4,-0.386,
Israel,2023-04-26,279.4,-0.386,
Israel,2023-04-27,279.4,-0.386,
Israel,2023-04-28,279.4,-0.386,
Israel,2023-04-29,279.4,-0.386,
Israel,2023-04-30,190.6,-0.396,
Israel,2023-05-01,190.6,-0.396,
Israel,2023-05-02,190.6,-0.396,
Israel,2023-05-03,190.6,-0.396,
Israel,2023-05-04,190.6,-0.396,
Israel,2023-05-05,190.6,-0.396,
Italy,2020-01-10,0.0,-0.69,
Italy,2020-01-11,0.0,-0.69,
Italy,2020-01-12,0.0,-0.69,
Italy,2020-01-13,0.0,-0.69,
Italy,2020-01-14,0.0,-0.69,
Italy,2020-01-15,0.0,-0.69,
Italy,2020-01-16,0.0,-0.69,
Italy,2020-01-17,0.0,-0.69,
Italy,2020-01-18,0.0,-0.69,
Italy,2020-01-19,0.0,-0.69,
Italy,2020-01-20,0.0,-0.69,
Italy,2020-01-21,0.0,-0.69,
Italy,2020-01-22,0.0,-0.69,
Italy,2020-01-23,0.0,-0.69,
Italy,2020-01-24,0.0,-0.69,
Italy,2020-01-25,0.0,-0.69,
Italy,2020-01-26,0.0,-0.69,
Italy,2020-01-27,0.0,-0.69,
Italy,2020-01-28,0.0,-0.69,
Italy,2020-01-29,0.0,-0.69,
Italy,2020-01-30,0.0,-0.69,
Italy,2020-01-31,0.0,-0.69,
Italy,2020-02-01,0.0,-0.69,
Italy,2020-02-02,0.4,-0.69,
Italy,2020-02-03,0.4,-0.69,
Italy,2020-02-04,0.4,-0.69,
Italy,2020-02-05,0.4,-0.69,
Italy,2020-02-06,0.4,-0.69,
Italy,2020-02-07,0.4,-0.69,
Italy,2020-02-08,0.4,-0.69,
Italy,2020-02-09,0.0,-0.69,
Italy,2020-02-10,0.0,-0.69,
Italy,2020-02-11,0.0,-0.69,
Italy,2020-02-12,0.0,-0.69,
Italy,2020-02-13,0.0,-0.69,
Italy,2020-02-14,0.0,-0.69,
Italy,2020-02-15,0.0,-0.69,
Italy,2020-02-16,0.0,-0.69,
Italy,2020-02-17,0.0,-0.69,
Italy,2020-02-18,0.0,-0.69,
Italy,2020-02-19,0.0,-0.69,
Italy,2020-02-20,0.0,-0.69,
Italy,2020-02-21,0.0,-0.69,
Italy,2020-02-22,0.0,-0.69,
Italy,2020-02-23,10.9,-0.689,
Italy,2020-02-24,10.9,-0.689,
Italy,2020-02-25,10.9,-0.689,
Italy,2020-02-26,10.9,-0.689,
Italy,2020-02-27,10.9,-0.689,
Italy,2020-02-28,10.9,-0.689,
Italy,2020-02-29,10.9,-0.689,
Italy,2020-03-01,149.9,-0.685,
Italy,2020-03-02,149.9,-0.685,
Italy,2020-03-03,149.9,-0.685,
Italy,2020-03-04,149.9,-0.685,
Italy,2020-03-05,149.9,-0.685,
Italy,2020-03-06,149.9,-0.685,
Italy,2020-03-07,149.9,-0.685,
Italy,2020-03-08,679.3,-0.668,
Italy,2020-03-09,679.3,-0.668,
Italy,2020-03-10,679.3,-0.668,
Italy,2020-03-11,679.3,-0.668,
Italy,2020-03-12,679.3,-0.668,
Italy,2020-03-13,679.3,-0.668,
Italy,2020-03-14,679.3,-0.668,
Italy,2020-03-15,2182.0,-0.619,
Italy,2020-03-16,2182.0,-0.619,
Italy,2020-03-17,2182.0,-0.619,
Italy,2020-03-18,2182.0,-0.619,
Italy,2020-03-19,2182.0,-0.619,
Italy,2020-03-20,2182.0,-0.619,
Italy,2020-03-21,2182.0,-0.619,
Italy,2020-03-22,4631.6,-0.54,
Italy,2020-03-23,4631.6,-0.54,
Italy,2020-03-24,4631.6,-0.54,
Italy,2020-03-25,4631.6,-0.54,
Italy,2020-03-26,4631.6,-0.54,
Italy,2020-03-27,4631.6,-0.54,
Italy,2020-03-28,4631.6,-0.54,
Italy,2020-03-29,5556.3,-0.51,
Italy,2020-03-30,5556.3,-0.51,
Italy,2020-03-31,5556.3,-0.51,
Italy,2020-04-01,5556.3,-0.51,
Italy,2020-04-02,5556.3,-0.51,
Italy,2020-04-03,5556.3,-0.51,
Italy,2020-04-04,5556.3,-0.51,
Italy,2020-04-05,4594.3,-0.541,
Italy,2020-04-06,4594.3,-0.541,
Italy,2020-04-07,4594.3,-0.541,
Italy,2020-04-08,4594.3,-0.541,
Italy,2020-04-09,4594.3,-0.541,
Italy,2020-04-10,4594.3,-0.541,
Italy,2020-04-11,4594.3,-0.541,
Italy,2020-04-12,3948.4,-0.562,
Italy,2020-04-13,3948.4,-0.562,
Italy,2020-04-14,3948.4,-0.562,
Italy,2020-04-15,3948.4,-0.562,
Italy,2020-04-16,3948.4,-0.562,
Italy,2020-04-17,3948.4,-0.562,
Italy,2020-04-18,3948.4,-0.562,
Italy,2020-04-19,3379.1,-0.58,
Italy,2020-04-20,3379.1,-0.58,
Italy,2020-04-21,3379.1,-0.58,
Italy,2020-04-22,3379.1,-0.58,
Italy,2020-04-23,3379.1,-0.58,
Italy,2020-04-24,3379.1,-0.58,
Italy,2020-04-25,3379.1,-0.58,
Italy,2020-04-26,2775.1,-0.6,
Italy,2020-04-27,2775.1,-0.6,
Italy,2020-04-28,2775.1,-0.6,
Italy,2020-04-29,2775.1,-0.6,
Italy,2020-04-30,2775.1,-0.6,
Italy,2020-05-01,2775.1,-0.6,
Italy,2020-05-02,2775.1,-0.6,
Italy,2020-05-03,1996.7,-0.625,
Italy,2020-05-04,1996.7,-0.625,
Italy,2020-05-05,1996.7,-0.625,
Italy,2020-05-06,1996.7,-0.625,
Italy,2020-05-07,1996.7,-0.625,
Italy,2020-05-08,1996.7,-0.625,
Italy,2020-05-09,1996.7,-0.625,
Italy,2020-05-10,1277.1,-0.648,
Italy,2020-05-11,1277.1,-0.648,
Italy,2020-05-12,1277.1,-0.648,
Italy,2020-05-13,1277.1,-0.648,
Italy,2020-05-14,1277.1,-0.648,
Italy,2020-05-15,1277.1,-0.648,
Italy,2020-05-16,1277.1,-0.648,
Italy,2020-05-17,927.4,-0.66,
Italy,2020-05-18,927.4,-0.66,
Italy,2020-05-19,927.4,-0.66,
Italy,2020-05-20,927.4,-0.66,
Italy,2020-05-21,927.4,-0.66,
Italy,2020-05-22,927.4,-0.66,
Italy,2020-05-23,927.4,-0.66,
Italy,2020-05-24,652.4,-0.669,
Italy,2020-05-25,652.4,-0.669,
Italy,2020-05-26,652.4,-0.669,
Italy,2020-05-27,652.4,-0.669,
Italy,2020-05-28,652.4,-0.669,
Italy,2020-05-29,652.4,-0.669,
Italy,2020-05-30,652.4,-0.669,
Italy,2020-05-31,476.7,-0.674,
Italy,2020-06-01,476.7,-0.674,
Italy,2020-06-02,476.7,-0.674,
Italy,2020-06-03,476.7,-0.674,
Italy,2020-06-04,476.7,-0.674,
Italy,2020-06-05,476.7,-0.674,
Italy,2020-06-06,476.7,-0.674,
Italy,2020-06-07,305.3,-0.68,
Italy,2020-06-08,305.3,-0.68,
Italy,2020-06-09,305.3,-0.68,
Italy,2020-06-10,305.3,-0.68,
Italy,2020-06-11,305.3,-0.68,
Italy,2020-06-12,305.3,-0.68,
Italy,2020-06-13,305.3,-0.68,
Italy,2020-06-14,264.3,-0.681,
Italy,2020-06-15,264.3,-0.681,
Italy,2020-06-16,264.3,-0.681,
Italy,2020-06-17,264.3,-0.681,
Italy,2020-06-18,264.3,-0.681,
Italy,2020-06-19,264.3,-0.681,
Italy,2020-06-20,264.3,-0.681,
Italy,2020-06-21,289.0,-0.68,
Italy,2020-06-22,289.0,-0.68,
Italy,2020-06-23,289.0,-0.68,
Italy,2020-06-24,289.0,-0.68,
Italy,2020-06-25,289.0,-0.68,
Italy,2020-06-26,289.0,-0.68,
Italy,2020-06-27,289.0,-0.68,
Italy,2020-06-28,265.9,-0.681,
Italy,2020-06-29,265.9,-0.681,
Italy,2020-06-30,265.9,-0.681,
Italy,2020-07-01,265.9,-0.681,
Italy,2020-07-02,265.9,-0.681,
Italy,2020-07-03,265.9,-0.681,
Italy,2020-07-04,265.9,-0.681,
Italy,2020-07-05,183.3,-0.684,
Italy,2020-07-06,183.3,-0.684,
Italy,2020-07-07,183.3,-0.684,
Italy,2020-07-08,183.3,-0.684,
Italy,2020-07-09,183.3,-0.684,
Italy,2020-07-10,183.3,-0.684,
Italy,2020-07-11,183.3,-0.684,
Italy,2020-07-12,201.1,-0.683,
Italy,2020-07-13,201.1,-0.683,
Italy,2020-07-14,201.1,-0.683,
Italy,2020-07-15,201.1,-0.683,
Italy,2020-07-16,201.1,-0.683,
Italy,2020-07-17,201.1,-0.683,
Italy,2020-07-18,201.1,-0.683,
Italy,2020-07-19,198.4,-0.683,
Italy,2020-07-20,198.4,-0.683,
Italy,2020-07-21,198.4,-0.683,
Italy,2020-07-22,198.4,-0.683,
Italy,2020-07-23,198.4,-0.683,
Italy,2020-07-24,198.4,-0.683,
Italy,2020-07-25,198.4,-0.683,
Italy,2020-07-26,235.4,-0.682,
Italy,2020-07-27,235.4,-0.682,
Italy,2020-07-28,235.4,-0.682,
Italy,2020-07-29,235.4,-0.682,
Italy,2020-07-30,235.4,-0.682,
Italy,2020-07-31,235.4,-0.682,
Italy,2020-08-01,235.4,-0.682,
Italy,2020-08-02,281.1,-0.681,
Italy,2020-08-03,281.1,-0.681,
Italy,2020-08-04,281.1,-0.681,
Italy,2020-08-05,281.1,-0.681,
Italy,2020-08-06,281.1,-0.681,
Italy,2020-08-07,281.1,-0.681,
Italy,2020-08-08,281.1,-0.681,
Italy,2020-08-09,324.4,-0.679,
Italy,2020-08-10,324.4,-0.679,
Italy,2020-08-11,324.4,-0.679,
Italy,2020-08-12,324.4,-0.679,
Italy,2020-08-13,324.4,-0.679,
Italy,2020-08-14,324.4,-0.679,
Italy,2020-08-15,324.4,-0.679,
Italy,2020-08-16,476.4,-0.674,
Italy,2020-08-17,476.4,-0.674,
Italy,2020-08-18,476.4,-0.674,
Italy,2020-08-19,476.4,-0.674,
Italy,2020-08-20,476.4,-0.674,
Italy,2020-08-21,476.4,-0.674,
Italy,2020-08-22,476.4,-0.674,
Italy,2020-08-23,671.1,-0.668,
Italy,2020-08-24,671.1,-0.668,
Italy,2020-08-25,671.1,-0.668,
Italy,2020-08-26,671.1,-0.668,
Italy,2020-08-27,671.1,-0.668,
Italy,2020-08-28,671.1,-0.668,
Italy,2020-08-29,671.1,-0.668,
Italy,2020-08-30,1245.3,-0.649,
Italy,2020-08-31,1245.3,-0.649,
Italy,2020-09-01,1245.3,-0.649,
Italy,2020-09-02,1245.3,-0.649,
Italy,2020-09-03,1245.3,-0.649,
Italy,2020-09-04,1245.3,-0.649,
Italy,2020-09-05,1245.3,-0.649,
Italy,2020-09-06,1354.9,-0.646,
Italy,2020-09-07,1354.9,-0.646,
Italy,2020-09-08,1354.9,-0.646,
Italy,2020-09-09,1354.9,-0.646,
Italy,2020-09-10,1354.9,-0.646,
Italy,2020-09-11,1354.9,-0.646,
Italy,2020-09-12,1354.9,-0.646,
Italy,2020-09-13,1422.9,-0.644,
Italy,2020-09-14,1422.9,-0.644,
Italy,2020-09-15,1422.9,-0.644,
Italy,2020-09-16,1422.9,-0.644,
Italy,2020-09-17,1422.9,-0.644,
Italy,2020-09-18,1422.9,-0.644,
Italy,2020-09-19,1422.9,-0.644,
Italy,2020-09-20,1467.4,-0.642,
Italy,2020-09-21,1467.4,-0.642,
Italy,2020-09-22,1467.4,-0.642,
Italy,2020-09-23,1467.4,-0.642,
Italy,2020-09-24,1467.4,-0.642,
Italy,2020-09-25,1467.4,-0.642,
Italy,2020-09-26,1467.4,-0.642,
Italy,2020-09-27,1647.9,-0.636,
Italy,2020-09-28,1647.9,-0.636,
Italy,2020-09-29,1647.9,-0.636,
Italy,2020-09-30,1647.9,-0.636,
Italy,2020-10-01,1647.9,-0.636,
Italy,2020-10-02,1647.9,-0.636,
Italy,2020-10-03,1647.9,-0.636,
Italy,2020-10-04,2092.4,-0.622,
Italy,2020-10-05,2092.4,-0.622,
Italy,2020-10-06,2092.4,-0.622,
Italy,2020-10-07,2092.4,-0.622,
Italy,2020-10-08,2092.4,-0.622,
Italy,2020-10-09,2092.4,-0.622,
Italy,2020-10-10,2092.4,-0.622,
Italy,2020-10-11,3820.4,-0.566,
Italy,2020-10-12,3820.4,-0.566,
Italy,2020-10-13,3820.4,-0.566,
Italy,2020-10-14,3820.4,-0.566,
Italy,2020-10-15,3820.4,-0.566,
Italy,2020-10-16,3820.4,-0.566,
Italy,2020-10-17,3820.4,-0.566,
Italy,2020-10-18,7577.4,-0.444,
Italy,2020-10-19,7577.4,-0.444,
Italy,2020-10-20,7577.4,-0.444,
Italy,2020-10-21,7577.4,-0.444,
Italy,2020-10-22,7577.4,-0.444,
Italy,2020-10-23,7577.4,-0.444,
Italy,2020-10-24,7577.4,-0.444,
Italy,2020-10-25,14567.6,-0.218,
Italy,2020-10-26,14567.6,-0.218,
Italy,2020-10-27,14567.6,-0.218,
Italy,2020-10-28,14567.6,-0.218,
Italy,2020-10-29,14567.6,-0.218,
Italy,2020-10-30,14567.6,-0.218,
Italy,2020-10-31,14567.6,-0.218,
Italy,2020-11-01,24988.7,0.12,
Italy,2020-11-02,24988.7,0.12,
Italy,2020-11-03,24988.7,0.12,
Italy,2020-11-04,24988.7,0.12,
Italy,2020-11-05,24988.7,0.12,
Italy,2020-11-06,24988.7,0.12,
Italy,2020-11-07,24988.7,0.12,
Italy,2020-11-08,31865.7,0.343,
Italy,2020-11-09,31865.7,0.343,
Italy,2020-11-10,31865.7,0.343,
Italy,2020-11-11,31865.7,0.343,
Italy,2020-11-12,31865.7,0.343,
Italy,2020-11-13,31865.7,0.343,
Italy,2020-11-14,31865.7,0.343,
Italy,2020-11-15,34580.3,0.431,
Italy,2020-11-16,34580.3,0.431,
Italy,2020-11-17,34580.3,0.431,
Italy,2020-11-18,34580.3,0.431,
Italy,2020-11-19,34580.3,0.431,
Italy,2020-11-20,34580.3,0.431,
Italy,2020-11-21,34580.3,0.431,
Italy,2020-11-22,33711.3,0.403,
Italy,2020-11-23,33711.3,0.403,
Italy,2020-11-24,33711.3,0.403,
Italy,2020-11-25,33711.3,0.403,
Italy,2020-11-26,33711.3,0.403,
Italy,2020-11-27,33711.3,0.403,
Italy,2020-11-28,33711.3,0.403,
Italy,2020-11-29,26285.9,0.162,
Italy,2020-11-30,26285.9,0.162,
Italy,2020-12-01,26285.9,0.162,
Italy,2020-12-02,26285.9,0.162,
Italy,2020-12-03,26285.9,0.162,
Italy,2020-12-04,26285.9,0.162,
Italy,2020-12-05,26285.9,0.162,
Italy,2020-12-06,20779.9,-0.016,
Italy,2020-12-07,20779.9,-0.016,
Italy,2020-12-08,20779.9,-0.016,
Italy,2020-12-09,20779.9,-0.016,
Italy,2020-12-10,20779.9,-0.016,
Italy,2020-12-11,20779.9,-0.016,
Italy,2020-12-12,20779.9,-0.016,
Italy,2020-12-13,16540.6,-0.154,
Italy,2020-12-14,16540.6,-0.154,
Italy,2020-12-15,16540.6,-0.154,
Italy,2020-12-16,16540.6,-0.154,
Italy,2020-12-17,16540.6,-0.154,
Italy,2020-12-18,16540.6,-0.154,
Italy,2020-12-19,16540.6,-0.154,
Italy,2020-12-20,16044.0,-0.17,
Italy,2020-12-21,16044.0,-0.17,
Italy,2020-12-22,16044.0,-0.17,
Italy,2020-12-23,16044.0,-0.17,
Italy,2020-12-24,16044.0,-0.17,
Italy,2020-12-25,16044.0,-0.17,
Italy,2020-12-26,16044.0,-0.17,
Italy,2020-12-27,14385.7,-0.223,
Italy,2020-12-28,14385.7,-0.223,
Italy,2020-12-29,14385.7,-0.223,
Italy,2020-12-30,14385.7,-0.223,
Italy,2020-12-31,14385.7,-0.223,
Italy,2021-01-01,14385.7,-0.223,
Italy,2021-01-02,14385.7,-0.223,
Italy,2021-01-03,14574.1,-0.217,
Italy,2021-01-04,14574.1,-0.217,
Italy,2021-01-05,14574.1,-0.217,
Italy,2021-01-06,14574.1,-0.217,
Italy,2021-01-07,14574.1,-0.217,
Italy,2021-01-08,14574.1,-0.217,
Italy,2021-01-09,14574.1,-0.217,
Italy,2021-01-10,16666.4,-0.15,
Italy,2021-01-11,16666.4,-0.15,
Italy,2021-01-12,16666.4,-0.15,
Italy,2021-01-13,16666.4,-0.15,
Italy,2021-01-14,16666.4,-0.15,
Italy,2021-01-15,16666.4,-0.15,
Italy,2021-01-16,16666.4,-0.15,
Italy,2021-01-17,15838.1,-0.176,
Italy,2021-01-18,15838.1,-0.176,
Italy,2021-01-19,15838.1,-0.176,
Italy,2021-01-20,15838.1,-0.176,
Italy,2021-01-21,15838.1,-0.176,
Italy,2021-01-22,15838.1,-0.176,
Italy,2021-01-23,15838.1,-0.176,
Italy,2021-01-24,12350.3,-0.289,
Italy,2021-01-25,12350.3,-0.289,
Italy,2021-01-26,12350.3,-0.289,
Italy,2021-01-27,12350.3,-0.289,
Italy,2021-01-28,12350.3,-0.289,
Italy,2021-01-29,12350.3,-0.289,
Italy,2021-01-30,12350.3,-0.289,
Italy,2021-01-31,12371.1,-0.289,
Italy,2021-02-01,12371.1,-0.289,
Italy,2021-02-02,12371.1,-0.289,
Italy,2021-02-03,12371.1,-0.289,
Italy,2021-02-04,12371.1,-0.289,
Italy,2021-02-05,12371.1,-0.289,
Italy,2021-02-06,12371.1,-0.289,
Italy,2021-02-07,11902.1,-0.304,
Italy,2021-02-08,11902.1,-0.304,
Italy,2021-02-09,11902.1,-0.304,
Italy,2021-02-10,11902.1,-0.304,
Italy,2021-02-11,11902.1,-0.304,
Italy,2021-02-12,11902.1,-0.304,
Italy,2021-02-13,11902.1,-0.304,
Italy,2021-02-14,12245.9,-0.293,
Italy,2021-02-15,12245.9,-0.293,
Italy,2021-02-16,12245.9,-0.293,
Italy,2021-02-17,12245.9,-0.293,
Italy,2021-02-18,12245.9,-0.293,
Italy,2021-02-19,12245.9,-0.293,
Italy,2021-02-20,12245.9,-0.293,
Italy,2021-02-21,12139.6,-0.296,
Italy,2021-02-22,12139.6,-0.296,
Italy,2021-02-23,12139.6,-0.296,
Italy,2021-02-24,12139.6,-0.296,
Italy,2021-02-25,12139.6,-0.296,
Italy,2021-02-26,12139.6,-0.296,
Italy,2021-02-27,12139.6,-0.296,
Italy,2021-02-28,16004.1,-0.171,
Italy,2021-03-01,16004.1,-0.171,
Italy,2021-03-02,16004.1,-0.171,
Italy,2021-03-03,16004.1,-0.171,
Italy,2021-03-04,16004.1,-0.171,
Italy,2021-03-05,16004.1,-0.171,
Italy,2021-03-06,16004.1,-0.171,
Italy,2021-03-07,19848.1,-0.046,
Italy,2021-03-08,19848.1,-0.046,
Italy,2021-03-09,19848.1,-0.046,
Italy,2021-03-10,19848.1,-0.046,
Italy,2021-03-11,19848.1,-0.046,
Italy,2021-03-12,19848.1,-0.046,
Italy,2021-03-13,19848.1,-0.046,
Italy,2021-03-14,22153.7,0.028,
Italy,2021-03-15,22153.7,0.028,
Italy,2021-03-16,22153.7,0.028,
Italy,2021-03-17,22153.7,0.028,
Italy,2021-03-18,22153.7,0.028,
Italy,2021-03-19,22153.7,0.028,
Italy,2021-03-20,22153.7,0.028,
Italy,2021-03-21,22070.4,0.026,
Italy,2021-03-22,22070.4,0.026,
Italy,2021-03-23,22070.4,0.026,
Italy,2021-03-24,22070.4,0.026,
Italy,2021-03-25,22070.4,0.026,
Italy,2021-03-26,22070.4,0.026,
Italy,2021-03-27,22070.4,0.026,
Italy,2021-03-28,22294.1,0.033,
Italy,2021-03-29,22294.1,0.033,
Italy,2021-03-30,22294.1,0.033,
Italy,2021-03-31,22294.1,0.033,
Italy,2021-04-01,22294.1,0.033,
Italy,2021-04-02,22294.1,0.033,
Italy,2021-04-03,22294.1,0.033,
Italy,2021-04-04,19693.9,-0.051,
Italy,2021-04-05,19693.9,-0.051,
Italy,2021-04-06,19693.9,-0.051,
Italy,2021-04-07,19693.9,-0.051,
Italy,2021-04-08,19693.9,-0.051,
Italy,2021-04-09,19693.9,-0.051,
Italy,2021-04-10,19693.9,-0.051,
Italy,2021-04-11,14832.9,-0.209,
Italy,2021-04-12,14832.9,-0.209,
Italy,2021-04-13,14832.9,-0.209,
Italy,2021-04-14,14832.9,-0.209,
Italy,2021-04-15,14832.9,-0.209,
Italy,2021-04-16,14832.9,-0.209,
Italy,2021-04-17,14832.9,-0.209,
Italy,2021-04-18,14766.6,-0.211,
Italy,2021-04-19,14766.6,-0.211,
Italy,2021-04-20,14766.6,-0.211,
Italy,2021-04-21,14766.6,-0.211,
Italy,2021-04-22,14766.6,-0.211,
Italy,2021-04-23,14766.6,-0.211,
Italy,2021-04-24,14766.6,-0.211,
Italy,2021-04-25,13153.4,-0.263,
Italy,2021-04-26,13153.4,-0.263,
Italy,2021-04-27,13153.4,-0.263,
Italy,2021-04-28,13153.4,-0.263,
Italy,2021-04-29,13153.4,-0.263,
Italy,2021-04-30,13153.4,-0.263,
Italy,2021-05-01,13153.4,-0.263,
Italy,2021-05-02,12300.0,-0.291,
Italy,2021-05-03,12300.0,-0.291,
Italy,2021-05-04,12300.0,-0.291,
Italy,2021-05-05,12300.0,-0.291,
Italy,2021-05-06,12300.0,-0.291,
Italy,2021-05-07,12300.0,-0.291,
Italy,2021-05-08,12300.0,-0.291,
Italy,2021-05-09,9614.9,-0.378,
Italy,2021-05-10,9614.9,-0.378,
Italy,2021-05-11,9614.9,-0.378,
Italy,2021-05-12,9614.9,-0.378,
Italy,2021-05-13,9614.9,-0.378,
Italy,2021-05-14,9614.9,-0.378,
Italy,2021-05-15,9614.9,-0.378,
Italy,2021-05-16,7207.6,-0.456,
Italy,2021-05-17,7207.6,-0.456,
Italy,2021-05-18,7207.6,-0.456,
Italy,2021-05-19,7207.6,-0.456,
Italy,2021-05-20,7207.6,-0.456,
Italy,2021-05-21,7207.6,-0.456,
Italy,2021-05-22,7207.6,-0.456,
Italy,2021-05-23,4973.7,-0.528,
Italy,2021-05-24,4973.7,-0.528,
Italy,2021-05-25,4973.7,-0.528,
Italy,2021-05-26,4973.7,-0.528,
Italy,2021-05-27,4973.7,-0.528,
Italy,2021-05-28,4973.7,-0.528,
Italy,2021-05-29,4973.7,-0.528,
Italy,2021-05-30,3552.1,-0.575,
Italy,2021-05-31,3552.1,-0.575,
Italy,2021-06-01,3552.1,-0.575,
Italy,2021-06-02,3552.1,-0.575,
Italy,2021-06-03,3552.1,-0.575,
Italy,2021-06-04,3552.1,-0.575,
Italy,2021-06-05,3552.1,-0.575,
Italy,2021-06-06,2442.6,-0.611,
Italy,2021-06-07,2442.6,-0.611,
Italy,2021-06-08,2442.6,-0.611,
Italy,2021-06-09,2442.6,-0.611,
Italy,2021-06-10,2442.6,-0.611,
Italy,2021-06-11,2442.6,-0.611,
Italy,2021-06-12,2442.6,-0.611,
Italy,2021-06-13,1904.1,-0.628,
Italy,2021-06-14,1904.1,-0.628,
Italy,2021-06-15,1904.1,-0.628,
Italy,2021-06-16,1904.1,-0.628,
Italy,2021-06-17,1904.1,-0.628,
Italy,2021-06-18,1904.1,-0.628,
Italy,2021-06-19,1904.1,-0.628,
Italy,2021-06-20,1230.4,-0.65,
Italy,2021-06-21,1230.4,-0.65,
Italy,2021-06-22,1230.4,-0.65,
Italy,2021-06-23,1230.4,-0.65,
Italy,2021-06-24,1230.4,-0.65,
Italy,2021-06-25,1230.4,-0.65,
Italy,2021-06-26,1230.4,-0.65,
Italy,2021-06-27,742.0,-0.666,
Italy,2021-06-28,742.0,-0.666,
Italy,2021-06-29,742.0,-0.666,
Italy,2021-06-30,742.0,-0.666,
Italy,2021-07-01,742.0,-0.666,
Italy,2021-07-02,742.0,-0.666,
Italy,2021-07-03,742.0,-0.666,
Italy,2021-07-04,746.0,-0.666,
Italy,2021-07-05,746.0,-0.666,
Italy,2021-07-06,746.0,-0.666,
Italy,2021-07-07,746.0,-0.666,
Italy,2021-07-08,746.0,-0.666,
Italy,2021-07-09,746.0,-0.666,
Italy,2021-07-10,746.0,-0.666,
Italy,2021-07-11,1053.4,-0.656,
Italy,2021-07-12,1053.4,-0.656,
Italy,2021-07-13,1053.4,-0.656,
Italy,2021-07-14,1053.4,-0.656,
Italy,2021-07-15,1053.4,-0.656,
Italy,2021-07-16,1053.4,-0.656,
Italy,2021-07-17,1053.4,-0.656,
Italy,2021-07-18,2063.9,-0.623,
Italy,2021-07-19,2063.9,-0.623,
Italy,2021-07-20,2063.9,-0.623,
Italy,2021-07-21,2063.9,-0.623,
Italy,2021-07-22,2063.9,-0.623,
Italy,2021-07-23,2063.9,-0.623,
Italy,2021-07-24,2063.9,-0.623,
Italy,2021-07-25,4048.7,-0.558,
Italy,2021-07-26,4048.7,-0.558,
Italy,2021-07-27,4048.7,-0.558,
Italy,2021-07-28,4048.7,-0.558,
Italy,2021-07-29,4048.7,-0.558,
Italy,2021-07-30,4048.7,-0.558,
Italy,2021-07-31,4048.7,-0.558,
Italy,2021-08-01,5336.4,-0.517,
Italy,2021-08-02,5336.4,-0.517,
Italy,2021-08-03,5336.4,-0.517,
Italy,2021-08-04,5336.4,-0.517,
Italy,2021-08-05,5336.4,-0.517,
Italy,2021-08-06,5336.4,-0.517,
Italy,2021-08-07,5336.4,-0.517,
Italy,2021-08-08,5808.0,-0.501,
Italy,2021-08-09,5808.0,-0.501,
Italy,2021-08-10,5808.0,-0.501,
Italy,2021-08-11,5808.0,-0.501,
Italy,2021-08-12,5808.0,-0.501,
Italy,2021-08-13,5808.0,-0.501,
Italy,2021-08-14,5808.0,-0.501,
Italy,2021-08-15,6332.0,-0.484,
Italy,2021-08-16,6332.0,-0.484,
Italy,2021-08-17,6332.0,-0.484,
Italy,2021-08-18,6332.0,-0.484,
Italy,2021-08-19,6332.0,-0.484,
Italy,2021-08-20,6332.0,-0.484,
Italy,2021-08-21,6332.0,-0.484,
Italy,2021-08-22,6240.4,-0.487,
Italy,2021-08-23,6240.4,-0.487,
Italy,2021-08-24,6240.4,-0.487,
Italy,2021-08-25,6240.4,-0.487,
Italy,2021-08-26,6240.4,-0.487,
Italy,2021-08-27,6240.4,-0.487,
Italy,2021-08-28,6240.4,-0.487,
Italy,2021-08-29,6514.4,-0.479,
Italy,2021-08-30,6514.4,-0.479,
Italy,2021-08-31,6514.4,-0.479,
Italy,2021-09-01,6514.4,-0.479,
Italy,2021-09-02,6514.4,-0.479,
Italy,2021-09-03,6514.4,-0.479,
Italy,2021-09-04,6514.4,-0.479,
Italy,2021-09-05,5976.3,-0.496,
Italy,2021-09-06,5976.3,-0.496,
Italy,2021-09-07,5976.3,-0.496,
Italy,2021-09-08,5976.3,-0.496,
Italy,2021-09-09,5976.3,-0.496,
Italy,2021-09-10,5976.3,-0.496,
Italy,2021-09-11,5976.3,-0.496,
Italy,2021-09-12,5089.0,-0.525,
Italy,2021-09-13,5089.0,-0.525,
Italy,2021-09-14,5089.0,-0.525,
Italy,2021-09-15,5089.0,-0.525,
Italy,2021-09-16,5089.0,-0.525,
Italy,2021-09-17,5089.0,-0.525,
Italy,2021-09-18,5089.0,-0.525,
Italy,2021-09-19,4360.9,-0.548,
Italy,2021-09-20,4360.9,-0.548,
Italy,2021-09-21,4360.9,-0.548,
Italy,2021-09-22,4360.9,-0.548,
Italy,2021-09-23,4360.9,-0.548,
Italy,2021-09-24,4360.9,-0.548,
Italy,2021-09-25,4360.9,-0.548,
Italy,2021-09-26,3562.9,-0.574,
Italy,2021-09-27,3562.9,-0.574,
Italy,2021-09-28,3562.9,-0.574,
Italy,2021-09-29,3562.9,-0.574,
Italy,2021-09-30,3562.9,-0.574,
Italy,2021-10-01,3562.9,-0.574,
Italy,2021-10-02,3562.9,-0.574,
Italy,2021-10-03,3121.7,-0.589,
Italy,2021-10-04,3121.7,-0.589,
Italy,2021-10-05,3121.7,-0.589,
Italy,2021-10-06,3121.7,-0.589,
Italy,2021-10-07,3121.7,-0.589,
Italy,2021-10-08,3121.7,-0.589,
Italy,2021-10-09,3121.7,-0.589,
Italy,2021-10-10,2710.1,-0.602,
Italy,2021-10-11,2710.1,-0.602,
Italy,2021-10-12,2710.1,-0.602,
Italy,2021-10-13,2710.1,-0.602,
Italy,2021-10-14,2710.1,-0.602,
Italy,2021-10-15,2710.1,-0.602,
Italy,2021-10-16,2710.1,-0.602,
Italy,2021-10-17,2489.4,-0.609,
Italy,2021-10-18,2489.4,-0.609,
Italy,2021-10-19,2489.4,-0.609,
Italy,2021-10-20,2489.4,-0.609,
Italy,2021-10-21,2489.4,-0.609,
Italy,2021-10-22,2489.4,-0.609,
Italy,2021-10-23,2489.4,-0.609,
Italy,2021-10-24,3142.6,-0.588,
Italy,2021-10-25,3142.6,-0.588,
Italy,2021-10-26,3142.6,-0.588,
Italy,2021-10-27,3142.6,-0.588,
Italy,2021-10-28,3142.6,-0.588,
Italy,2021-10-29,3142.6,-0.588,
Italy,2021-10-30,3142.6,-0.588,
Italy,2021-10-31,4282.6,-0.551,
Italy,2021-11-01,4282.6,-0.551,
Italy,2021-11-02,4282.6,-0.551,
Italy,2021-11-03,4282.6,-0.551,
Italy,2021-11-04,4282.6,-0.551,
Italy,2021-11-05,4282.6,-0.551,
Italy,2021-11-06,4282.6,-0.551,
Italy,2021-11-07,4969.3,-0.529,
Italy,2021-11-08,4969.3,-0.529,
Italy,2021-11-09,4969.3,-0.529,
Italy,2021-11-10,4969.3,-0.529,
Italy,2021-11-11,4969.3,-0.529,
Italy,2021-11-12,4969.3,-0.529,
Italy,2021-11-13,4969.3,-0.529,
Italy,2021-11-14,7181.6,-0.457,
Italy,2021-11-15,7181.6,-0.457,
Italy,2021-11-16,7181.6,-0.457,
Italy,2021-11-17,7181.6,-0.457,
Italy,2021-11-18,7181.6,-0.457,
Italy,2021-11-19,7181.6,-0.457,
Italy,2021-11-20,7181.6,-0.457,
Italy,2021-11-21,9069.3,-0.396,
Italy,2021-11-22,9069.3,-0.396,
Italy,2021-11-23,9069.3,-0.396,
Italy,2021-11-24,9069.3,-0.396,
Italy,2021-11-25,9069.3,-0.396,
Italy,2021-11-26,9069.3,-0.396,
Italy,2021-11-27,9069.3,-0.396,
Italy,2021-11-28,11272.9,-0.324,
Italy,2021-11-29,11272.9,-0.324,
Italy,2021-11-30,11272.9,-0.324,
Italy,2021-12-01,11272.9,-0.324,
Italy,2021-12-02,11272.9,-0.324,
Italy,2021-12-03,11272.9,-0.324,
Italy,2021-12-04,11272.9,-0.324,
Italy,2021-12-05,14168.7,-0.23,
Italy,2021-12-06,14168.7,-0.23,
Italy,2021-12-07,14168.7,-0.23,
Italy,2021-12-08,14168.7,-0.23,
Italy,2021-12-09,14168.7,-0.23,
Italy,2021-12-10,14168.7,-0.23,
Italy,2021-12-11,14168.7,-0.23,
Italy,2021-12-12,16033.3,-0.17,
Italy,2021-12-13,16033.3,-0.17,
Italy,2021-12-14,16033.3,-0.17,
Italy,2021-12-15,16033.3,-0.17,
Italy,2021-12-16,16033.3,-0.17,
Italy,2021-12-17,16033.3,-0.17,
Italy,2021-12-18,16033.3,-0.17,
Italy,2021-12-19,22649.6,0.044,
Italy,2021-12-20,22649.6,0.044,
Italy,2021-12-21,22649.6,0.044,
Italy,2021-12-22,22649.6,0.044,
Italy,2021-12-23,22649.6,0.044,
Italy,2021-12-24,22649.6,0.044,
Italy,2021-12-25,22649.6,0.044,
Italy,2021-12-26,36797.0,0.503,
Italy,2021-12-27,36797.0,0.503,
Italy,2021-12-28,36797.0,0.503,
Italy,2021-12-29,36797.0,0.503,
Italy,2021-12-30,36797.0,0.503,
Italy,2021-12-31,36797.0,0.503,
Italy,2022-01-01,36797.0,0.503,
Italy,2022-01-02,92086.3,2.295,Y
Italy,2022-01-03,92086.3,2.295,Y
Italy,2022-01-04,92086.3,2.295,Y
Italy,2022-01-05,92086.3,2.295,Y
Italy,2022-01-06,92086.3,2.295,Y
Italy,2022-01-07,92086.3,2.295,Y
Italy,2022-01-08,92086.3,2.295,Y
Italy,2022-01-09,144894.6,4.006,Y
Italy,2022-01-10,144894.6,4.006,Y
Italy,2022-01-11,144894.6,4.006,Y
Italy,2022-01-12,144894.6,4.006,Y
Italy,2022-01-13,144894.6,4.006,Y
Italy,2022-01-14,144894.6,4.006,Y
Italy,2022-01-15,144894.6,4.006,Y
Italy,2022-01-16,181164.7,5.182,Y
Italy,2022-01-17,181164.7,5.182,Y
Italy,2022-01-18,181164.7,5.182,Y
Italy,2022-01-19,181164.7,5.182,Y
Italy,2022-01-20,181164.7,5.182,Y
Italy,2022-01-21,181164.7,5.182,Y
Italy,2022-01-22,181164.7,5.182,Y
Italy,2022-01-23,175963.0,5.013,Y
Italy,2022-01-24,175963.0,5.013,Y
Italy,2022-01-25,175963.0,5.013,Y
Italy,2022-01-26,175963.0,5.013,Y
Italy,2022-01-27,175963.0,5.013,Y
Italy,2022-01-28,175963.0,5.013,Y
Italy,2022-01-29,175963.0,5.013,Y
Italy,2022-01-30,148597.7,4.126,Y
Italy,2022-01-31,148597.7,4.126,Y
Italy,2022-02-01,148597.7,4.126,Y
Italy,2022-02-02,148597.7,4.126,Y
Italy,2022-02-03,148597.7,4.126,Y
Italy,2022-02-04,148597.7,4.126,Y
Italy,2022-02-05,148597.7,4.126,Y
Italy,2022-02-06,103059.7,2.65,Y
Italy,2022-02-07,103059.7,2.65,Y
Italy,2022-02-08,103059.7,2.65,Y
Italy,2022-02-09,103059.7,2.65,Y
Italy,2022-02-10,103059.7,2.65,Y
Italy,2022-02-11,103059.7,2.65,Y
Italy,2022-02-12,103059.7,2.65,Y
Italy,2022-02-13,72933.9,1.674,
Italy,2022-02-14,72933.9,1.674,
Italy,2022-02-15,72933.9,1.674,
Italy,2022-02-16,72933.9,1.674,
Italy,2022-02-17,72933.9,1.674,
Italy,2022-02-18,72933.9,1.674,
Italy,2022-02-19,72933.9,1.674,
Italy,2022-02-20,53491.9,1.044,
Italy,2022-02-21,53491.9,1.044,
Italy,2022-02-22,53491.9,1.044,
Italy,2022-02-23,53491.9,1.044,
Italy,2022-02-24,53491.9,1.044,
Italy,2022-02-25,53491.9,1.044,
Italy,2022-02-26,53491.9,1.044,
Italy,2022-02-27,43558.1,0.722,
Italy,2022-02-28,43558.1,0.722,
Italy,2022-03-01,43558.1,0.722,
Italy,2022-03-02,43558.1,0.722,
Italy,2022-03-03,43558.1,0.722,
Italy,2022-03-04,43558.1,0.722,
Italy,2022-03-05,43558.1,0.722,
Italy,2022-03-06,36791.9,0.503,
Italy,2022-03-07,36791.9,0.503,
Italy,2022-03-08,36791.9,0.503,
Italy,2022-03-09,36791.9,0.503,
Italy,2022-03-10,36791.9,0.503,
Italy,2022-03-11,36791.9,0.503,
Italy,2022-03-12,36791.9,0.503,
Italy,2022-03-13,47557.9,0.852,
Italy,2022-03-14,47557.9,0.852,
Italy,2022-03-15,47557.9,0.852,
Italy,2022-03-16,47557.9,0.852,
Italy,2022-03-17,47557.9,0.852,
Italy,2022-03-18,47557.9,0.852,
Italy,2022-03-19,47557.9,0.852,
Italy,2022-03-20,68150.1,1.519,
Italy,2022-03-21,68150.1,1.519,
Italy,2022-03-22,68150.1,1.519,
Italy,2022-03-23,68150.1,1.519,
Italy,2022-03-24,68150.1,1.519,
Italy,2022-03-25,68150.1,1.519,
Italy,2022-03-26,68150.1,1.519,
Italy,2022-03-27,71990.3,1.643,
Italy,2022-03-28,71990.3,1.643,
Italy,2022-03-29,71990.3,1.643,
Italy,2022-03-30,71990.3,1.643,
Italy,2022-03-31,71990.3,1.643,
Italy,2022-04-01,71990.3,1.643,
Italy,2022-04-02,71990.3,1.643,
Italy,2022-04-03,69527.9,1.564,
Italy,2022-04-04,69527.9,1.564,
Italy,2022-04-05,69527.9,1.564,
Italy,2022-04-06,69527.9,1.564,
Italy,2022-04-07,69527.9,1.564,
Italy,2022-04-08,69527.9,1.564,
Italy,2022-04-09,69527.9,1.564,
Italy,2022-04-10,63903.1,1.381,
Italy,2022-04-11,63903.1,1.381,
Italy,2022-04-12,63903.1,1.381,
Italy,2022-04-13,63903.1,1.381,
Italy,2022-04-14,63903.1,1.381,
Italy,2022-04-15,63903.1,1.381,
Italy,2022-04-16,63903.1,1.381,
Italy,2022-04-17,60243.9,1.263,
Italy,2022-04-18,60243.9,1.263,
Italy,2022-04-19,60243.9,1.263,
Italy,2022-04-20,60243.9,1.263,
Italy,2022-04-21,60243.9,1.263,
Italy,2022-04-22,60243.9,1.263,
Italy,2022-04-23,60243.9,1.263,
Italy,2022-04-24,59910.6,1.252,
Italy,2022-04-25,59910.6,1.252,
Italy,2022-04-26,59910.6,1.252,
Italy,2022-04-27,59910.6,1.252,
Italy,2022-04-28,59910.6,1.252,
Italy,2022-04-29,59910.6,1.252,
Italy,2022-04-30,59910.6,1.252,
Italy,2022-05-01,54855.9,1.088,
Italy,2022-05-02,54855.9,1.088,
Italy,2022-05-03,54855.9,1.088,
Italy,2022-05-04,54855.9,1.088,
Italy,2022-05-05,54855.9,1.088,
Italy,2022-05-06,54855.9,1.088,
Italy,2022-05-07,54855.9,1.088,
Italy,2022-05-08,43510.4,0.72,
Italy,2022-05-09,43510.4,0.72,
Italy,2022-05-10,43510.4,0.72,
Italy,2022-05-11,43510.4,0.72,
Italy,2022-05-12,43510.4,0.72,
Italy,2022-05-13,43510.4,0.72,
Italy,2022-05-14,43510.4,0.72,
Italy,2022-05-15,37482.0,0.525,
Italy,2022-05-16,37482.0,0.525,
Italy,2022-05-17,37482.0,0.525,
Italy,2022-05-18,37482.0,0.525,
Italy,2022-05-19,37482.0,0.525,
Italy,2022-05-20,37482.0,0.525,
Italy,2022-05-21,37482.0,0.525,
Italy,2022-05-22,28445.1,0.232,
Italy,2022-05-23,28445.1,0.232,
Italy,2022-05-24,28445.1,0.232,
Italy,2022-05-25,28445.1,0.232,
Italy,2022-05-26,28445.1,0.232,
Italy,2022-05-27,28445.1,0.232,
Italy,2022-05-28,28445.1,0.232,
Italy,2022-05-29,20639.7,-0.021,
Italy,2022-05-30,20639.7,-0.021,
Italy,2022-05-31,20639.7,-0.021,
Italy,2022-06-01,20639.7,-0.021,
Italy,2022-06-02,20639.7,-0.021,
Italy,2022-06-03,20639.7,-0.021,
Italy,2022-06-04,20639.7,-0.021,
Italy,2022-06-05,16672.9,-0.149,
Italy,2022-06-06,16672.9,-0.149,
Italy,2022-06-07,16672.9,-0.149,
Italy,2022-06-08,16672.9,-0.149,
Italy,2022-06-09,16672.9,-0.149,
Italy,2022-06-10,16672.9,-0.149,
Italy,2022-06-11,16672.9,-0.149,
Italy,2022-06-12,20516.3,-0.025,
Italy,2022-06-13,20516.3,-0.025,
Italy,2022-06-14,20516.3,-0.025,
Italy,2022-06-15,20516.3,-0.025,
Italy,2022-06-16,20516.3,-0.025,
Italy,2022-06-17,20516.3,-0.025,
Italy,2022-06-18,20516.3,-0.025,
Italy,2022-06-19,30120.0,0.286,
Italy,2022-06-20,30120.0,0.286,
Italy,2022-06-21,30120.0,0.286,
Italy,2022-06-22,30120.0,0.286,
Italy,2022-06-23,30120.0,0.286,
Italy,2022-06-24,30120.0,0.286,
Italy,2022-06-25,30120.0,0.286,
Italy,2022-06-26,48573.1,0.885,
Italy,2022-06-27,48573.1,0.885,
Italy,2022-06-28,48573.1,0.885,
Italy,2022-06-29,48573.1,0.885,
Italy,2022-06-30,48573.1,0.885,
Italy,2022-07-01,48573.1,0.885,
Italy,2022-07-02,48573.1,0.885,
Italy,2022-07-03,73005.3,1.676,
Italy,2022-07-04,73005.3,1.676,
Italy,2022-07-05,73005.3,1.676,
Italy,2022-07-06,73005.3,1.676,
Italy,2022-07-07,73005.3,1.676,
Italy,2022-07-08,73005.3,1.676,
Italy,2022-07-09,73005.3,1.676,
Italy,2022-07-10,94569.1,2.375,Y
Italy,2022-07-11,94569.1,2.375,Y
Italy,2022-07-12,94569.1,2.375,Y
Italy,2022-07-13,94569.1,2.375,Y
Italy,2022-07-14,94569.1,2.375,Y
Italy,2022-07-15,94569.1,2.375,Y
Italy,2022-07-16,94569.1,2.375,Y
Italy,2022-07-17,102703.6,2.639,Y
Italy,2022-07-18,102703.6,2.639,Y
Italy,2022-07-19,102703.6,2.639,Y
Italy,2022-07-20,102703.6,2.639,Y
Italy,2022-07-21,102703.6,2.639,Y
Italy,2022-07-22,102703.6,2.639,Y
Italy,2022-07-23,102703.6,2.639,Y
Italy,2022-07-24,75903.9,1.77,
Italy,2022-07-25,75903.9,1.77,
Italy,2022-07-26,75903.9,1.77,
Italy,2022-07-27,75903.9,1.77,
Italy,2022-07-28,75903.9,1.77,
Italy,2022-07-29,75903.9,1.77,
Italy,2022-07-30,75903.9,1.77,
Italy,2022-07-31,56369.0,1.137,
Italy,2022-08-01,56369.0,1.137,
Italy,2022-08-02,56369.0,1.137,
Italy,2022-08-03,56369.0,1.137,
Italy,2022-08-04,56369.0,1.137,
Italy,2022-08-05,56369.0,1.137,
Italy,2022-08-06,56369.0,1.137,
Italy,2022-08-07,40571.1,0.625,
Italy,2022-08-08,40571.1,0.625,
Italy,2022-08-09,40571.1,0.625,
Italy,2022-08-10,40571.1,0.625,
Italy,2022-08-11,40571.1,0.625,
Italy,2022-08-12,40571.1,0.625,
Italy,2022-08-13,40571.1,0.625,
Italy,2022-08-14,27615.0,0.205,
Italy,2022-08-15,27615.0,0.205,
Italy,2022-08-16,27615.0,0.205,
Italy,2022-08-17,27615.0,0.205,
Italy,2022-08-18,27615.0,0.205,
Italy,2022-08-19,27615.0,0.205,
Italy,2022-08-20,27615.0,0.205,
Italy,2022-08-21,21560.3,0.009,
Italy,2022-08-22,21560.3,0.009,
Italy,2022-08-23,21560.3,0.009,
Italy,2022-08-24,21560.3,0.009,
Italy,2022-08-25,21560.3,0.009,
Italy,2022-08-26,21560.3,0.009,
Italy,2022-08-27,21560.3,0.009,
Italy,2022-08-28,22552.0,0.041,
Italy,2022-08-29,22552.0,0.041,
Italy,2022-08-30,22552.0,0.041,
Italy,2022-08-31,22552.0,0.041,
Italy,2022-09-01,22552.0,0.041,
Italy,2022-09-02,22552.0,0.041,
Italy,2022-09-03,22552.0,0.041,
Italy,2022-09-04,19458.7,-0.059,
Italy,2022-09-05,19458.7,-0.059,
Italy,2022-09-06,19458.7,-0.059,
Italy,2022-09-07,19458.7,-0.059,
Italy,2022-09-08,19458.7,-0.059,
Italy,2022-09-09,19458.7,-0.059,
Italy,2022-09-10,19458.7,-0.059,
Italy,2022-09-11,15806.3,-0.177,
Italy,2022-09-12,15806.3,-0.177,
Italy,2022-09-13,15806.3,-0.177,
Italy,2022-09-14,15806.3,-0.177,
Italy,2022-09-15,15806.3,-0.177,
Italy,2022-09-16,15806.3,-0.177,
Italy,2022-09-17,15806.3,-0.177,
Italy,2022-09-18,16174.0,-0.166,
Italy,2022-09-19,16174.0,-0.166,
Italy,2022-09-20,16174.0,-0.166,
Italy,2022-09-21,16174.0,-0.166,
Italy,2022-09-22,16174.0,-0.166,
Italy,2022-09-23,16174.0,-0.166,
Italy,2022-09-24,16174.0,-0.166,
Italy,2022-09-25,19411.0,-0.061,
Italy,2022-09-26,19411.0,-0.061,
Italy,2022-09-27,19411.0,-0.061,
Italy,2022-09-28,19411.0,-0.061,
Italy,2022-09-29,19411.0,-0.061,
Italy,2022-09-30,19411.0,-0.061,
Italy,2022-10-01,19411.0,-0.061,
Italy,2022-10-02,30790.6,0.308,
Italy,2022-10-03,30790.6,0.308,
Italy,2022-10-04,30790.6,0.308,
Italy,2022-10-05,30790.6,0.308,
Italy,2022-10-06,30790.6,0.308,
Italy,2022-10-07,30790.6,0.308,
Italy,2022-10-08,30790.6,0.308,
Italy,2022-10-09,40135.3,0.611,
Italy,2022-10-10,40135.3,0.611,
Italy,2022-10-11,40135.3,0.611,
Italy,2022-10-12,40135.3,0.611,
Italy,2022-10-13,40135.3,0.611,
Italy,2022-10-14,40135.3,0.611,
Italy,2022-10-15,40135.3,0.611,
Italy,2022-10-16,41207.4,0.646,
Italy,2022-10-17,41207.4,0.646,
Italy,2022-10-18,41207.4,0.646,
Italy,2022-10-19,41207.4,0.646,
Italy,2022-10-20,41207.4,0.646,
Italy,2022-10-21,41207.4,0.646,
Italy,2022-10-22,41207.4,0.646,
Italy,2022-10-23,36111.0,0.481,
Italy,2022-10-24,36111.0,0.481,
Italy,2022-10-25,36111.0,0.481,
Italy,2022-10-26,36111.0,0.481,
Italy,2022-10-27,36111.0,0.481,
Italy,2022-10-28,36111.0,0.481,
Italy,2022-10-29,36111.0,0.481,
Italy,2022-10-30,29785.9,0.276,
Italy,2022-10-31,29785.9,0.276,
Italy,2022-11-01,29785.9,0.276,
Italy,2022-11-02,29785.9,0.276,
Italy,2022-11-03,29785.9,0.276,
Italy,2022-11-04,29785.9,0.276,
Italy,2022-11-05,29785.9,0.276,
Italy,2022-11-06,23712.7,0.079,
Italy,2022-11-07,23712.7,0.079,
Italy,2022-11-08,23712.7,0.079,
Italy,2022-11-09,23712.7,0.079,
Italy,2022-11-10,23712.7,0.079,
Italy,2022-11-11,23712.7,0.079,
Italy,2022-11-12,23712.7,0.079,
Italy,2022-11-13,25883.0,0.149,
Italy,2022-11-14,25883.0,0.149,
Italy,2022-11-15,25883.0,0.149,
Italy,2022-11-16,25883.0,0.149,
Italy,2022-11-17,25883.0,0.149,
Italy,2022-11-18,25883.0,0.149,
Italy,2022-11-19,25883.0,0.149,
Italy,2022-11-20,31573.3,0.334,
Italy,2022-11-21,31573.3,0.334,
Italy,2022-11-22,31573.3,0.334,
Italy,2022-11-23,31573.3,0.334,
Italy,2022-11-24,31573.3,0.334,
Italy,2022-11-25,31573.3,0.334,
Italy,2022-11-26,31573.3,0.334,
Italy,2022-11-27,32636.9,0.368,
Italy,2022-11-28,32636.9,0.368,
Italy,2022-11-29,32636.9,0.368,
Italy,2022-11-30,32636.9,0.368,
Italy,2022-12-01,32636.9,0.368,
Italy,2022-12-02,32636.9,0.368,
Italy,2022-12-03,32636.9,0.368,
Italy,2022-12-04,32541.7,0.365,
Italy,2022-12-05,32541.7,0.365,
Italy,2022-12-06,32541.7,0.365,
Italy,2022-12-07,32541.7,0.365,
Italy,2022-12-08,32541.7,0.365,
Italy,2022-12-09,32541.7,0.365,
Italy,2022-12-10,32541.7,0.365,
Italy,2022-12-11,28347.6,0.229,
Italy,2022-12-12,28347.6,0.229,
Italy,2022-12-13,28347.6,0.229,
Italy,2022-12-14,28347.6,0.229,
Italy,2022-12-15,28347.6,0.229,
Italy,2022-12-16,28347.6,0.229,
Italy,2022-12-17,28347.6,0.229,
Italy,2022-12-18,24883.9,0.117,
Italy,2022-12-19,24883.9,0.117,
Italy,2022-12-20,24883.9,0.117,
Italy,2022-12-21,24883.9,0.117,
Italy,2022-12-22,24883.9,0.117,
Italy,2022-12-23,24883.9,0.117,
Italy,2022-12-24,24883.9,0.117,
Italy,2022-12-25,18918.1,-0.077,
Italy,2022-12-26,18918.1,-0.077,
Italy,2022-12-27,18918.1,-0.077,
Italy,2022-12-28,18918.1,-0.077,
Italy,2022-12-29,18918.1,-0.077,
Italy,2022-12-30,18918.1,-0.077,
Italy,2022-12-31,18918.1,-0.077,
Italy,2023-01-01,18904.0,-0.077,
Italy,2023-01-02,18904.0,-0.077,
Italy,2023-01-03,18904.0,-0.077,
Italy,2023-01-04,18904.0,-0.077,
Italy,2023-01-05,18904.0,-0.077,
Italy,2023-01-06,18904.0,-0.077,
Italy,2023-01-07,18904.0,-0.077,
Italy,2023-01-08,15473.1,-0.188,
Italy,2023-01-09,15473.1,-0.188,
Italy,2023-01-10,15473.1,-0.188,
Italy,2023-01-11,15473.1,-0.188,
Italy,2023-01-12,15473.1,-0.188,
Italy,2023-01-13,15473.1,-0.188,
Italy,2023-01-14,15473.1,-0.188,
Italy,2023-01-15,11392.1,-0.32,
Italy,2023-01-16,11392.1,-0.32,
Italy,2023-01-17,11392.1,-0.32,
Italy,2023-01-18,11392.1,-0.32,
Italy,2023-01-19,11392.1,-0.32,
Italy,2023-01-20,11392.1,-0.32,
Italy,2023-01-21,11392.1,-0.32,
Italy,2023-01-22,6741.4,-0.471,
Italy,2023-01-23,6741.4,-0.471,
Italy,2023-01-24,6741.4,-0.471,
Italy,2023-01-25,6741.4,-0.471,
Italy,2023-01-26,6741.4,-0.471,
Italy,2023-01-27,6741.4,-0.471,
Italy,2023-01-28,6741.4,-0.471,
Italy,2023-01-29,5246.0,-0.52,
Italy,2023-01-30,5246.0,-0.52,
Italy,2023-01-31,5246.0,-0.52,
Italy,2023-02-01,5246.0,-0.52,
Italy,2023-02-02,5246.0,-0.52,
Italy,2023-02-03,5246.0,-0.52,
Italy,2023-02-04,5246.0,-0.52,
Italy,2023-02-05,4678.7,-0.538,
Italy,2023-02-06,4678.7,-0.538,
Italy,2023-02-07,4678.7,-0.538,
Italy,2023-02-08,4678.7,-0.538,
Italy,2023-02-09,4678.7,-0.538,
Italy,2023-02-10,4678.7,-0.538,
Italy,2023-02-11,4678.7,-0.538,
Italy,2023-02-12,4183.7,-0.554,
Italy,2023-02-13,4183.7,-0.554,
Italy,2023-02-14,4183.7,-0.554,
Italy,2023-02-15,4183.7,-0.554,
Italy,2023-02-16,4183.7,-0.554,
Italy,2023-02-17,4183.7,-0.554,
Italy,2023-02-18,4183.7,-0.554,
Italy,2023-02-19,4163.7,-0.555,
Italy,2023-02-20,4163.7,-0.555,
Italy,2023-02-21,4163.7,-0.555,
Italy,2023-02-22,4163.7,-0.555,
Italy,2023-02-23,4163.7,-0.555,
Italy,2023-02-24,4163.7,-0.555,
Italy,2023-02-25,4163.7,-0.555,
Italy,2023-02-26,4168.1,-0.555,
Italy,2023-02-27,4168.1,-0.555,
Italy,2023-02-28,4168.1,-0.555,
Italy,2023-03-01,4168.1,-0.555,
Italy,2023-03-02,4168.1,-0.555,
Italy,2023-03-03,4168.1,-0.555,
Italy,2023-03-04,4168.1,-0.555,
Italy,2023-03-05,3590.4,-0.573,
Italy,2023-03-06,3590.4,-0.573,
Italy,2023-03-07,3590.4,-0.573,
Italy,2023-03-08,3590.4,-0.573,
Italy,2023-03-09,3590.4,-0.573,
Italy,2023-03-10,3590.4,-0.573,
Italy,2023-03-11,3590.4,-0.573,
Italy,2023-03-12,3449.9,-0.578,
Italy,2023-03-13,3449.9,-0.578,
Italy,2023-03-14,3449.9,-0.578,
Italy,2023-03-15,3449.9,-0.578,
Italy,2023-03-16,3449.9,-0.578,
Italy,2023-03-17,3449.9,-0.578,
Italy,2023-03-18,3449.9,-0.578,
Italy,2023-03-19,3291.6,-0.583,
Italy,2023-03-20,3291.6,-0.583,
Italy,2023-03-21,3291.6,-0.583,
Italy,2023-03-22,3291.6,-0.583,
Italy,2023-03-23,3291.6,-0.583,
Italy,2023-03-24,3291.6,-0.583,
Italy,2023-03-25,3291.6,-0.583,
Italy,2023-03-26,3237.9,-0.585,
Italy,2023-03-27,3237.9,-0.585,
Italy,2023-03-28,3237.9,-0.585,
Italy,2023-03-29,3237.9,-0.585,
Italy,2023-03-30,3237.9,-0.585,
Italy,2023-03-31,3237.9,-0.585,
Italy,2023-04-01,3237.9,-0.585,
Italy,2023-04-02,2999.9,-0.592,
Italy,2023-04-03,2999.9,-0.592,
Italy,2023-04-04,2999.9,-0.592,
Italy,2023-04-05,2999.9,-0.592,
Italy,2023-04-06,2999.9,-0.592,
Italy,2023-04-07,2999.9,-0.592,
Italy,2023-04-08,2999.9,-0.592,
Italy,2023-04-09,2843.9,-0.598,
Italy,2023-04-10,2843.9,-0.598,
Italy,2023-04-11,2843.9,-0.598,
Italy,2023-04-12,2843.9,-0.598,
Italy,2023-04-13,2843.9,-0.598,
Italy,2023-04-14,2843.9,-0.598,
Italy,2023-04-15,2843.9,-0.598,
Italy,2023-04-16,3535.1,-0.575,
Italy,2023-04-17,3535.1,-0.575,
Italy,2023-04-18,3535.1,-0.575,
Italy,2023-04-19,3535.1,-0.575,
Italy,2023-04-20,3535.1,-0.575,
Italy,2023-04-21,3535.1,-0.575,
Italy,2023-04-22,3535.1,-0.575,
Italy,2023-04-23,3808.4,-0.566,
Italy,2023-04-24,3808.4,-0.566,
Italy,2023-04-25,3808.4,-0.566,
Italy,2023-04-26,3808.4,-0.566,
Italy,2023-04-27,3808.4,-0.566,
Italy,2023-04-28,3808.4,-0.566,
Italy,2023-04-29,3808.4,-0.566,
Italy,2023-04-30,3292.9,-0.583,
Italy,2023-05-01,3292.9,-0.583,
Italy,2023-05-02,3292.9,-0.583,
Italy,2023-05-03,3292.9,-0.583,
Italy,2023-05-04,3292.9,-0.583,
Italy,2023-05-05,3292.9,-0.583,
Japan,2020-01-10,0.0,-0.585,
Japan,2020-01-11,0.0,-0.585,
Japan,2020-01-12,0.0,-0.585,
Japan,2020-01-13,0.0,-0.585,
Japan,2020-01-14,0.0,-0.585,
Japan,2020-01-15,0.0,-0.585,
Japan,2020-01-16,0.0,-0.585,
Japan,2020-01-17,0.0,-0.585,
Japan,2020-01-18,0.0,-0.585,
Japan,2020-01-19,0.1,-0.585,
Japan,2020-01-20,0.1,-0.585,
Japan,2020-01-21,0.1,-0.585,
Japan,2020-01-22,0.1,-0.585,
Japan,2020-01-23,0.1,-0.585,
Japan,2020-01-24,0.1,-0.585,
Japan,2020-01-25,0.1,-0.585,
Japan,2020-01-26,0.3,-0.585,
Japan,2020-01-27,0.3,-0.585,
Japan,2020-01-28,0.3,-0.585,
Japan,2020-01-29,0.3,-0.585,
Japan,2020-01-30,0.3,-0.585,
Japan,2020-01-31,0.3,-0.585,
Japan,2020-02-01,0.3,-0.585,
Japan,2020-02-02,1.7,-0.585,
Japan,2020-02-03,1.7,-0.585,
Japan,2020-02-04,1.7,-0.585,
Japan,2020-02-05,1.7,-0.585,
Japan,2020-02-06,1.7,-0.585,
Japan,2020-02-07,1.7,-0.585,
Japan,2020-02-08,1.7,-0.585,
Japan,2020-02-09,1.4,-0.585,
Japan,2020-02-10,1.4,-0.585,
Japan,2020-02-11,1.4,-0.585,
Japan,2020-02-12,1.4,-0.585,
Japan,2020-02-13,1.4,-0.585,
Japan,2020-02-14,1.4,-0.585,
Japan,2020-02-15,1.4,-0.585,
Japan,2020-02-16,3.9,-0.585,
Japan,2020-02-17,3.9,-0.585,
Japan,2020-02-18,3.9,-0.585,
Japan,2020-02-19,3.9,-0.585,
Japan,2020-02-20,3.9,-0.585,
Japan,2020-02-21,3.9,-0.585,
Japan,2020-02-22,3.9,-0.585,
Japan,2020-02-23,11.4,-0.585,
Japan,2020-02-24,11.4,-0.585,
Japan,2020-02-25,11.4,-0.585,
Japan,2020-02-26,11.4,-0.585,
Japan,2020-02-27,11.4,-0.585,
Japan,2020-02-28,11.4,-0.585,
Japan,2020-02-29,11.4,-0.585,
Japan,2020-03-01,15.3,-0.585,
Japan,2020-03-02,15.3,-0.585,
Japan,2020-03-03,15.3,-0.585,
Japan,2020-03-04,15.3,-0.585,
Japan,2020-03-05,15.3,-0.585,
Japan,2020-03-06,15.3,-0.585,
Japan,2020-03-07,15.3,-0.585,
Japan,2020-03-08,30.9,-0.584,
Japan,2020-03-09,30.9,-0.584,
Japan,2020-03-10,30.9,-0.584,
Japan,2020-03-11,30.9,-0.584,
Japan,2020-03-12,30.9,-0.584,
Japan,2020-03-13,30.9,-0.584,
Japan,2020-03-14,30.9,-0.584,
Japan,2020-03-15,46.4,-0.584,
Japan,2020-03-16,46.4,-0.584,
Japan,2020-03-17,46.4,-0.584,
Japan,2020-03-18,46.4,-0.584,
Japan,2020-03-19,46.4,-0.584,
Japan,2020-03-20,46.4,-0.584,
Japan,2020-03-21,46.4,-0.584,
Japan,2020-03-22,38.0,-0.584,
Japan,2020-03-23,38.0,-0.584,
Japan,2020-03-24,38.0,-0.584,
Japan,2020-03-25,38.0,-0.584,
Japan,2020-03-26,38.0,-0.584,
Japan,2020-03-27,38.0,-0.584,
Japan,2020-03-28,38.0,-0.584,
Japan,2020-03-29,92.4,-0.583,
Japan,2020-03-30,92.4,-0.583,
Japan,2020-03-31,92.4,-0.583,
Japan,2020-04-01,92.4,-0.583,
Japan,2020-04-02,92.4,-0.583,
Japan,2020-04-03,92.4,-0.583,
Japan,2020-04-04,92.4,-0.583,
Japan,2020-04-05,225.4,-0.58,
Japan,2020-04-06,225.4,-0.58,
Japan,2020-04-07,225.4,-0.58,
Japan,2020-04-08,225.4,-0.58,
Japan,2020-04-09,225.4,-0.58,
Japan,2020-04-10,225.4,-0.58,
Japan,2020-04-11,225.4,-0.58,
Japan,2020-04-12,496.7,-0.574,
Japan,2020-04-13,496.7,-0.574,
Japan,2020-04-14,496.7,-0.574,
Japan,2020-04-15,496.7,-0.574,
Japan,2020-04-16,496.7,-0.574,
Japan,2020-04-17,496.7,-0.574,
Japan,2020-04-18,496.7,-0.574,
Japan,2020-04-19,516.1,-0.574,
Japan,2020-04-20,516.1,-0.574,
Japan,2020-04-21,516.1,-0.574,
Japan,2020-04-22,516.1,-0.574,
Japan,2020-04-23,516.1,-0.574,
Japan,2020-04-24,516.1,-0.574,
Japan,2020-04-25,516.1,-0.574,
Japan,2020-04-26,403.0,-0.576,
Japan,2020-04-27,403.0,-0.576,
Japan,2020-04-28,403.0,-0.576,
Japan,2020-04-29,403.0,-0.576,
Japan,2020-04-30,403.0,-0.576,
Japan,2020-05-01,403.0,-0.576,
Japan,2020-05-02,403.0,-0.576,
Japan,2020-05-03,236.7,-0.58,
Japan,2020-05-04,236.7,-0.58,
Japan,2020-05-05,236.7,-0.58,
Japan,2020-05-06,236.7,-0.58,
Japan,2020-05-07,236.7,-0.58,
Japan,2020-05-08,236.7,-0.58,
Japan,2020-05-09,236.7,-0.58,
Japan,2020-05-10,129.7,-0.582,
Japan,2020-05-11,129.7,-0.582,
Japan,2020-05-12,129.7,-0.582,
Japan,2020-05-13,129.7,-0.582,
Japan,2020-05-14,129.7,-0.582,
Japan,2020-05-15,129.7,-0.582,
Japan,2020-05-16,129.7,-0.582,
Japan,2020-05-17,76.9,-0.583,
Japan,2020-05-18,76.9,-0.583,
Japan,2020-05-19,76.9,-0.583,
Japan,2020-05-20,76.9,-0.583,
Japan,2020-05-21,76.9,-0.583,
Japan,2020-05-22,76.9,-0.583,
Japan,2020-05-23,76.9,-0.583,
Japan,2020-05-24,37.9,-0.584,
Japan,2020-05-25,37.9,-0.584,
Japan,2020-05-26,37.9,-0.584,
Japan,2020-05-27,37.9,-0.584,
Japan,2020-05-28,37.9,-0.584,
Japan,2020-05-29,37.9,-0.584,
Japan,2020-05-30,37.9,-0.584,
Japan,2020-05-31,43.0,-0.584,
Japan,2020-06-01,43.0,-0.584,
Japan,2020-06-02,43.0,-0.584,
Japan,2020-06-03,43.0,-0.584,
Japan,2020-06-04,43.0,-0.584,
Japan,2020-06-05,43.0,-0.584,
Japan,2020-06-06,43.0,-0.584,
Japan,2020-06-07,41.4,-0.584,
Japan,2020-06-08,41.4,-0.584,
Japan,2020-06-09,41.4,-0.584,
Japan,2020-06-10,41.4,-0.584,
Japan,2020-06-11,41.4,-0.584,
Japan,2020-06-12,41.4,-0.584,
Japan,2020-06-13,41.4,-0.584,
Japan,2020-06-14,41.1,-0.584,
Japan,2020-06-15,41.1,-0.584,
Japan,2020-06-16,41.1,-0.584,
Japan,2020-06-17,41.1,-0.584,
Japan,2020-06-18,41.1,-0.584,
Japan,2020-06-19,41.1,-0.584,
Japan,2020-06-20,41.1,-0.584,
Japan,2020-06-21,62.1,-0.584,
Japan,2020-06-22,62.1,-0.584,
Japan,2020-06-23,62.1,-0.584,
Japan,2020-06-24,62.1,-0.584,
Japan,2020-06-25,62.1,-0.584,
Japan,2020-06-26,62.1,-0.584,
Japan,2020-06-27,62.1,-0.584,
Japan,2020-06-28,75.1,-0.583,
Japan,2020-06-29,75.1,-0.583,
Japan,2020-06-30,75.1,-0.583,
Japan,2020-07-01,75.1,-0.583,
Japan,2020-07-02,75.1,-0.583,
Japan,2020-07-03,75.1,-0.583,
Japan,2020-07-04,75.1,-0.583,
Japan,2020-07-05,161.7,-0.581,
Japan,2020-07-06,161.7,-0.581,
Japan,2020-07-07,161.7,-0.581,
Japan,2020-07-08,161.7,-0.581,
Japan,2020-07-09,161.7,-0.581,
Japan,2020-07-10,161.7,-0.581,
Japan,2020-07-11,161.7,-0.581,
Japan,2020-07-12,282.9,-0.579,
Japan,2020-07-13,282.9,-0.579,
Japan,2020-07-14,282.9,-0.579,
Japan,2020-07-15,282.9,-0.579,
Japan,2020-07-16,282.9,-0.579,
Japan,2020-07-17,282.9,-0.579,
Japan,2020-07-18,282.9,-0.579,
Japan,2020-07-19,448.6,-0.575,
Japan,2020-07-20,448.6,-0.575,
Japan,2020-07-21,448.6,-0.575,
Japan,2020-07-22,448.6,-0.575,
Japan,2020-07-23,448.6,-0.575,
Japan,2020-07-24,448.6,-0.575,
Japan,2020-07-25,448.6,-0.575,
Japan,2020-07-26,677.1,-0.571,
Japan,2020-07-27,677.1,-0.571,
Japan,2020-07-28,677.1,-0.571,
Japan,2020-07-29,677.1,-0.571,
Japan,2020-07-30,677.1,-0.571,
Japan,2020-07-31,677.1,-0.571,
Japan,2020-08-01,677.1,-0.571,
Japan,2020-08-02,1043.9,-0.563,
Japan,2020-08-03,1043.9,-0.563,
Japan,2020-08-04,1043.9,-0.563,
Japan,2020-08-05,1043.9,-0.563,
Japan,2020-08-06,1043.9,-0.563,
Japan,2020-08-07,1043.9,-0.563,
Japan,2020-08-08,1043.9,-0.563,
Japan,2020-08-09,1442.0,-0.555,
Japan,2020-08-10,1442.0,-0.555,
Japan,2020-08-11,1442.0,-0.555,
Japan,2020-08-12,1442.0,-0.555,
Japan,2020-08-13,1442.0,-0.555,
Japan,2020-08-14,1442.0,-0.555,
Japan,2020-08-15,1442.0,-0.555,
Japan,2020-08-16,1133.0,-0.561,
Japan,2020-08-17,1133.0,-0.561,
Japan,2020-08-18,1133.0,-0.561,
Japan,2020-08-19,1133.0,-0.561,
Japan,2020-08-20,1133.0,-0.561,
Japan,2020-08-21,1133.0,-0.561,
Japan,2020-08-22,1133.0,-0.561,
Japan,2020-08-23,1004.7,-0.564,
Japan,2020-08-24,1004.7,-0.564,
Japan,2020-08-25,1004.7,-0.564,
Japan,2020-08-26,1004.7,-0.564,
Japan,2020-08-27,1004.7,-0.564,
Japan,2020-08-28,1004.7,-0.564,
Japan,2020-08-29,1004.7,-0.564,
Japan,2020-08-30,788.1,-0.568,
Japan,2020-08-31,788.1,-0.568,
Japan,2020-09-01,788.1,-0.568,
Japan,2020-09-02,788.1,-0.568,
Japan,2020-09-03,788.1,-0.568,
Japan,2020-09-04,788.1,-0.568,
Japan,2020-09-05,788.1,-0.568,
Japan,2020-09-06,593.6,-0.572,
Japan,2020-09-07,593.6,-0.572,
Japan,2020-09-08,593.6,-0.572,
Japan,2020-09-09,593.6,-0.572,
Japan,2020-09-10,593.6,-0.572,
Japan,2020-09-11,593.6,-0.572,
Japan,2020-09-12,593.6,-0.572,
Japan,2020-09-13,542.7,-0.573,
Japan,2020-09-14,542.7,-0.573,
Japan,2020-09-15,542.7,-0.573,
Japan,2020-09-16,542.7,-0.573,
Japan,2020-09-17,542.7,-0.573,
Japan,2020-09-18,542.7,-0.573,
Japan,2020-09-19,542.7,-0.573,
Japan,2020-09-20,491.3,-0.575,
Japan,2020-09-21,491.3,-0.575,
Japan,2020-09-22,491.3,-0.575,
Japan,2020-09-23,491.3,-0.575,
Japan,2020-09-24,491.3,-0.575,
Japan,2020-09-25,491.3,-0.575,
Japan,2020-09-26,491.3,-0.575,
Japan,2020-09-27,433.3,-0.576,
Japan,2020-09-28,433.3,-0.576,
Japan,2020-09-29,433.3,-0.576,
Japan,2020-09-30,433.3,-0.576,
Japan,2020-10-01,433.3,-0.576,
Japan,2020-10-02,433.3,-0.576,
Japan,2020-10-03,433.3,-0.576,
Japan,2020-10-04,521.3,-0.574,
Japan,2020-10-05,521.3,-0.574,
Japan,2020-10-06,521.3,-0.574,
Japan,2020-10-07,521.3,-0.574,
Japan,2020-10-08,521.3,-0.574,
Japan,2020-10-09,521.3,-0.574,
Japan,2020-10-10,521.3,-0.574,
Japan,2020-10-11,510.4,-0.574,
Japan,2020-10-12,510.4,-0.574,
Japan,2020-10-13,510.4,-0.574,
Japan,2020-10-14,510.4,-0.574,
Japan,2020-10-15,510.4,-0.574,
Japan,2020-10-16,510.4,-0.574,
Japan,2020-10-17,510.4,-0.574,
Japan,2020-10-18,534.9,-0.574,
Japan,2020-10-19,534.9,-0.574,
Japan,2020-10-20,534.9,-0.574,
Japan,2020-10-21,534.9,-0.574,
Japan,2020-10-22,534.9,-0.574,
Japan,2020-10-23,534.9,-0.574,
Japan,2020-10-24,534.9,-0.574,
Japan,2020-10-25,554.0,-0.573,
Japan,2020-10-26,554.0,-0.573,
Japan,2020-10-27,554.0,-0.573,
Japan,2020-10-28,554.0,-0.573,
Japan,2020-10-29,554.0,-0.573,
Japan,2020-10-30,554.0,-0.573,
Japan,2020-10-31,554.0,-0.573,
Japan,2020-11-01,658.9,-0.571,
Japan,2020-11-02,658.9,-0.571,
Japan,2020-11-03,658.9,-0.571,
Japan,2020-11-04,658.9,-0.571,
Japan,2020-11-05,658.9,-0.571,
Japan,2020-11-06,658.9,-0.571,
Japan,2020-11-07,658.9,-0.571,
Japan,2020-11-08,848.6,-0.567,
Japan,2020-11-09,848.6,-0.567,
Japan,2020-11-10,848.6,-0.567,
Japan,2020-11-11,848.6,-0.567,
Japan,2020-11-12,848.6,-0.567,
Japan,2020-11-13,848.6,-0.567,
Japan,2020-11-14,848.6,-0.567,
Japan,2020-11-15,1370.1,-0.556,
Japan,2020-11-16,1370.1,-0.556,
Japan,2020-11-17,1370.1,-0.556,
Japan,2020-11-18,1370.1,-0.556,
Japan,2020-11-19,1370.1,-0.556,
Japan,2020-11-20,1370.1,-0.556,
Japan,2020-11-21,1370.1,-0.556,
Japan,2020-11-22,1928.9,-0.544,
Japan,2020-11-23,1928.9,-0.544,
Japan,2020-11-24,1928.9,-0.544,
Japan,2020-11-25,1928.9,-0.544,
Japan,2020-11-26,1928.9,-0.544,
Japan,2020-11-27,1928.9,-0.544,
Japan,2020-11-28,1928.9,-0.544,
Japan,2020-11-29,2067.7,-0.541,
Japan,2020-11-30,2067.7,-0.541,
Japan,2020-12-01,2067.7,-0.541,
Japan,2020-12-02,2067.7,-0.541,
Japan,2020-12-03,2067.7,-0.541,
Japan,2020-12-04,2067.7,-0.541,
Japan,2020-12-05,2067.7,-0.541,
Japan,2020-12-06,2206.4,-0.538,
Japan,2020-12-07,2206.4,-0.538,
Japan,2020-12-08,2206.4,-0.538,
Japan,2020-12-09,2206.4,-0.538,
Japan,2020-12-10,2206.4,-0.538,
Japan,2020-12-11,2206.4,-0.538,
Japan,2020-12-12,2206.4,-0.538,
Japan,2020-12-13,2455.6,-0.533,
Japan,2020-12-14,2455.6,-0.533,
Japan,2020-12-15,2455.6,-0.533,
Japan,2020-12-16,2455.6,-0.533,
Japan,2020-12-17,2455.6,-0.533,
Japan,2020-12-18,2455.6,-0.533,
Japan,2020-12-19,2455.6,-0.533,
Japan,2020-12-20,2656.1,-0.529,
Japan,2020-12-21,2656.1,-0.529,
Japan,2020-12-22,2656.1,-0.529,
Japan,2020-12-23,2656.1,-0.529,
Japan,2020-12-24,2656.1,-0.529,
Japan,2020-12-25,2656.1,-0.529,
Japan,2020-12-26,2656.1,-0.529,
Japan,2020-12-27,3061.7,-0.52,
Japan,2020-12-28,3061.7,-0.52,
Japan,2020-12-29,3061.7,-0.52,
Japan,2020-12-30,3061.7,-0.52,
Japan,2020-12-31,3061.7,-0.52,
Japan,2021-01-01,3061.7,-0.52,
Japan,2021-01-02,3061.7,-0.52,
Japan,2021-01-03,3790.7,-0.505,
Japan,2021-01-04,3790.7,-0.505,
Japan,2021-01-05,3790.7,-0.505,
Japan,2021-01-06,3790.7,-0.505,
Japan,2021-01-07,3790.7,-0.505,
Japan,2021-01-08,3790.7,-0.505,
Japan,2021-01-09,3790.7,-0.505,
Japan,2021-01-10,6129.3,-0.456,
Japan,2021-01-11,6129.3,-0.456,
Japan,2021-01-12,6129.3,-0.456,
Japan,2021-01-13,6129.3,-0.456,
Japan,2021-01-14,6129.3,-0.456,
Japan,2021-01-15,6129.3,-0.456,
Japan,2021-01-16,6129.3,-0.456,
Japan,2021-01-17,5934.6,-0.46,
Japan,2021-01-18,5934.6,-0.46,
Japan,2021-01-19,5934.6,-0.46,
Japan,2021-01-20,5934.6,-0.46,
Japan,2021-01-21,5934.6,-0.46,
Japan,2021-01-22,5934.6,-0.46,
Japan,2021-01-23,5934.6,-0.46,
Japan,2021-01-24,5217.0,-0.475,
Japan,2021-01-25,5217.0,-0.475,
Japan,2021-01-26,5217.0,-0.475,
Japan,2021-01-27,5217.0,-0.475,
Japan,2021-01-28,5217.0,-0.475,
Japan,2021-01-29,5217.0,-0.475,
Japan,2021-01-30,5217.0,-0.475,
Japan,2021-01-31,3529.3,-0.511,
Japan,2021-02-01,3529.3,-0.511,
Japan,2021-02-02,3529.3,-0.511,
Japan,2021-02-03,3529.3,-0.511,
Japan,2021-02-04,3529.3,-0.511,
Japan,2021-02-05,3529.3,-0.511,
Japan,2021-02-06,3529.3,-0.511,
Japan,2021-02-07,2210.3,-0.538,
Japan,2021-02-08,2210.3,-0.538,
Japan,2021-02-09,2210.3,-0.538,
Japan,2021-02-10,2210.3,-0.538,
Japan,2021-02-11,2210.3,-0.538,
Japan,2021-02-12,2210.3,-0.538,
Japan,2021-02-13,2210.3,-0.538,
Japan,2021-02-14,1541.7,-0.552,
Japan,2021-02-15,1541.7,-0.552,
Japan,2021-02-16,1541.7,-0.552,
Japan,2021-02-17,1541.7,-0.552,
Japan,2021-02-18,1541.7,-0.552,
Japan,2021-02-19,1541.7,-0.552,
Japan,2021-02-20,1541.7,-0.552,
Japan,2021-02-21,1402.1,-0.555,
Japan,2021-02-22,1402.1,-0.555,
Japan,2021-02-23,1402.1,-0.555,
Japan,2021-02-24,1402.1,-0.555,
Japan,2021-02-25,1402.1,-0.555,
Japan,2021-02-26,1402.1,-0.555,
Japan,2021-02-27,1402.1,-0.555,
Japan,2021-02-28,1025.1,-0.563,
Japan,2021-03-01,1025.1,-0.563,
Japan,2021-03-02,1025.1,-0.563,
Japan,2021-03-03,1025.1,-0.563,
Japan,2021-03-04,1025.1,-0.563,
Japan,2021-03-05,1025.1,-0.563,
Japan,2021-03-06,1025.1,-0.563,
Japan,2021-03-07,1031.3,-0.563,
Japan,2021-03-08,1031.3,-0.563,
Japan,2021-03-09,1031.3,-0.563,
Japan,2021-03-10,1031.3,-0.563,
Japan,2021-03-11,1031.3,-0.563,
Japan,2021-03-12,1031.3,-0.563,
Japan,2021-03-13,1031.3,-0.563,
Japan,2021-03-14,1130.6,-0.561,
Japan,2021-03-15,1130.6,-0.561,
Japan,2021-03-16,1130.6,-0.561,
Japan,2021-03-17,1130.6,-0.561,
Japan,2021-03-18,1130.6,-0.561,
Japan,2021-03-19,1130.6,-0.561,
Japan,2021-03-20,1130.6,-0.561,
Japan,2021-03-21,1267.9,-0.558,
Japan,2021-03-22,1267.9,-0.558,
Japan,2021-03-23,1267.9,-0.558,
Japan,2021-03-24,1267.9,-0.558,
Japan,2021-03-25,1267.9,-0.558,
Japan,2021-03-26,1267.9,-0.558,
Japan,2021-03-27,1267.9,-0.558,
Japan,2021-03-28,1690.4,-0.549,
Japan,2021-03-29,1690.4,-0.549,
Japan,2021-03-30,1690.4,-0.549,
Japan,2021-03-31,1690.4,-0.549,
Japan,2021-04-01,1690.4,-0.549,
Japan,2021-04-02,1690.4,-0.549,
Japan,2021-04-03,1690.4,-0.549,
Japan,2021-04-04,2387.3,-0.535,
Japan,2021-04-05,2387.3,-0.535,
Japan,2021-04-06,2387.3,-0.535,
Japan,2021-04-07,2387.3,-0.535,
Japan,2021-04-08,2387.3,-0.535,
Japan,2021-04-09,2387.3,-0.535,
Japan,2021-04-10,2387.3,-0.535,
Japan,2021-04-11,2994.4,-0.522,
Japan,2021-04-12,2994.4,-0.522,
Japan,2021-04-13,2994.4,-0.522,
Japan,2021-04-14,2994.4,-0.522,
Japan,2021-04-15,2994.4,-0.522,
Japan,2021-04-16,2994.4,-0.522,
Japan,2021-04-17,2994.4,-0.522,
Japan,2021-04-18,3966.6,-0.501,
Japan,2021-04-19,3966.6,-0.501,
Japan,2021-04-20,3966.6,-0.501,
Japan,2021-04-21,3966.6,-0.501,
Japan,2021-04-22,3966.6,-0.501,
Japan,2021-04-23,3966.6,-0.501,
Japan,2021-04-24,3966.6,-0.501,
Japan,2021-04-25,4687.3,-0.486,
Japan,2021-04-26,4687.3,-0.486,
Japan,2021-04-27,4687.3,-0.486,
Japan,2021-04-28,4687.3,-0.486,
Japan,2021-04-29,4687.3,-0.486,
Japan,2021-04-30,4687.3,-0.486,
Japan,2021-05-01,4687.3,-0.486,
Japan,2021-05-02,5142.7,-0.477,
Japan,2021-05-03,5142.7,-0.477,
Japan,2021-05-04,5142.7,-0.477,
Japan,2021-05-05,5142.7,-0.477,
Japan,2021-05-06,5142.7,-0.477,
Japan,2021-05-07,5142.7,-0.477,
Japan,2021-05-08,5142.7,-0.477,
Japan,2021-05-09,5311.7,-0.473,
Japan,2021-05-10,5311.7,-0.473,
Japan,2021-05-11,5311.7,-0.473,
Japan,2021-05-12,5311.7,-0.473,
Japan,2021-05-13,5311.7,-0.473,
Japan,2021-05-14,5311.7,-0.473,
Japan,2021-05-15,5311.7,-0.473,
Japan,2021-05-16,6161.6,-0.455,
Japan,2021-05-17,6161.6,-0.455,
Japan,2021-05-18,6161.6,-0.455,
Japan,2021-05-19,6161.6,-0.455,
Japan,2021-05-20,6161.6,-0.455,
Japan,2021-05-21,6161.6,-0.455,
Japan,2021-05-22,6161.6,-0.455,
Japan,2021-05-23,5098.4,-0.478,
Japan,2021-05-24,5098.4,-0.478,
Japan,2021-05-25,5098.4,-0.478,
Japan,2021-05-26,5098.4,-0.478,
Japan,2021-05-27,5098.4,-0.478,
Japan,2021-05-28,5098.4,-0.478,
Japan,2021-05-29,5098.4,-0.478,
Japan,2021-05-30,3660.4,-0.508,
Japan,2021-05-31,3660.4,-0.508,
Japan,2021-06-01,3660.4,-0.508,
Japan,2021-06-02,3660.4,-0.508,
Japan,2021-06-03,3660.4,-0.508,
Japan,2021-06-04,3660.4,-0.508,
Japan,2021-06-05,3660.4,-0.508,
Japan,2021-06-06,2559.1,-0.531,
Japan,2021-06-07,2559.1,-0.531,
Japan,2021-06-08,2559.1,-0.531,
Japan,2021-06-09,2559.1,-0.531,
Japan,2021-06-10,2559.1,-0.531,
Japan,2021-06-11,2559.1,-0.531,
Japan,2021-06-12,2559.1,-0.531,
Japan,2021-06-13,1832.9,-0.546,
Japan,2021-06-14,1832.9,-0.546,
Japan,2021-06-15,1832.9,-0.546,
Japan,2021-06-16,1832.9,-0.546,
Japan,2021-06-17,1832.9,-0.546,
Japan,2021-06-18,1832.9,-0.546,
Japan,2021-06-19,1832.9,-0.546,
Japan,2021-06-20,1436.6,-0.555,
Japan,2021-06-21,1436.6,-0.555,
Japan,2021-06-22,1436.6,-0.555,
Japan,2021-06-23,1436.6,-0.555,
Japan,2021-06-24,1436.6,-0.555,
Japan,2021-06-25,1436.6,-0.555,
Japan,2021-06-26,1436.6,-0.555,
Japan,2021-06-27,1495.6,-0.553,
Japan,2021-06-28,1495.6,-0.553,
Japan,2021-06-29,1495.6,-0.553,
Japan,2021-06-30,1495.6,-0.553,
Japan,2021-07-01,1495.6,-0.553,
Japan,2021-07-02,1495.6,-0.553,
Japan,2021-07-03,1495.6,-0.553,
Japan,2021-07-04,1582.6,-0.552,
Japan,2021-07-05,1582.6,-0.552,
Japan,2021-07-06,1582.6,-0.552,
Japan,2021-07-07,1582.6,-0.552,
Japan,2021-07-08,1582.6,-0.552,
Japan,2021-07-09,1582.6,-0.552,
Japan,2021-07-10,1582.6,-0.552,
Japan,2021-07-11,1983.0,-0.543,
Japan,2021-07-12,1983.0,-0.543,
Japan,2021-07-13,1983.0,-0.543,
Japan,2021-07-14,1983.0,-0.543,
Japan,2021-07-15,1983.0,-0.543,
Japan,2021-07-16,1983.0,-0.543,
Japan,2021-07-17,1983.0,-0.543,
Japan,2021-07-18,2974.6,-0.522,
Japan,2021-07-19,2974.6,-0.522,
Japan,2021-07-20,2974.6,-0.522,
Japan,2021-07-21,2974.6,-0.522,
Japan,2021-07-22,2974.6,-0.522,
Japan,2021-07-23,2974.6,-0.522,
Japan,2021-07-24,2974.6,-0.522,
Japan,2021-07-25,4129.7,-0.498,
Japan,2021-07-26,4129.7,-0.498,
Japan,2021-07-27,4129.7,-0.498,
Japan,2021-07-28,4129.7,-0.498,
Japan,2021-07-29,4129.7,-0.498,
Japan,2021-07-30,4129.7,-0.498,
Japan,2021-07-31,4129.7,-0.498,
Japan,2021-08-01,9348.7,-0.388,
Japan,2021-08-02,9348.7,-0.388,
Japan,2021-08-03,9348.7,-0.388,
Japan,2021-08-04,9348.7,-0.388,
Japan,2021-08-05,9348.7,-0.388,
Japan,2021-08-06,9348.7,-0.388,
Japan,2021-08-07,9348.7,-0.388,
Japan,2021-08-08,13630.0,-0.298,
Japan,2021-08-09,13630.0,-0.298,
Japan,2021-08-10,13630.0,-0.298,
Japan,2021-08-11,13630.0,-0.298,
Japan,2021-08-12,13630.0,-0.298,
Japan,2021-08-13,13630.0,-0.298,
Japan,2021-08-14,13630.0,-0.298,
Japan,2021-08-15,16178.6,-0.245,
Japan,2021-08-16,16178.6,-0.245,
Japan,2021-08-17,16178.6,-0.245,
Japan,2021-08-18,16178.6,-0.245,
Japan,2021-08-19,16178.6,-0.245,
Japan,2021-08-20,16178.6,-0.245,
Japan,2021-08-21,16178.6,-0.245,
Japan,2021-08-22,22258.1,-0.117,
Japan,2021-08-23,22258.1,-0.117,
Japan,2021-08-24,22258.1,-0.117,
Japan,2021-08-25,22258.1,-0.117,
Japan,2021-08-26,22258.1,-0.117,
Japan,2021-08-27,22258.1,-0.117,
Japan,2021-08-28,22258.1,-0.117,
Japan,2021-08-29,22001.6,-0.122,
Japan,2021-08-30,22001.6,-0.122,
Japan,2021-08-31,22001.6,-0.122,
Japan,2021-09-01,22001.6,-0.122,
Japan,2021-09-02,22001.6,-0.122,
Japan,2021-09-03,22001.6,-0.122,
Japan,2021-09-04,22001.6,-0.122,
Japan,2021-09-05,16715.4,-0.233,
Japan,2021-09-06,16715.4,-0.233,
Japan,2021-09-07,16715.4,-0.233,
Japan,2021-09-08,16715.4,-0.233,
Japan,2021-09-09,16715.4,-0.233,
Japan,2021-09-10,16715.4,-0.233,
Japan,2021-09-11,16715.4,-0.233,
Japan,2021-09-12,9739.0,-0.38,
Japan,2021-09-13,9739.0,-0.38,
Japan,2021-09-14,9739.0,-0.38,
Japan,2021-09-15,9739.0,-0.38,
Japan,2021-09-16,9739.0,-0.38,
Japan,2021-09-17,9739.0,-0.38,
Japan,2021-09-18,9739.0,-0.38,
Japan,2021-09-19,5309.4,-0.473,
Japan,2021-09-20,5309.4,-0.473,
Japan,2021-09-21,5309.4,-0.473,
Japan,2021-09-22,5309.4,-0.473,
Japan,2021-09-23,5309.4,-0.473,
Japan,2021-09-24,5309.4,-0.473,
Japan,2021-09-25,5309.4,-0.473,
Japan,2021-09-26,2566.3,-0.531,
Japan,2021-09-27,2566.3,-0.531,
Japan,2021-09-28,2566.3,-0.531,
Japan,2021-09-29,2566.3,-0.531,
Japan,2021-09-30,2566.3,-0.531,
Japan,2021-10-01,2566.3,-0.531,
Japan,2021-10-02,2566.3,-0.531,
Japan,2021-10-03,1481.6,-0.554,
Japan,2021-10-04,1481.6,-0.554,
Japan,2021-10-05,1481.6,-0.554,
Japan,2021-10-06,1481.6,-0.554,
Japan,2021-10-07,1481.6,-0.554,
Japan,2021-10-08,1481.6,-0.554,
Japan,2021-10-09,1481.6,-0.554,
Japan,2021-10-10,846.7,-0.567,
Japan,2021-10-11,846.7,-0.567,
Japan,2021-10-12,846.7,-0.567,
Japan,2021-10-13,846.7,-0.567,
Japan,2021-10-14,846.7,-0.567,
Japan,2021-10-15,846.7,-0.567,
Japan,2021-10-16,846.7,-0.567,
Japan,2021-10-17,535.3,-0.574,
Japan,2021-10-18,535.3,-0.574,
Japan,2021-10-19,535.3,-0.574,
Japan,2021-10-20,535.3,-0.574,
Japan,2021-10-21,535.3,-0.574,
Japan,2021-10-22,535.3,-0.574,
Japan,2021-10-23,535.3,-0.574,
Japan,2021-10-24,316.9,-0.578,
Japan,2021-10-25,316.9,-0.578,
Japan,2021-10-26,316.9,-0.578,
Japan,2021-10-27,316.9,-0.578,
Japan,2021-10-28,316.9,-0.578,
Japan,2021-10-29,316.9,-0.578,
Japan,2021-10-30,316.9,-0.578,
Japan,2021-10-31,846.6,-0.567,
Japan,2021-11-01,846.6,-0.567,
Japan,2021-11-02,846.6,-0.567,
Japan,2021-11-03,846.6,-0.567,
Japan,2021-11-04,846.6,-0.567,
Japan,2021-11-05,846.6,-0.567,
Japan,2021-11-06,846.6,-0.567,
Japan,2021-11-07,190.9,-0.581,
Japan,2021-11-08,190.9,-0.581,
Japan,2021-11-09,190.9,-0.581,
Japan,2021-11-10,190.9,-0.581,
Japan,2021-11-11,190.9,-0.581,
Japan,2021-11-12,190.9,-0.581,
Japan,2021-11-13,190.9,-0.581,
Japan,2021-11-14,180.9,-0.581,
Japan,2021-11-15,180.9,-0.581,
Japan,2021-11-16,180.9,-0.581,
Japan,2021-11-17,180.9,-0.581,
Japan,2021-11-18,180.9,-0.581,
Japan,2021-11-19,180.9,-0.581,
Japan,2021-11-20,180.9,-0.581,
Japan,2021-11-21,144.0,-0.582,
Japan,2021-11-22,144.0,-0.582,
Japan,2021-11-23,144.0,-0.582,
Japan,2021-11-24,144.0,-0.582,
Japan,2021-11-25,144.0,-0.582,
Japan,2021-11-26,144.0,-0.582,
Japan,2021-11-27,144.0,-0.582,
Japan,2021-11-28,95.6,-0.583,
Japan,2021-11-29,95.6,-0.583,
Japan,2021-11-30,95.6,-0.583,
Japan,2021-12-01,95.6,-0.583,
Japan,2021-12-02,95.6,-0.583,
Japan,2021-12-03,95.6,-0.583,
Japan,2021-12-04,95.6,-0.583,
Japan,2021-12-05,114.1,-0.582,
Japan,2021-12-06,114.1,-0.582,
Japan,2021-12-07,114.1,-0.582,
Japan,2021-12-08,114.1,-0.582,
Japan,2021-12-09,114.1,-0.582,
Japan,2021-12-10,114.1,-0.582,
Japan,2021-12-11,114.1,-0.582,
Japan,2021-12-12,125.4,-0.582,
Japan,2021-12-13,125.4,-0.582,
Japan,2021-12-14,125.4,-0.582,
Japan,2021-12-15,125.4,-0.582,
Japan,2021-12-16,125.4,-0.582,
Japan,2021-12-17,125.4,-0.582,
Japan,2021-12-18,125.4,-0.582,
Japan,2021-12-19,163.4,-0.581,
Japan,2021-12-20,163.4,-0.581,
Japan,2021-12-21,163.4,-0.581,
Japan,2021-12-22,163.4,-0.581,
Japan,2021-12-23,163.4,-0.581,
Japan,2021-12-24,163.4,-0.581,
Japan,2021-12-25,163.4,-0.581,
Japan,2021-12-26,260.7,-0.579,
Japan,2021-12-27,260.7,-0.579,
Japan,2021-12-28,260.7,-0.579,
Japan,2021-12-29,260.7,-0.579,
Japan,2021-12-30,260.7,-0.579,
Japan,2021-12-31,260.7,-0.579,
Japan,2022-01-01,260.7,-0.579,
Japan,2022-01-02,431.3,-0.576,
Japan,2022-01-03,431.3,-0.576,
Japan,2022-01-04,431.3,-0.576,
Japan,2022-01-05,431.3,-0.576,
Japan,2022-01-06,431.3,-0.576,
Japan,2022-01-07,431.3,-0.576,
Japan,2022-01-08,431.3,-0.576,
Japan,2022-01-09,4399.4,-0.492,
Japan,2022-01-10,4399.4,-0.492,
Japan,2022-01-11,4399.4,-0.492,
Japan,2022-01-12,4399.4,-0.492,
Japan,2022-01-13,4399.4,-0.492,
Japan,2022-01-14,4399.4,-0.492,
Japan,2022-01-15,4399.4,-0.492,
Japan,2022-01-16,16319.3,-0.242,
Japan,2022-01-17,16319.3,-0.242,
Japan,2022-01-18,16319.3,-0.242,
Japan,2022-01-19,16319.3,-0.242,
Japan,2022-01-20,16319.3,-0.242,
Japan,2022-01-21,16319.3,-0.242,
Japan,2022-01-22,16319.3,-0.242,
Japan,2022-01-23,41402.0,0.286,
Japan,2022-01-24,41402.0,0.286,
Japan,2022-01-25,41402.0,0.286,
Japan,2022-01-26,41402.0,0.286,
Japan,2022-01-27,41402.0,0.286,
Japan,2022-01-28,41402.0,0.286,
Japan,2022-01-29,41402.0,0.286,
Japan,2022-01-30,71426.4,0.917,
Japan,2022-01-31,71426.4,0.917,
Japan,2022-02-01,71426.4,0.917,
Japan,2022-02-02,71426.4,0.917,
Japan,2022-02-03,71426.4,0.917,
Japan,2022-02-04,71426.4,0.917,
Japan,2022-02-05,71426.4,0.917,
Japan,2022-02-06,90135.9,1.311,
Japan,2022-02-07,90135.9,1.311,
Japan,2022-02-08,90135.9,1.311,
Japan,2022-02-09,90135.9,1.311,
Japan,2022-02-10,90135.9,1.311,
Japan,2022-02-11,90135.9,1.311,
Japan,2022-02-12,90135.9,1.311,
Japan,2022-02-13,87372.7,1.253,
Japan,2022-02-14,87372.7,1.253,
Japan,2022-02-15,87372.7,1.253,
Japan,2022-02-16,87372.7,1.253,
Japan,2022-02-17,87372.7,1.253,
Japan,2022-02-18,87372.7,1.253,
Japan,2022-02-19,87372.7,1.253,
Japan,2022-02-20,81793.6,1.135,
Japan,2022-02-21,81793.6,1.135,
Japan,2022-02-22,81793.6,1.135,
Japan,2022-02-23,81793.6,1.135,
Japan,2022-02-24,81793.6,1.135,
Japan,2022-02-25,81793.6,1.135,
Japan,2022-02-26,81793.6,1.135,
Japan,2022-02-27,67123.9,0.827,
Japan,2022-02-28,67123.9,0.827,
Japan,2022-03-01,67123.9,0.827,
Japan,2022-03-02,67123.9,0.827,
Japan,2022-03-03,67123.9,0.827,
Japan,2022-03-04,67123.9,0.827,
Japan,2022-03-05,67123.9,0.827,
Japan,2022-03-06,62701.9,0.734,
Japan,2022-03-07,62701.9,0.734,
Japan,2022-03-08,62701.9,0.734,
Japan,2022-03-09,62701.9,0.734,
Japan,2022-03-10,62701.9,0.734,
Japan,2022-03-11,62701.9,0.734,
Japan,2022-03-12,62701.9,0.734,
Japan,2022-03-13,54123.3,0.553,
Japan,2022-03-14,54123.3,0.553,
Japan,2022-03-15,54123.3,0.553,
Japan,2022-03-16,54123.3,0.553,
Japan,2022-03-17,54123.3,0.553,
Japan,2022-03-18,54123.3,0.553,
Japan,2022-03-19,54123.3,0.553,
Japan,2022-03-20,47384.9,0.412,
Japan,2022-03-21,47384.9,0.412,
Japan,2022-03-22,47384.9,0.412,
Japan,2022-03-23,47384.9,0.412,
Japan,2022-03-24,47384.9,0.412,
Japan,2022-03-25,47384.9,0.412,
Japan,2022-03-26,47384.9,0.412,
Japan,2022-03-27,39089.9,0.237,
Japan,2022-03-28,39089.9,0.237,
Japan,2022-03-29,39089.9,0.237,
Japan,2022-03-30,39089.9,0.237,
Japan,2022-03-31,39089.9,0.237,
Japan,2022-04-01,39089.9,0.237,
Japan,2022-04-02,39089.9,0.237,
Japan,2022-04-03,46338.1,0.39,
Japan,2022-04-04,46338.1,0.39,
Japan,2022-04-05,46338.1,0.39,
Japan,2022-04-06,46338.1,0.39,
Japan,2022-04-07,46338.1,0.39,
Japan,2022-04-08,46338.1,0.39,
Japan,2022-04-09,46338.1,0.39,
Japan,2022-04-10,48211.0,0.429,
Japan,2022-04-11,48211.0,0.429,
Japan,2022-04-12,48211.0,0.429,
Japan,2022-04-13,48211.0,0.429,
Japan,2022-04-14,48211.0,0.429,
Japan,2022-04-15,48211.0,0.429,
Japan,2022-04-16,48211.0,0.429,
Japan,2022-04-17,47812.6,0.421,
Japan,2022-04-18,47812.6,0.421,
Japan,2022-04-19,47812.6,0.421,
Japan,2022-04-20,47812.6,0.421,
Japan,2022-04-21,47812.6,0.421,
Japan,2022-04-22,47812.6,0.421,
Japan,2022-04-23,47812.6,0.421,
Japan,2022-04-24,40823.0,0.274,
Japan,2022-04-25,40823.0,0.274,
Japan,2022-04-26,40823.0,0.274,
Japan,2022-04-27,40823.0,0.274,
Japan,2022-04-28,40823.0,0.274,
Japan,2022-04-29,40823.0,0.274,
Japan,2022-04-30,40823.0,0.274,
Japan,2022-05-01,34560.1,0.142,
Japan,2022-05-02,34560.1,0.142,
Japan,2022-05-03,34560.1,0.142,
Japan,2022-05-04,34560.1,0.142,
Japan,2022-05-05,34560.1,0.142,
Japan,2022-05-06,34560.1,0.142,
Japan,2022-05-07,34560.1,0.142,
Japan,2022-05-08,28228.6,0.009,
Japan,2022-05-09,28228.6,0.009,
Japan,2022-05-10,28228.6,0.009,
Japan,2022-05-11,28228.6,0.009,
Japan,2022-05-12,28228.6,0.009,
Japan,2022-05-13,28228.6,0.009,
Japan,2022-05-14,28228.6,0.009,
Japan,2022-05-15,39074.7,0.237,
Japan,2022-05-16,39074.7,0.237,
Japan,2022-05-17,39074.7,0.237,
Japan,2022-05-18,39074.7,0.237,
Japan,2022-05-19,39074.7,0.237,
Japan,2022-05-20,39074.7,0.237,
Japan,2022-05-21,39074.7,0.237,
Japan,2022-05-22,35089.6,0.153,
Japan,2022-05-23,35089.6,0.153,
Japan,2022-05-24,35089.6,0.153,
Japan,2022-05-25,35089.6,0.153,
Japan,2022-05-26,35089.6,0.153,
Japan,2022-05-27,35089.6,0.153,
Japan,2022-05-28,35089.6,0.153,
Japan,2022-05-29,27561.6,-0.005,
Japan,2022-05-30,27561.6,-0.005,
Japan,2022-05-31,27561.6,-0.005,
Japan,2022-06-01,27561.6,-0.005,
Japan,2022-06-02,27561.6,-0.005,
Japan,2022-06-03,27561.6,-0.005,
Japan,2022-06-04,27561.6,-0.005,
Japan,2022-06-05,19167.1,-0.182,
Japan,2022-06-06,19167.1,-0.182,
Japan,2022-06-07,19167.1,-0.182,
Japan,2022-06-08,19167.1,-0.182,
Japan,2022-06-09,19167.1,-0.182,
Japan,2022-06-10,19167.1,-0.182,
Japan,2022-06-11,19167.1,-0.182,
Japan,2022-06-12,15135.4,-0.267,
Japan,2022-06-13,15135.4,-0.267,
Japan,2022-06-14,15135.4,-0.267,
Japan,2022-06-15,15135.4,-0.267,
Japan,2022-06-16,15135.4,-0.267,
Japan,2022-06-17,15135.4,-0.267,
Japan,2022-06-18,15135.4,-0.267,
Japan,2022-06-19,14000.1,-0.29,
Japan,2022-06-20,14000.1,-0.29,
Japan,2022-06-21,14000.1,-0.29,
Japan,2022-06-22,14000.1,-0.29,
Japan,2022-06-23,14000.1,-0.29,
Japan,2022-06-24,14000.1,-0.29,
Japan,2022-06-25,14000.1,-0.29,
Japan,2022-06-26,14807.6,-0.273,
Japan,2022-06-27,14807.6,-0.273,
Japan,2022-06-28,14807.6,-0.273,
Japan,2022-06-29,14807.6,-0.273,
Japan,2022-06-30,14807.6,-0.273,
Japan,2022-07-01,14807.6,-0.273,
Japan,2022-07-02,14807.6,-0.273,
Japan,2022-07-03,17512.3,-0.217,
Japan,2022-07-04,17512.3,-0.217,
Japan,2022-07-05,17512.3,-0.217,
Japan,2022-07-06,17512.3,-0.217,
Japan,2022-07-07,17512.3,-0.217,
Japan,2022-07-08,17512.3,-0.217,
Japan,2022-07-09,17512.3,-0.217,
Japan,2022-07-10,38537.1,0.226,
Japan,2022-07-11,38537.1,0.226,
Japan,2022-07-12,38537.1,0.226,
Japan,2022-07-13,38537.1,0.226,
Japan,2022-07-14,38537.1,0.226,
Japan,2022-07-15,38537.1,0.226,
Japan,2022-07-16,38537.1,0.226,
Japan,2022-07-17,79873.0,1.095,
Japan,2022-07-18,79873.0,1.095,
Japan,2022-07-19,79873.0,1.095,
Japan,2022-07-20,79873.0,1.095,
Japan,2022-07-21,79873.0,1.095,
Japan,2022-07-22,79873.0,1.095,
Japan,2022-07-23,79873.0,1.095,
Japan,2022-07-24,138438.3,2.327,Y
Japan,2022-07-25,138438.3,2.327,Y
Japan,2022-07-26,138438.3,2.327,Y
Japan,2022-07-27,138438.3,2.327,Y
Japan,2022-07-28,138438.3,2.327,Y
Japan,2022-07-29,138438.3,2.327,Y
Japan,2022-07-30,138438.3,2.327,Y
Japan,2022-07-31,197014.1,3.559,Y
Japan,2022-08-01,197014.1,3.559,Y
Japan,2022-08-02,197014.1,3.559,Y
Japan,2022-08-03,197014.1,3.559,Y
Japan,2022-08-04,197014.1,3.559,Y
Japan,2022-08-05,197014.1,3.559,Y
Japan,2022-08-06,197014.1,3.559,Y
Japan,2022-08-07,213852.6,3.913,Y
Japan,2022-08-08,213852.6,3.913,Y
Japan,2022-08-09,213852.6,3.913,Y
Japan,2022-08-10,213852.6,3.913,Y
Japan,2022-08-11,213852.6,3.913,Y
Japan,2022-08-12,213852.6,3.913,Y
Japan,2022-08-13,213852.6,3.913,Y
Japan,2022-08-14,199328.7,3.607,Y
Japan,2022-08-15,199328.7,3.607,Y
Japan,2022-08-16,199328.7,3.607,Y
Japan,2022-08-17,199328.7,3.607,Y
Japan,2022-08-18,199328.7,3.607,Y
Japan,2022-08-19,199328.7,3.607,Y
Japan,2022-08-20,199328.7,3.607,Y
Japan,2022-08-21,210910.6,3.851,Y
Japan,2022-08-22,210910.6,3.851,Y
Japan,2022-08-23,210910.6,3.851,Y
Japan,2022-08-24,210910.6,3.851,Y
Japan,2022-08-25,210910.6,3.851,Y
Japan,2022-08-26,210910.6,3.851,Y
Japan,2022-08-27,210910.6,3.851,Y
Japan,2022-08-28,179824.6,3.197,Y
Japan,2022-08-29,179824.6,3.197,Y
Japan,2022-08-30,179824.6,3.197,Y
Japan,2022-08-31,179824.6,3.197,Y
Japan,2022-09-01,179824.6,3.197,Y
Japan,2022-09-02,179824.6,3.197,Y
Japan,2022-09-03,179824.6,3.197,Y
Japan,2022-09-04,166398.1,2.915,Y
Japan,2022-09-05,166398.1,2.915,Y
Japan,2022-09-06,166398.1,2.915,Y
Japan,2022-09-07,166398.1,2.915,Y
Japan,2022-09-08,166398.1,2.915,Y
Japan,2022-09-09,166398.1,2.915,Y
Japan,2022-09-10,166398.1,2.915,Y
Japan,2022-09-11,76740.1,1.029,
Japan,2022-09-12,76740.1,1.029,
Japan,2022-09-13,76740.1,1.029,
Japan,2022-09-14,76740.1,1.029,
Japan,2022-09-15,76740.1,1.029,
Japan,2022-09-16,76740.1,1.029,
Japan,2022-09-17,76740.1,1.029,
Japan,2022-09-18,86559.9,1.236,
Japan,2022-09-19,86559.9,1.236,
Japan,2022-09-20,86559.9,1.236,
Japan,2022-09-21,86559.9,1.236,
Japan,2022-09-22,86559.9,1.236,
Japan,2022-09-23,86559.9,1.236,
Japan,2022-09-24,86559.9,1.236,
Japan,2022-09-25,76500.3,1.024,
Japan,2022-09-26,76500.3,1.024,
Japan,2022-09-27,76500.3,1.024,
Japan,2022-09-28,76500.3,1.024,
Japan,2022-09-29,76500.3,1.024,
Japan,2022-09-30,76500.3,1.024,
Japan,2022-10-01,76500.3,1.024,
Japan,2022-10-02,43851.1,0.337,
Japan,2022-10-03,43851.1,0.337,
Japan,2022-10-04,43851.1,0.337,
Japan,2022-10-05,43851.1,0.337,
Japan,2022-10-06,43851.1,0.337,
Japan,2022-10-07,43851.1,0.337,
Japan,2022-10-08,43851.1,0.337,
Japan,2022-10-09,29792.4,0.042,
Japan,2022-10-10,29792.4,0.042,
Japan,2022-10-11,29792.4,0.042,
Japan,2022-10-12,29792.4,0.042,
Japan,2022-10-13,29792.4,0.042,
Japan,2022-10-14,29792.4,0.042,
Japan,2022-10-15,29792.4,0.042,
Japan,2022-10-16,31182.3,0.071,
Japan,2022-10-17,31182.3,0.071,
Japan,2022-10-18,31182.3,0.071,
Japan,2022-10-19,31182.3,0.071,
Japan,2022-10-20,31182.3,0.071,
Japan,2022-10-21,31182.3,0.071,
Japan,2022-10-22,31182.3,0.071,
Japan,2022-10-23,33383.1,0.117,
Japan,2022-10-24,33383.1,0.117,
Japan,2022-10-25,33383.1,0.117,
Japan,2022-10-26,33383.1,0.117,
Japan,2022-10-27,33383.1,0.117,
Japan,2022-10-28,33383.1,0.117,
Japan,2022-10-29,33383.1,0.117,
Japan,2022-10-30,40282.0,0.262,
Japan,2022-10-31,40282.0,0.262,
Japan,2022-11-01,40282.0,0.262,
Japan,2022-11-02,40282.0,0.262,
Japan,2022-11-03,40282.0,0.262,
Japan,2022-11-04,40282.0,0.262,
Japan,2022-11-05,40282.0,0.262,
Japan,2022-11-06,57384.7,0.622,
Japan,2022-11-07,57384.7,0.622,
Japan,2022-11-08,57384.7,0.622,
Japan,2022-11-09,57384.7,0.622,
Japan,2022-11-10,57384.7,0.622,
Japan,2022-11-11,57384.7,0.622,
Japan,2022-11-12,57384.7,0.622,
Japan,2022-11-13,71966.6,0.929,
Japan,2022-11-14,71966.6,0.929,
Japan,2022-11-15,71966.6,0.929,
Japan,2022-11-16,71966.6,0.929,
Japan,2022-11-17,71966.6,0.929,
Japan,2022-11-18,71966.6,0.929,
Japan,2022-11-19,71966.6,0.929,
Japan,2022-11-20,84725.0,1.197,
Japan,2022-11-21,84725.0,1.197,
Japan,2022-11-22,84725.0,1.197,
Japan,2022-11-23,84725.0,1.197,
Japan,2022-11-24,84725.0,1.197,
Japan,2022-11-25,84725.0,1.197,
Japan,2022-11-26,84725.0,1.197,
Japan,2022-11-27,99824.6,1.515,
Japan,2022-11-28,99824.6,1.515,
Japan,2022-11-29,99824.6,1.515,
Japan,2022-11-30,99824.6,1.515,
Japan,2022-12-01,99824.6,1.515,
Japan,2022-12-02,99824.6,1.515,
Japan,2022-12-03,99824.6,1.515,
Japan,2022-12-04,107127.9,1.668,
Japan,2022-12-05,107127.9,1.668,
Japan,2022-12-06,107127.9,1.668,
Japan,2022-12-07,107127.9,1.668,
Japan,2022-12-08,107127.9,1.668,
Japan,2022-12-09,107127.9,1.668,
Japan,2022-12-10,107127.9,1.668,
Japan,2022-12-11,121338.7,1.967,
Japan,2022-12-12,121338.7,1.967,
Japan,2022-12-13,121338.7,1.967,
Japan,2022-12-14,121338.7,1.967,
Japan,2022-12-15,121338.7,1.967,
Japan,2022-12-16,121338.7,1.967,
Japan,2022-12-17,121338.7,1.967,
Japan,2022-12-18,149521.4,2.56,Y
Japan,2022-12-19,149521.4,2.56,Y
Japan,2022-12-20,149521.4,2.56,Y
Japan,2022-12-21,149521.4,2.56,Y
Japan,2022-12-22,149521.4,2.56,Y
Japan,2022-12-23,149521.4,2.56,Y
Japan,2022-12-24,149521.4,2.56,Y
Japan,2022-12-25,164276.0,2.87,Y
Japan,2022-12-26,164276.0,2.87,Y
Japan,2022-12-27,164276.0,2.87,Y
Japan,2022-12-28,164276.0,2.87,Y
Japan,2022-12-29,164276.0,2.87,Y
Japan,2022-12-30,164276.0,2.87,Y
Japan,2022-12-31,164276.0,2.87,Y
Japan,2023-01-01,135161.4,2.258,Y
Japan,2023-01-02,135161.4,2.258,Y
Japan,2023-01-03,135161.4,2.258,Y
Japan,2023-01-04,135161.4,2.258,Y
Japan,2023-01-05,135161.4,2.258,Y
Japan,2023-01-06,135161.4,2.258,Y
Japan,2023-01-07,135161.4,2.258,Y
Japan,2023-01-08,152928.0,2.631,Y
Japan,2023-01-09,152928.0,2.631,Y
Japan,2023-01-10,152928.0,2.631,Y
Japan,2023-01-11,152928.0,2.631,Y
Japan,2023-01-12,152928.0,2.631,Y
Japan,2023-01-13,152928.0,2.631,Y
Japan,2023-01-14,152928.0,2.631,Y
Japan,2023-01-15,146474.4,2.496,Y
Japan,2023-01-16,146474.4,2.496,Y
Japan,2023-01-17,146474.4,2.496,Y
Japan,2023-01-18,146474.4,2.496,Y
Japan,2023-01-19,146474.4,2.496,Y
Japan,2023-01-20,146474.4,2.496,Y
Japan,2023-01-21,146474.4,2.496,Y
Japan,2023-01-22,96075.1,1.436,
Japan,2023-01-23,96075.1,1.436,
Japan,2023-01-24,96075.1,1.436,
Japan,2023-01-25,96075.1,1.436,
Japan,2023-01-26,96075.1,1.436,
Japan,2023-01-27,96075.1,1.436,
Japan,2023-01-28,96075.1,1.436,
Japan,2023-01-29,62679.1,0.733,
Japan,2023-01-30,62679.1,0.733,
Japan,2023-01-31,62679.1,0.733,
Japan,2023-02-01,62679.1,0.733,
Japan,2023-02-02,62679.1,0.733,
Japan,2023-02-03,62679.1,0.733,
Japan,2023-02-04,62679.1,0.733,
Japan,2023-02-05,41802.0,0.294,
Japan,2023-02-06,41802.0,0.294,
Japan,2023-02-07,41802.0,0.294,
Japan,2023-02-08,41802.0,0.294,
Japan,2023-02-09,41802.0,0.294,
Japan,2023-02-10,41802.0,0.294,
Japan,2023-02-11,41802.0,0.294,
Japan,2023-02-12,31909.3,0.086,
Japan,2023-02-13,31909.3,0.086,
Japan,2023-02-14,31909.3,0.086,
Japan,2023-02-15,31909.3,0.086,
Japan,2023-02-16,31909.3,0.086,
Japan,2023-02-17,31909.3,0.086,
Japan,2023-02-18,31909.3,0.086,
Japan,2023-02-19,20154.6,-0.161,
Japan,2023-02-20,20154.6,-0.161,
Japan,2023-02-21,20154.6,-0.161,
Japan,2023-02-22,20154.6,-0.161,
Japan,2023-02-23,20154.6,-0.161,
Japan,2023-02-24,20154.6,-0.161,
Japan,2023-02-25,20154.6,-0.161,
Japan,2023-02-26,13696.3,-0.297,
Japan,2023-02-27,13696.3,-0.297,
Japan,2023-02-28,13696.3,-0.297,
Japan,2023-03-01,13696.3,-0.297,
Japan,2023-03-02,13696.3,-0.297,
Japan,2023-03-03,13696.3,-0.297,
Japan,2023-03-04,13696.3,-0.297,
Japan,2023-03-05,11275.7,-0.348,
Japan,2023-03-06,11275.7,-0.348,
Japan,2023-03-07,11275.7,-0.348,
Japan,2023-03-08,11275.7,-0.348,
Japan,2023-03-09,11275.7,-0.348,
Japan,2023-03-10,11275.7,-0.348,
Japan,2023-03-11,11275.7,-0.348,
Japan,2023-03-12,9287.4,-0.39,
Japan,2023-03-13,9287.4,-0.39,
Japan,2023-03-14,9287.4,-0.39,
Japan,2023-03-15,9287.4,-0.39,
Japan,2023-03-16,9287.4,-0.39,
Japan,2023-03-17,9287.4,-0.39,
Japan,2023-03-18,9287.4,-0.39,
Japan,2023-03-19,7408.0,-0.429,
Japan,2023-03-20,7408.0,-0.429,
Japan,2023-03-21,7408.0,-0.429,
Japan,2023-03-22,7408.0,-0.429,
Japan,2023-03-23,7408.0,-0.429,
Japan,2023-03-24,7408.0,-0.429,
Japan,2023-03-25,7408.0,-0.429,
Japan,2023-03-26,6728.0,-0.443,
Japan,2023-03-27,6728.0,-0.443,
Japan,2023-03-28,6728.0,-0.443,
Japan,2023-03-29,6728.0,-0.443,
Japan,2023-03-30,6728.0,-0.443,
Japan,2023-03-31,6728.0,-0.443,
Japan,2023-04-01,6728.0,-0.443,
Japan,2023-04-02,6771.1,-0.442,
Japan,2023-04-03,6771.1,-0.442,
Japan,2023-04-04,6771.1,-0.442,
Japan,2023-04-05,6771.1,-0.442,
Japan,2023-04-06,6771.1,-0.442,
Japan,2023-04-07,6771.1,-0.442,
Japan,2023-04-08,6771.1,-0.442,
Japan,2023-04-09,7712.7,-0.423,
Japan,2023-04-10,7712.7,-0.423,
Japan,2023-04-11,7712.7,-0.423,
Japan,2023-04-12,7712.7,-0.423,
Japan,2023-04-13,7712.7,-0.423,
Japan,2023-04-14,7712.7,-0.423,
Japan,2023-04-15,7712.7,-0.423,
Japan,2023-04-16,8121.0,-0.414,
Japan,2023-04-17,8121.0,-0.414,
Japan,2023-04-18,8121.0,-0.414,
Japan,2023-04-19,8121.0,-0.414,
Japan,2023-04-20,8121.0,-0.414,
Japan,2023-04-21,8121.0,-0.414,
Japan,2023-04-22,8121.0,-0.414,
Japan,2023-04-23,9358.6,-0.388,
Japan,2023-04-24,9358.6,-0.388,
Japan,2023-04-25,9358.6,-0.388,
Japan,2023-04-26,9358.6,-0.388,
Japan,2023-04-27,9358.6,-0.388,
Japan,2023-04-28,9358.6,-0.388,
Japan,2023-04-29,9358.6,-0.388,
Japan,2023-04-30,10687.4,-0.36,
Japan,2023-05-01,10687.4,-0.36,
Japan,2023-05-02,10687.4,-0.36,
Japan,2023-05-03,10687.4,-0.36,
Japan,2023-05-04,10687.4,-0.36,
Japan,2023-05-05,10687.4,-0.36,
Mexico,2020-01-10,0.0,-0.738,
Mexico,2020-01-11,0.0,-0.738,
Mexico,2020-01-12,0.0,-0.738,
Mexico,2020-01-13,0.0,-0.738,
Mexico,2020-01-14,0.0,-0.738,
Mexico,2020-01-15,0.0,-0.738,
Mexico,2020-01-16,0.0,-0.738,
Mexico,2020-01-17,0.0,-0.738,
Mexico,2020-01-18,0.0,-0.738,
Mexico,2020-01-19,0.0,-0.738,
Mexico,2020-01-20,0.0,-0.738,
Mexico,2020-01-21,0.0,-0.738,
Mexico,2020-01-22,0.0,-0.738,
Mexico,2020-01-23,0.0,-0.738,
Mexico,2020-01-24,0.0,-0.738,
Mexico,2020-01-25,0.0,-0.738,
Mexico,2020-01-26,0.0,-0.738,
Mexico,2020-01-27,0.0,-0.738,
Mexico,2020-01-28,0.0,-0.738,
Mexico,2020-01-29,0.0,-0.738,
Mexico,2020-01-30,0.0,-0.738,
Mexico,2020-01-31,0.0,-0.738,
Mexico,2020-02-01,0.0,-0.738,
Mexico,2020-02-02,0.0,-0.738,
Mexico,2020-02-03,0.0,-0.738,
Mexico,2020-02-04,0.0,-0.738,
Mexico,2020-02-05,0.0,-0.738,
Mexico,2020-02-06,0.0,-0.738,
Mexico,2020-02-07,0.0,-0.738,
Mexico,2020-02-08,0.0,-0.738,
Mexico,2020-02-09,0.0,-0.738,
Mexico,2020-02-10,0.0,-0.738,
Mexico,2020-02-11,0.0,-0.738,
Mexico,2020-02-12,0.0,-0.738,
Mexico,2020-02-13,0.0,-0.738,
Mexico,2020-02-14,0.0,-0.738,
Mexico,2020-02-15,0.0,-0.738,
Mexico,2020-02-16,0.0,-0.738,
Mexico,2020-02-17,0.0,-0.738,
Mexico,2020-02-18,0.0,-0.738,
Mexico,2020-02-19,0.0,-0.738,
Mexico,2020-02-20,0.0,-0.738,
Mexico,2020-02-21,0.0,-0.738,
Mexico,2020-02-22,0.0,-0.738,
Mexico,2020-02-23,0.1,-0.738,
Mexico,2020-02-24,0.1,-0.738,
Mexico,2020-02-25,0.1,-0.738,
Mexico,2020-02-26,0.1,-0.738,
Mexico,2020-02-27,0.1,-0.738,
Mexico,2020-02-28,0.1,-0.738,
Mexico,2020-02-29,0.1,-0.738,
Mexico,2020-03-01,0.7,-0.738,
Mexico,2020-03-02,0.7,-0.738,
Mexico,2020-03-03,0.7,-0.738,
Mexico,2020-03-04,0.7,-0.738,
Mexico,2020-03-05,0.7,-0.738,
Mexico,2020-03-06,0.7,-0.738,
Mexico,2020-03-07,0.7,-0.738,
Mexico,2020-03-08,6.4,-0.737,
Mexico,2020-03-09,6.4,-0.737,
Mexico,2020-03-10,6.4,-0.737,
Mexico,2020-03-11,6.4,-0.737,
Mexico,2020-03-12,6.4,-0.737,
Mexico,2020-03-13,6.4,-0.737,
Mexico,2020-03-14,6.4,-0.737,
Mexico,2020-03-15,26.1,-0.735,
Mexico,2020-03-16,26.1,-0.735,
Mexico,2020-03-17,26.1,-0.735,
Mexico,2020-03-18,26.1,-0.735,
Mexico,2020-03-19,26.1,-0.735,
Mexico,2020-03-20,26.1,-0.735,
Mexico,2020-03-21,26.1,-0.735,
Mexico,2020-03-22,95.6,-0.727,
Mexico,2020-03-23,95.6,-0.727,
Mexico,2020-03-24,95.6,-0.727,
Mexico,2020-03-25,95.6,-0.727,
Mexico,2020-03-26,95.6,-0.727,
Mexico,2020-03-27,95.6,-0.727,
Mexico,2020-03-28,95.6,-0.727,
Mexico,2020-03-29,173.4,-0.718,
Mexico,2020-03-30,173.4,-0.718,
Mexico,2020-03-31,173.4,-0.718,
Mexico,2020-04-01,173.4,-0.718,
Mexico,2020-04-02,173.4,-0.718,
Mexico,2020-04-03,173.4,-0.718,
Mexico,2020-04-04,173.4,-0.718,
Mexico,2020-04-05,304.9,-0.702,
Mexico,2020-04-06,304.9,-0.702,
Mexico,2020-04-07,304.9,-0.702,
Mexico,2020-04-08,304.9,-0.702,
Mexico,2020-04-09,304.9,-0.702,
Mexico,2020-04-10,304.9,-0.702,
Mexico,2020-04-11,304.9,-0.702,
Mexico,2020-04-12,470.1,-0.683,
Mexico,2020-04-13,470.1,-0.683,
Mexico,2020-04-14,470.1,-0.683,
Mexico,2020-04-15,470.1,-0.683,
Mexico,2020-04-16,470.1,-0.683,
Mexico,2020-04-17,470.1,-0.683,
Mexico,2020-04-18,470.1,-0.683,
Mexico,2020-04-19,851.1,-0.638,
Mexico,2020-04-20,851.1,-0.638,
Mexico,2020-04-21,851.1,-0.638,
Mexico,2020-04-22,851.1,-0.638,
Mexico,2020-04-23,851.1,-0.638,
Mexico,2020-04-24,851.1,-0.638,
Mexico,2020-04-25,851.1,-0.638,
Mexico,2020-04-26,1323.4,-0.582,
Mexico,2020-04-27,1323.4,-0.582,
Mexico,2020-04-28,1323.4,-0.582,
Mexico,2020-04-29,1323.4,-0.582,
Mexico,2020-04-30,1323.4,-0.582,
Mexico,2020-05-01,1323.4,-0.582,
Mexico,2020-05-02,1323.4,-0.582,
Mexico,2020-05-03,1653.0,-0.543,
Mexico,2020-05-04,1653.0,-0.543,
Mexico,2020-05-05,1653.0,-0.543,
Mexico,2020-05-06,1653.0,-0.543,
Mexico,2020-05-07,1653.0,-0.543,
Mexico,2020-05-08,1653.0,-0.543,
Mexico,2020-05-09,1653.0,-0.543,
Mexico,2020-05-10,2170.9,-0.482,
Mexico,2020-05-11,2170.9,-0.482,
Mexico,2020-05-12,2170.9,-0.482,
Mexico,2020-05-13,2170.9,-0.482,
Mexico,2020-05-14,2170.9,-0.482,
Mexico,2020-05-15,2170.9,-0.482,
Mexico,2020-05-16,2170.9,-0.482,
Mexico,2020-05-17,2791.1,-0.409,
Mexico,2020-05-18,2791.1,-0.409,
Mexico,2020-05-19,2791.1,-0.409,
Mexico,2020-05-20,2791.1,-0.409,
Mexico,2020-05-21,2791.1,-0.409,
Mexico,2020-05-22,2791.1,-0.409,
Mexico,2020-05-23,2791.1,-0.409,
Mexico,2020-05-24,3455.3,-0.331,
Mexico,2020-05-25,3455.3,-0.331,
Mexico,2020-05-26,3455.3,-0.331,
Mexico,2020-05-27,3455.3,-0.331,
Mexico,2020-05-28,3455.3,-0.331,
Mexico,2020-05-29,3455.3,-0.331,
Mexico,2020-05-30,3455.3,-0.331,
Mexico,2020-05-31,3853.3,-0.284,
Mexico,2020-06-01,3853.3,-0.284,
Mexico,2020-06-02,3853.3,-0.284,
Mexico,2020-06-03,3853.3,-0.284,
Mexico,2020-06-04,3853.3,-0.284,
Mexico,2020-06-05,3853.3,-0.284,
Mexico,2020-06-06,3853.3,-0.284,
Mexico,2020-06-07,4365.1,-0.224,
Mexico,2020-06-08,4365.1,-0.224,
Mexico,2020-06-09,4365.1,-0.224,
Mexico,2020-06-10,4365.1,-0.224,
Mexico,2020-06-11,4365.1,-0.224,
Mexico,2020-06-12,4365.1,-0.224,
Mexico,2020-06-13,4365.1,-0.224,
Mexico,2020-06-14,4974.6,-0.152,
Mexico,2020-06-15,4974.6,-0.152,
Mexico,2020-06-16,4974.6,-0.152,
Mexico,2020-06-17,4974.6,-0.152,
Mexico,2020-06-18,4974.6,-0.152,
Mexico,2020-06-19,4974.6,-0.152,
Mexico,2020-06-20,4974.6,-0.152,
Mexico,2020-06-21,5369.6,-0.105,
Mexico,2020-06-22,5369.6,-0.105,
Mexico,2020-06-23,5369.6,-0.105,
Mexico,2020-06-24,5369.6,-0.105,
Mexico,2020-06-25,5369.6,-0.105,
Mexico,2020-06-26,5369.6,-0.105,
Mexico,2020-06-27,5369.6,-0.105,
Mexico,2020-06-28,5615.1,-0.076,
Mexico,2020-06-29,5615.1,-0.076,
Mexico,2020-06-30,5615.1,-0.076,
Mexico,2020-07-01,5615.1,-0.076,
Mexico,2020-07-02,5615.1,-0.076,
Mexico,2020-07-03,5615.1,-0.076,
Mexico,2020-07-04,5615.1,-0.076,
Mexico,2020-07-05,6221.9,-0.005,
Mexico,2020-07-06,6221.9,-0.005,
Mexico,2020-07-07,6221.9,-0.005,
Mexico,2020-07-08,6221.9,-0.005,
Mexico,2020-07-09,6221.9,-0.005,
Mexico,2020-07-10,6221.9,-0.005,
Mexico,2020-07-11,6221.9,-0.005,
Mexico,2020-07-12,6343.7,0.009,
Mexico,2020-07-13,6343.7,0.009,
Mexico,2020-07-14,6343.7,0.009,
Mexico,2020-07-15,6343.7,0.009,
Mexico,2020-07-16,6343.7,0.009,
Mexico,2020-07-17,6343.7,0.009,
Mexico,2020-07-18,6343.7,0.009,
Mexico,2020-07-19,7110.7,0.1,
Mexico,2020-07-20,7110.7,0.1,
Mexico,2020-07-21,7110.7,0.1,
Mexico,2020-07-22,7110.7,0.1,
Mexico,2020-07-23,7110.7,0.1,
Mexico,2020-07-24,7110.7,0.1,
Mexico,2020-07-25,7110.7,0.1,
Mexico,2020-07-26,7168.1,0.107,
Mexico,2020-07-27,7168.1,0.107,
Mexico,2020-07-28,7168.1,0.107,
Mexico,2020-07-29,7168.1,0.107,
Mexico,2020-07-30,7168.1,0.107,
Mexico,2020-07-31,7168.1,0.107,
Mexico,2020-08-01,7168.1,0.107,
Mexico,2020-08-02,6571.3,0.036,
Mexico,2020-08-03,6571.3,0.036,
Mexico,2020-08-04,6571.3,0.036,
Mexico,2020-08-05,6571.3,0.036,
Mexico,2020-08-06,6571.3,0.036,
Mexico,2020-08-07,6571.3,0.036,
Mexico,2020-08-08,6571.3,0.036,
Mexico,2020-08-09,5973.4,-0.034,
Mexico,2020-08-10,5973.4,-0.034,
Mexico,2020-08-11,5973.4,-0.034,
Mexico,2020-08-12,5973.4,-0.034,
Mexico,2020-08-13,5973.4,-0.034,
Mexico,2020-08-14,5973.4,-0.034,
Mexico,2020-08-15,5973.4,-0.034,
Mexico,2020-08-16,5636.0,-0.074,
Mexico,2020-08-17,5636.0,-0.074,
Mexico,2020-08-18,5636.0,-0.074,
Mexico,2020-08-19,5636.0,-0.074,
Mexico,2020-08-20,5636.0,-0.074,
Mexico,2020-08-21,5636.0,-0.074,
Mexico,2020-08-22,5636.0,-0.074,
Mexico,2020-08-23,5409.6,-0.101,
Mexico,2020-08-24,5409.6,-0.101,
Mexico,2020-08-25,5409.6,-0.101,
Mexico,2020-08-26,5409.6,-0.101,
Mexico,2020-08-27,5409.6,-0.101,
Mexico,2020-08-28,5409.6,-0.101,
Mexico,2020-08-29,5409.6,-0.101,
Mexico,2020-08-30,5604.3,-0.078,
Mexico,2020-08-31,5604.3,-0.078,
Mexico,2020-09-01,5604.3,-0.078,
Mexico,2020-09-02,5604.3,-0.078,
Mexico,2020-09-03,5604.3,-0.078,
Mexico,2020-09-04,5604.3,-0.078,
Mexico,2020-09-05,5604.3,-0.078,
Mexico,2020-09-06,5553.3,-0.084,
Mexico,2020-09-07,5553.3,-0.084,
Mexico,2020-09-08,5553.3,-0.084,
Mexico,2020-09-09,5553.3,-0.084,
Mexico,2020-09-10,5553.3,-0.084,
Mexico,2020-09-11,5553.3,-0.084,
Mexico,2020-09-12,5553.3,-0.084,
Mexico,2020-09-13,5048.4,-0.143,
Mexico,2020-09-14,5048.4,-0.143,
Mexico,2020-09-15,5048.4,-0.143,
Mexico,2020-09-16,5048.4,-0.143,
Mexico,2020-09-17,5048.4,-0.143,
Mexico,2020-09-18,5048.4,-0.143,
Mexico,2020-09-19,5048.4,-0.143,
Mexico,2020-09-20,4237.0,-0.239,
Mexico,2020-09-21,4237.0,-0.239,
Mexico,2020-09-22,4237.0,-0.239,
Mexico,2020-09-23,4237.0,-0.239,
Mexico,2020-09-24,4237.0,-0.239,
Mexico,2020-09-25,4237.0,-0.239,
Mexico,2020-09-26,4237.0,-0.239,
Mexico,2020-09-27,4816.6,-0.171,
Mexico,2020-09-28,4816.6,-0.171,
Mexico,2020-09-29,4816.6,-0.171,
Mexico,2020-09-30,4816.6,-0.171,
Mexico,2020-10-01,4816.6,-0.171,
Mexico,2020-10-02,4816.6,-0.171,
Mexico,2020-10-03,4816.6,-0.171,
Mexico,2020-10-04,4662.3,-0.189,
Mexico,2020-10-05,4662.3,-0.189,
Mexico,2020-10-06,4662.3,-0.189,
Mexico,2020-10-07,4662.3,-0.189,
Mexico,2020-10-08,4662.3,-0.189,
Mexico,2020-10-09,4662.3,-0.189,
Mexico,2020-10-10,4662.3,-0.189,
Mexico,2020-10-11,4724.4,-0.181,
Mexico,2020-10-12,4724.4,-0.181,
Mexico,2020-10-13,4724.4,-0.181,
Mexico,2020-10-14,4724.4,-0.181,
Mexico,2020-10-15,4724.4,-0.181,
Mexico,2020-10-16,4724.4,-0.181,
Mexico,2020-10-17,4724.4,-0.181,
Mexico,2020-10-18,5539.7,-0.085,
Mexico,2020-10-19,5539.7,-0.085,
Mexico,2020-10-20,5539.7,-0.085,
Mexico,2020-10-21,5539.7,-0.085,
Mexico,2020-10-22,5539.7,-0.085,
Mexico,2020-10-23,5539.7,-0.085,
Mexico,2020-10-24,5539.7,-0.085,
Mexico,2020-10-25,6328.7,0.008,
Mexico,2020-10-26,6328.7,0.008,
Mexico,2020-10-27,6328.7,0.008,
Mexico,2020-10-28,6328.7,0.008,
Mexico,2020-10-29,6328.7,0.008,
Mexico,2020-10-30,6328.7,0.008,
Mexico,2020-10-31,6328.7,0.008,
Mexico,2020-11-01,6097.0,-0.02,
Mexico,2020-11-02,6097.0,-0.02,
Mexico,2020-11-03,6097.0,-0.02,
Mexico,2020-11-04,6097.0,-0.02,
Mexico,2020-11-05,6097.0,-0.02,
Mexico,2020-11-06,6097.0,-0.02,
Mexico,2020-11-07,6097.0,-0.02,
Mexico,2020-11-08,5820.1,-0.052,
Mexico,2020-11-09,5820.1,-0.052,
Mexico,2020-11-10,5820.1,-0.052,
Mexico,2020-11-11,5820.1,-0.052,
Mexico,2020-11-12,5820.1,-0.052,
Mexico,2020-11-13,5820.1,-0.052,
Mexico,2020-11-14,5820.1,-0.052,
Mexico,2020-11-15,6885.7,0.073,
Mexico,2020-11-16,6885.7,0.073,
Mexico,2020-11-17,6885.7,0.073,
Mexico,2020-11-18,6885.7,0.073,
Mexico,2020-11-19,6885.7,0.073,
Mexico,2020-11-20,6885.7,0.073,
Mexico,2020-11-21,6885.7,0.073,
Mexico,2020-11-22,6402.3,0.016,
Mexico,2020-11-23,6402.3,0.016,
Mexico,2020-11-24,6402.3,0.016,
Mexico,2020-11-25,6402.3,0.016,
Mexico,2020-11-26,6402.3,0.016,
Mexico,2020-11-27,6402.3,0.016,
Mexico,2020-11-28,6402.3,0.016,
Mexico,2020-11-29,8065.3,0.212,
Mexico,2020-11-30,8065.3,0.212,
Mexico,2020-12-01,8065.3,0.212,
Mexico,2020-12-02,8065.3,0.212,
Mexico,2020-12-03,8065.3,0.212,
Mexico,2020-12-04,8065.3,0.212,
Mexico,2020-12-05,8065.3,0.212,
Mexico,2020-12-06,9153.7,0.341,
Mexico,2020-12-07,9153.7,0.341,
Mexico,2020-12-08,9153.7,0.341,
Mexico,2020-12-09,9153.7,0.341,
Mexico,2020-12-10,9153.7,0.341,
Mexico,2020-12-11,9153.7,0.341,
Mexico,2020-12-12,9153.7,0.341,
Mexico,2020-12-13,10435.7,0.492,
Mexico,2020-12-14,10435.7,0.492,
Mexico,2020-12-15,10435.7,0.492,
Mexico,2020-12-16,10435.7,0.492,
Mexico,2020-12-17,10435.7,0.492,
Mexico,2020-12-18,10435.7,0.492,
Mexico,2020-12-19,10435.7,0.492,
Mexico,2020-12-20,11061.9,0.565,
Mexico,2020-12-21,11061.9,0.565,
Mexico,2020-12-22,11061.9,0.565,
Mexico,2020-12-23,11061.9,0.565,
Mexico,2020-12-24,11061.9,0.565,
Mexico,2020-12-25,11061.9,0.565,
Mexico,2020-12-26,11061.9,0.565,
Mexico,2020-12-27,9259.4,0.353,
Mexico,2020-12-28,9259.4,0.353,
Mexico,2020-12-29,9259.4,0.353,
Mexico,2020-12-30,9259.4,0.353,
Mexico,2020-12-31,9259.4,0.353,
Mexico,2021-01-01,9259.4,0.353,
Mexico,2021-01-02,9259.4,0.353,
Mexico,2021-01-03,10411.0,0.489,
Mexico,2021-01-04,10411.0,0.489,
Mexico,2021-01-05,10411.0,0.489,
Mexico,2021-01-06,10411.0,0.489,
Mexico,2021-01-07,10411.0,0.489,
Mexico,2021-01-08,10411.0,0.489,
Mexico,2021-01-09,10411.0,0.489,
Mexico,2021-01-10,15053.6,1.036,
Mexico,2021-01-11,15053.6,1.036,
Mexico,2021-01-12,15053.6,1.036,
Mexico,2021-01-13,15053.6,1.036,
Mexico,2021-01-14,15053.6,1.036,
Mexico,2021-01-15,15053.6,1.036,
Mexico,2021-01-16,15053.6,1.036,
Mexico,2021-01-17,15798.3,1.124,
Mexico,2021-01-18,15798.3,1.124,
Mexico,2021-01-19,15798.3,1.124,
Mexico,2021-01-20,15798.3,1.124,
Mexico,2021-01-21,15798.3,1.124,
Mexico,2021-01-22,15798.3,1.124,
Mexico,2021-01-23,15798.3,1.124,
Mexico,2021-01-24,14910.6,1.019,
Mexico,2021-01-25,14910.6,1.019,
Mexico,2021-01-26,14910.6,1.019,
Mexico,2021-01-27,14910.6,1.019,
Mexico,2021-01-28,14910.6,1.019,
Mexico,2021-01-29,14910.6,1.019,
Mexico,2021-01-30,14910.6,1.019,
Mexico,2021-01-31,12874.7,0.779,
Mexico,2021-02-01,12874.7,0.779,
Mexico,2021-02-02,12874.7,0.779,
Mexico,2021-02-03,12874.7,0.779,
Mexico,2021-02-04,12874.7,0.779,
Mexico,2021-02-05,12874.7,0.779,
Mexico,2021-02-06,12874.7,0.779,
Mexico,2021-02-07,8799.7,0.299,
Mexico,2021-02-08,8799.7,0.299,
Mexico,2021-02-09,8799.7,0.299,
Mexico,2021-02-10,8799.7,0.299,
Mexico,2021-02-11,8799.7,0.299,
Mexico,2021-02-12,8799.7,0.299,
Mexico,2021-02-13,8799.7,0.299,
Mexico,2021-02-14,7598.9,0.157,
Mexico,2021-02-15,7598.9,0.157,
Mexico,2021-02-16,7598.9,0.157,
Mexico,2021-02-17,7598.9,0.157,
Mexico,2021-02-18,7598.9,0.157,
Mexico,2021-02-19,7598.9,0.157,
Mexico,2021-02-20,7598.9,0.157,
Mexico,2021-02-21,6162.3,-0.012,
Mexico,2021-02-22,6162.3,-0.012,
Mexico,2021-02-23,6162.3,-0.012,
Mexico,2021-02-24,6162.3,-0.012,
Mexico,2021-02-25,6162.3,-0.012,
Mexico,2021-02-26,6162.3,-0.012,
Mexico,2021-02-27,6162.3,-0.012,
Mexico,2021-02-28,6029.1,-0.028,
Mexico,2021-03-01,6029.1,-0.028,
Mexico,2021-03-02,6029.1,-0.028,
Mexico,2021-03-03,6029.1,-0.028,
Mexico,2021-03-04,6029.1,-0.028,
Mexico,2021-03-05,6029.1,-0.028,
Mexico,2021-03-06,6029.1,-0.028,
Mexico,2021-03-07,5741.7,-0.062,
Mexico,2021-03-08,5741.7,-0.062,
Mexico,2021-03-09,5741.7,-0.062,
Mexico,2021-03-10,5741.7,-0.062,
Mexico,2021-03-11,5741.7,-0.062,
Mexico,2021-03-12,5741.7,-0.062,
Mexico,2021-03-13,5741.7,-0.062,
Mexico,2021-03-14,4900.7,-0.161,
Mexico,2021-03-15,4900.7,-0.161,
Mexico,2021-03-16,4900.7,-0.161,
Mexico,2021-03-17,4900.7,-0.161,
Mexico,2021-03-18,4900.7,-0.161,
Mexico,2021-03-19,4900.7,-0.161,
Mexico,2021-03-20,4900.7,-0.161,
Mexico,2021-03-21,4043.1,-0.262,
Mexico,2021-03-22,4043.1,-0.262,
Mexico,2021-03-23,4043.1,-0.262,
Mexico,2021-03-24,4043.1,-0.262,
Mexico,2021-03-25,4043.1,-0.262,
Mexico,2021-03-26,4043.1,-0.262,
Mexico,2021-03-27,4043.1,-0.262,
Mexico,2021-03-28,4094.9,-0.256,
Mexico,2021-03-29,4094.9,-0.256,
Mexico,2021-03-30,4094.9,-0.256,
Mexico,2021-03-31,4094.9,-0.256,
Mexico,2021-04-01,4094.9,-0.256,
Mexico,2021-04-02,4094.9,-0.256,
Mexico,2021-04-03,4094.9,-0.256,
Mexico,2021-04-04,3031.1,-0.381,
Mexico,2021-04-05,3031.1,-0.381,
Mexico,2021-04-06,3031.1,-0.381,
Mexico,2021-04-07,3031.1,-0.381,
Mexico,2021-04-08,3031.1,-0.381,
Mexico,2021-04-09,3031.1,-0.381,
Mexico,2021-04-10,3031.1,-0.381,
Mexico,2021-04-11,3715.9,-0.3,
Mexico,2021-04-12,3715.9,-0.3,
Mexico,2021-04-13,3715.9,-0.3,
Mexico,2021-04-14,3715.9,-0.3,
Mexico,2021-04-15,3715.9,-0.3,
Mexico,2021-04-16,3715.9,-0.3,
Mexico,2021-04-17,3715.9,-0.3,
Mexico,2021-04-18,3395.3,-0.338,
Mexico,2021-04-19,3395.3,-0.338,
Mexico,2021-04-20,3395.3,-0.338,
Mexico,2021-04-21,3395.3,-0.338,
Mexico,2021-04-22,3395.3,-0.338,
Mexico,2021-04-23,3395.3,-0.338,
Mexico,2021-04-24,3395.3,-0.338,
Mexico,2021-04-25,2989.3,-0.386,
Mexico,2021-04-26,2989.3,-0.386,
Mexico,2021-04-27,2989.3,-0.386,
Mexico,2021-04-28,2989.3,-0.386,
Mexico,2021-04-29,2989.3,-0.386,
Mexico,2021-04-30,2989.3,-0.386,
Mexico,2021-05-01,2989.3,-0.386,
Mexico,2021-05-02,2734.6,-0.416,
Mexico,2021-05-03,2734.6,-0.416,
Mexico,2021-05-04,2734.6,-0.416,
Mexico,2021-05-05,2734.6,-0.416,
Mexico,2021-05-06,2734.6,-0.416,
Mexico,2021-05-07,2734.6,-0.416,
Mexico,2021-05-08,2734.6,-0.416,
Mexico,2021-05-09,2310.7,-0.466,
Mexico,2021-05-10,2310.7,-0.466,
Mexico,2021-05-11,2310.7,-0.466,
Mexico,2021-05-12,2310.7,-0.466,
Mexico,2021-05-13,2310.7,-0.466,
Mexico,2021-05-14,2310.7,-0.466,
Mexico,2021-05-15,2310.7,-0.466,
Mexico,2021-05-16,2068.9,-0.494,
Mexico,2021-05-17,2068.9,-0.494,
Mexico,2021-05-18,2068.9,-0.494,
Mexico,2021-05-19,2068.9,-0.494,
Mexico,2021-05-20,2068.9,-0.494,
Mexico,2021-05-21,2068.9,-0.494,
Mexico,2021-05-22,2068.9,-0.494,
Mexico,2021-05-23,2107.1,-0.49,
Mexico,2021-05-24,2107.1,-0.49,
Mexico,2021-05-25,2107.1,-0.49,
Mexico,2021-05-26,2107.1,-0.49,
Mexico,2021-05-27,2107.1,-0.49,
Mexico,2021-05-28,2107.1,-0.49,
Mexico,2021-05-29,2107.1,-0.49,
Mexico,2021-05-30,2187.6,-0.48,
Mexico,2021-05-31,2187.6,-0.48,
Mexico,2021-06-01,2187.6,-0.48,
Mexico,2021-06-02,2187.6,-0.48,
Mexico,2021-06-03,2187.6,-0.48,
Mexico,2021-06-04,2187.6,-0.48,
Mexico,2021-06-05,2187.6,-0.48,
Mexico,2021-06-06,2313.3,-0.466,
Mexico,2021-06-07,2313.3,-0.466,
Mexico,2021-06-08,2313.3,-0.466,
Mexico,2021-06-09,2313.3,-0.466,
Mexico,2021-06-10,2313.3,-0.466,
Mexico,2021-06-11,2313.3,-0.466,
Mexico,2021-06-12,2313.3,-0.466,
Mexico,2021-06-13,2778.7,-0.411,
Mexico,2021-06-14,2778.7,-0.411,
Mexico,2021-06-15,2778.7,-0.411,
Mexico,2021-06-16,2778.7,-0.411,
Mexico,2021-06-17,2778.7,-0.411,
Mexico,2021-06-18,2778.7,-0.411,
Mexico,2021-06-19,2778.7,-0.411,
Mexico,2021-06-20,3254.1,-0.355,
Mexico,2021-06-21,3254.1,-0.355,
Mexico,2021-06-22,3254.1,-0.355,
Mexico,2021-06-23,3254.1,-0.355,
Mexico,2021-06-24,3254.1,-0.355,
Mexico,2021-06-25,3254.1,-0.355,
Mexico,2021-06-26,3254.1,-0.355,
Mexico,2021-06-27,4248.3,-0.238,
Mexico,2021-06-28,4248.3,-0.238,
Mexico,2021-06-29,4248.3,-0.238,
Mexico,2021-06-30,4248.3,-0.238,
Mexico,2021-07-01,4248.3,-0.238,
Mexico,2021-07-02,4248.3,-0.238,
Mexico,2021-07-03,4248.3,-0.238,
Mexico,2021-07-04,5346.1,-0.108,
Mexico,2021-07-05,5346.1,-0.108,
Mexico,2021-07-06,5346.1,-0.108,
Mexico,2021-07-07,5346.1,-0.108,
Mexico,2021-07-08,5346.1,-0.108,
Mexico,2021-07-09,5346.1,-0.108,
Mexico,2021-07-10,5346.1,-0.108,
Mexico,2021-07-11,7872.3,0.19,
Mexico,2021-07-12,7872.3,0.19,
Mexico,2021-07-13,7872.3,0.19,
Mexico,2021-07-14,7872.3,0.19,
Mexico,2021-07-15,7872.3,0.19,
Mexico,2021-07-16,7872.3,0.19,
Mexico,2021-07-17,7872.3,0.19,
Mexico,2021-07-18,11216.4,0.584,
Mexico,2021-07-19,11216.4,0.584,
Mexico,2021-07-20,11216.4,0.584,
Mexico,2021-07-21,11216.4,0.584,
Mexico,2021-07-22,11216.4,0.584,
Mexico,2021-07-23,11216.4,0.584,
Mexico,2021-07-24,11216.4,0.584,
Mexico,2021-07-25,14713.6,0.996,
Mexico,2021-07-26,14713.6,0.996,
Mexico,2021-07-27,14713.6,0.996,
Mexico,2021-07-28,14713.6,0.996,
Mexico,2021-07-29,14713.6,0.996,
Mexico,2021-07-30,14713.6,0.996,
Mexico,2021-07-31,14713.6,0.996,
Mexico,2021-08-01,17473.0,1.321,
Mexico,2021-08-02,17473.0,1.321,
Mexico,2021-08-03,17473.0,1.321,
Mexico,2021-08-04,17473.0,1.321,
Mexico,2021-08-05,17473.0,1.321,
Mexico,2021-08-06,17473.0,1.321,
Mexico,2021-08-07,17473.0,1.321,
Mexico,2021-08-08,18326.0,1.422,
Mexico,2021-08-09,18326.0,1.422,
Mexico,2021-08-10,18326.0,1.422,
Mexico,2021-08-11,18326.0,1.422,
Mexico,2021-08-12,18326.0,1.422,
Mexico,2021-08-13,18326.0,1.422,
Mexico,2021-08-14,18326.0,1.422,
Mexico,2021-08-15,19305.9,1.537,
Mexico,2021-08-16,19305.9,1.537,
Mexico,2021-08-17,19305.9,1.537,
Mexico,2021-08-18,19305.9,1.537,
Mexico,2021-08-19,19305.9,1.537,
Mexico,2021-08-20,19305.9,1.537,
Mexico,2021-08-21,19305.9,1.537,
Mexico,2021-08-22,17269.0,1.297,
Mexico,2021-08-23,17269.0,1.297,
Mexico,2021-08-24,17269.0,1.297,
Mexico,2021-08-25,17269.0,1.297,
Mexico,2021-08-26,17269.0,1.297,
Mexico,2021-08-27,17269.0,1.297,
Mexico,2021-08-28,17269.0,1.297,
Mexico,2021-08-29,14716.4,0.996,
Mexico,2021-08-30,14716.4,0.996,
Mexico,2021-08-31,14716.4,0.996,
Mexico,2021-09-01,14716.4,0.996,
Mexico,2021-09-02,14716.4,0.996,
Mexico,2021-09-03,14716.4,0.996,
Mexico,2021-09-04,14716.4,0.996,
Mexico,2021-09-05,12477.4,0.732,
Mexico,2021-09-06,12477.4,0.732,
Mexico,2021-09-07,12477.4,0.732,
Mexico,2021-09-08,12477.4,0.732,
Mexico,2021-09-09,12477.4,0.732,
Mexico,2021-09-10,12477.4,0.732,
Mexico,2021-09-11,12477.4,0.732,
Mexico,2021-09-12,10897.7,0.546,
Mexico,2021-09-13,10897.7,0.546,
Mexico,2021-09-14,10897.7,0.546,
Mexico,2021-09-15,10897.7,0.546,
Mexico,2021-09-16,10897.7,0.546,
Mexico,2021-09-17,10897.7,0.546,
Mexico,2021-09-18,10897.7,0.546,
Mexico,2021-09-19,8280.1,0.238,
Mexico,2021-09-20,8280.1,0.238,
Mexico,2021-09-21,8280.1,0.238,
Mexico,2021-09-22,8280.1,0.238,
Mexico,2021-09-23,8280.1,0.238,
Mexico,2021-09-24,8280.1,0.238,
Mexico,2021-09-25,8280.1,0.238,
Mexico,2021-09-26,8409.7,0.253,
Mexico,2021-09-27,8409.7,0.253,
Mexico,2021-09-28,8409.7,0.253,
Mexico,2021-09-29,8409.7,0.253,
Mexico,2021-09-30,8409.7,0.253,
Mexico,2021-10-01,8409.7,0.253,
Mexico,2021-10-02,8409.7,0.253,
Mexico,2021-10-03,6394.0,0.015,
Mexico,2021-10-04,6394.0,0.015,
Mexico,2021-10-05,6394.0,0.015,
Mexico,2021-10-06,6394.0,0.015,
Mexico,2021-10-07,6394.0,0.015,
Mexico,2021-10-08,6394.0,0.015,
Mexico,2021-10-09,6394.0,0.015,
Mexico,2021-10-10,5170.6,-0.129,
Mexico,2021-10-11,5170.6,-0.129,
Mexico,2021-10-12,5170.6,-0.129,
Mexico,2021-10-13,5170.6,-0.129,
Mexico,2021-10-14,5170.6,-0.129,
Mexico,2021-10-15,5170.6,-0.129,
Mexico,2021-10-16,5170.6,-0.129,
Mexico,2021-10-17,4437.0,-0.215,
Mexico,2021-10-18,4437.0,-0.215,
Mexico,2021-10-19,4437.0,-0.215,
Mexico,2021-10-20,4437.0,-0.215,
Mexico,2021-10-21,4437.0,-0.215,
Mexico,2021-10-22,4437.0,-0.215,
Mexico,2021-10-23,4437.0,-0.215,
Mexico,2021-10-24,3680.3,-0.304,
Mexico,2021-10-25,3680.3,-0.304,
Mexico,2021-10-26,3680.3,-0.304,
Mexico,2021-10-27,3680.3,-0.304,
Mexico,2021-10-28,3680.3,-0.304,
Mexico,2021-10-29,3680.3,-0.304,
Mexico,2021-10-30,3680.3,-0.304,
Mexico,2021-10-31,3349.3,-0.343,
Mexico,2021-11-01,3349.3,-0.343,
Mexico,2021-11-02,3349.3,-0.343,
Mexico,2021-11-03,3349.3,-0.343,
Mexico,2021-11-04,3349.3,-0.343,
Mexico,2021-11-05,3349.3,-0.343,
Mexico,2021-11-06,3349.3,-0.343,
Mexico,2021-11-07,2701.0,-0.42,
Mexico,2021-11-08,2701.0,-0.42,
Mexico,2021-11-09,2701.0,-0.42,
Mexico,2021-11-10,2701.0,-0.42,
Mexico,2021-11-11,2701.0,-0.42,
Mexico,2021-11-12,2701.0,-0.42,
Mexico,2021-11-13,2701.0,-0.42,
Mexico,2021-11-14,2857.3,-0.401,
Mexico,2021-11-15,2857.3,-0.401,
Mexico,2021-11-16,2857.3,-0.401,
Mexico,2021-11-17,2857.3,-0.401,
Mexico,2021-11-18,2857.3,-0.401,
Mexico,2021-11-19,2857.3,-0.401,
Mexico,2021-11-20,2857.3,-0.401,
Mexico,2021-11-21,2461.1,-0.448,
Mexico,2021-11-22,2461.1,-0.448,
Mexico,2021-11-23,2461.1,-0.448,
Mexico,2021-11-24,2461.1,-0.448,
Mexico,2021-11-25,2461.1,-0.448,
Mexico,2021-11-26,2461.1,-0.448,
Mexico,2021-11-27,2461.1,-0.448,
Mexico,2021-11-28,2764.1,-0.412,
Mexico,2021-11-29,2764.1,-0.412,
Mexico,2021-11-30,2764.1,-0.412,
Mexico,2021-12-01,2764.1,-0.412,
Mexico,2021-12-02,2764.1,-0.412,
Mexico,2021-12-03,2764.1,-0.412,
Mexico,2021-12-04,2764.1,-0.412,
Mexico,2021-12-05,2606.7,-0.431,
Mexico,2021-12-06,2606.7,-0.431,
Mexico,2021-12-07,2606.7,-0.431,
Mexico,2021-12-08,2606.7,-0.431,
Mexico,2021-12-09,2606.7,-0.431,
Mexico,2021-12-10,2606.7,-0.431,
Mexico,2021-12-11,2606.7,-0.431,
Mexico,2021-12-12,2497.7,-0.444,
Mexico,2021-12-13,2497.7,-0.444,
Mexico,2021-12-14,2497.7,-0.444,
Mexico,2021-12-15,2497.7,-0.444,
Mexico,2021-12-16,2497.7,-0.444,
Mexico,2021-12-17,2497.7,-0.444,
Mexico,2021-12-18,2497.7,-0.444,
Mexico,2021-12-19,2304.0,-0.467,
Mexico,2021-12-20,2304.0,-0.467,
Mexico,2021-12-21,2304.0,-0.467,
Mexico,2021-12-22,2304.0,-0.467,
Mexico,2021-12-23,2304.0,-0.467,
Mexico,2021-12-24,2304.0,-0.467,
Mexico,2021-12-25,2304.0,-0.467,
Mexico,2021-12-26,3000.4,-0.385,
Mexico,2021-12-27,3000.4,-0.385,
Mexico,2021-12-28,3000.4,-0.385,
Mexico,2021-12-29,3000.4,-0.385,
Mexico,2021-12-30,3000.4,-0.385,
Mexico,2021-12-31,3000.4,-0.385,
Mexico,2022-01-01,3000.4,-0.385,
Mexico,2022-01-02,8131.4,0.22,
Mexico,2022-01-03,8131.4,0.22,
Mexico,2022-01-04,8131.4,0.22,
Mexico,2022-01-05,8131.4,0.22,
Mexico,2022-01-06,8131.4,0.22,
Mexico,2022-01-07,8131.4,0.22,
Mexico,2022-01-08,8131.4,0.22,
Mexico,2022-01-09,27829.0,2.541,Y
Mexico,2022-01-10,27829.0,2.541,Y
Mexico,2022-01-11,27829.0,2.541,Y
Mexico,2022-01-12,27829.0,2.541,Y
Mexico,2022-01-13,27829.0,2.541,Y
Mexico,2022-01-14,27829.0,2.541,Y
Mexico,2022-01-15,27829.0,2.541,Y
Mexico,2022-01-16,58111.7,6.11,Y
Mexico,2022-01-17,58111.7,6.11,Y
Mexico,2022-01-18,58111.7,6.11,Y
Mexico,2022-01-19,58111.7,6.11,Y
Mexico,2022-01-20,58111.7,6.11,Y
Mexico,2022-01-21,58111.7,6.11,Y
Mexico,2022-01-22,58111.7,6.11,Y
Mexico,2022-01-23,58116.4,6.111,Y
Mexico,2022-01-24,58116.4,6.111,Y
Mexico,2022-01-25,58116.4,6.111,Y
Mexico,2022-01-26,58116.4,6.111,Y
Mexico,2022-01-27,58116.4,6.111,Y
Mexico,2022-01-28,58116.4,6.111,Y
Mexico,2022-01-29,58116.4,6.111,Y
Mexico,2022-01-30,40389.9,4.022,Y
Mexico,2022-01-31,40389.9,4.022,Y
Mexico,2022-02-01,40389.9,4.022,Y
Mexico,2022-02-02,40389.9,4.022,Y
Mexico,2022-02-03,40389.9,4.022,Y
Mexico,2022-02-04,40389.9,4.022,Y
Mexico,2022-02-05,40389.9,4.022,Y
Mexico,2022-02-06,23792.4,2.066,Y
Mexico,2022-02-07,23792.4,2.066,Y
Mexico,2022-02-08,23792.4,2.066,Y
Mexico,2022-02-09,23792.4,2.066,Y
Mexico,2022-02-10,23792.4,2.066,Y
Mexico,2022-02-11,23792.4,2.066,Y
Mexico,2022-02-12,23792.4,2.066,Y
Mexico,2022-02-13,12338.9,0.716,
Mexico,2022-02-14,12338.9,0.716,
Mexico,2022-02-15,12338.9,0.716,
Mexico,2022-02-16,12338.9,0.716,
Mexico,2022-02-17,12338.9,0.716,
Mexico,2022-02-18,12338.9,0.716,
Mexico,2022-02-19,12338.9,0.716,
Mexico,2022-02-20,8796.6,0.299,
Mexico,2022-02-21,8796.6,0.299,
Mexico,2022-02-22,8796.6,0.299,
Mexico,2022-02-23,8796.6,0.299,
Mexico,2022-02-24,8796.6,0.299,
Mexico,2022-02-25,8796.6,0.299,
Mexico,2022-02-26,8796.6,0.299,
Mexico,2022-02-27,5325.9,-0.111,
Mexico,2022-02-28,5325.9,-0.111,
Mexico,2022-03-01,5325.9,-0.111,
Mexico,2022-03-02,5325.9,-0.111,
Mexico,2022-03-03,5325.9,-0.111,
Mexico,2022-03-04,5325.9,-0.111,
Mexico,2022-03-05,5325.9,-0.111,
Mexico,2022-03-06,3052.7,-0.378,
Mexico,2022-03-07,3052.7,-0.378,
Mexico,2022-03-08,3052.7,-0.378,
Mexico,2022-03-09,3052.7,-0.378,
Mexico,2022-03-10,3052.7,-0.378,
Mexico,2022-03-11,3052.7,-0.378,
Mexico,2022-03-12,3052.7,-0.378,
Mexico,2022-03-13,2009.9,-0.501,
Mexico,2022-03-14,2009.9,-0.501,
Mexico,2022-03-15,2009.9,-0.501,
Mexico,2022-03-16,2009.9,-0.501,
Mexico,2022-03-17,2009.9,-0.501,
Mexico,2022-03-18,2009.9,-0.501,
Mexico,2022-03-19,2009.9,-0.501,
Mexico,2022-03-20,1438.3,-0.569,
Mexico,2022-03-21,1438.3,-0.569,
Mexico,2022-03-22,1438.3,-0.569,
Mexico,2022-03-23,1438.3,-0.569,
Mexico,2022-03-24,1438.3,-0.569,
Mexico,2022-03-25,1438.3,-0.569,
Mexico,2022-03-26,1438.3,-0.569,
Mexico,2022-03-27,988.6,-0.622,
Mexico,2022-03-28,988.6,-0.622,
Mexico,2022-03-29,988.6,-0.622,
Mexico,2022-03-30,988.6,-0.622,
Mexico,2022-03-31,988.6,-0.622,
Mexico,2022-04-01,988.6,-0.622,
Mexico,2022-04-02,988.6,-0.622,
Mexico,2022-04-03,931.9,-0.628,
Mexico,2022-04-04,931.9,-0.628,
Mexico,2022-04-05,931.9,-0.628,
Mexico,2022-04-06,931.9,-0.628,
Mexico,2022-04-07,931.9,-0.628,
Mexico,2022-04-08,931.9,-0.628,
Mexico,2022-04-09,931.9,-0.628,
Mexico,2022-04-10,679.6,-0.658,
Mexico,2022-04-11,679.6,-0.658,
Mexico,2022-04-12,679.6,-0.658,
Mexico,2022-04-13,679.6,-0.658,
Mexico,2022-04-14,679.6,-0.658,
Mexico,2022-04-15,679.6,-0.658,
Mexico,2022-04-16,679.6,-0.658,
Mexico,2022-04-17,457.9,-0.684,
Mexico,2022-04-18,457.9,-0.684,
Mexico,2022-04-19,457.9,-0.684,
Mexico,2022-04-20,457.9,-0.684,
Mexico,2022-04-21,457.9,-0.684,
Mexico,2022-04-22,457.9,-0.684,
Mexico,2022-04-23,457.9,-0.684,
Mexico,2022-04-24,549.4,-0.673,
Mexico,2022-04-25,549.4,-0.673,
Mexico,2022-04-26,549.4,-0.673,
Mexico,2022-04-27,549.4,-0.673,
Mexico,2022-04-28,549.4,-0.673,
Mexico,2022-04-29,549.4,-0.673,
Mexico,2022-04-30,549.4,-0.673,
Mexico,2022-05-01,570.4,-0.671,
Mexico,2022-05-02,570.4,-0.671,
Mexico,2022-05-03,570.4,-0.671,
Mexico,2022-05-04,570.4,-0.671,
Mexico,2022-05-05,570.4,-0.671,
Mexico,2022-05-06,570.4,-0.671,
Mexico,2022-05-07,570.4,-0.671,
Mexico,2022-05-08,617.7,-0.665,
Mexico,2022-05-09,617.7,-0.665,
Mexico,2022-05-10,617.7,-0.665,
Mexico,2022-05-11,617.7,-0.665,
Mexico,2022-05-12,617.7,-0.665,
Mexico,2022-05-13,617.7,-0.665,
Mexico,2022-05-14,617.7,-0.665,
Mexico,2022-05-15,765.6,-0.648,
Mexico,2022-05-16,765.6,-0.648,
Mexico,2022-05-17,765.6,-0.648,
Mexico,2022-05-18,765.6,-0.648,
Mexico,2022-05-19,765.6,-0.648,
Mexico,2022-05-20,765.6,-0.648,
Mexico,2022-05-21,765.6,-0.648,
Mexico,2022-05-22,1107.1,-0.608,
Mexico,2022-05-23,1107.1,-0.608,
Mexico,2022-05-24,1107.1,-0.608,
Mexico,2022-05-25,1107.1,-0.608,
Mexico,2022-05-26,1107.1,-0.608,
Mexico,2022-05-27,1107.1,-0.608,
Mexico,2022-05-28,1107.1,-0.608,
Mexico,2022-05-29,1748.1,-0.532,
Mexico,2022-05-30,1748.1,-0.532,
Mexico,2022-05-31,1748.1,-0.532,
Mexico,2022-06-01,1748.1,-0.532,
Mexico,2022-06-02,1748.1,-0.532,
Mexico,2022-06-03,1748.1,-0.532,
Mexico,2022-06-04,1748.1,-0.532,
Mexico,2022-06-05,2792.9,-0.409,
Mexico,2022-06-06,2792.9,-0.409,
Mexico,2022-06-07,2792.9,-0.409,
Mexico,2022-06-08,2792.9,-0.409,
Mexico,2022-06-09,2792.9,-0.409,
Mexico,2022-06-10,2792.9,-0.409,
Mexico,2022-06-11,2792.9,-0.409,
Mexico,2022-06-12,4910.1,-0.16,
Mexico,2022-06-13,4910.1,-0.16,
Mexico,2022-06-14,4910.1,-0.16,
Mexico,2022-06-15,4910.1,-0.16,
Mexico,2022-06-16,4910.1,-0.16,
Mexico,2022-06-17,4910.1,-0.16,
Mexico,2022-06-18,4910.1,-0.16,
Mexico,2022-06-19,7901.9,0.193,
Mexico,2022-06-20,7901.9,0.193,
Mexico,2022-06-21,7901.9,0.193,
Mexico,2022-06-22,7901.9,0.193,
Mexico,2022-06-23,7901.9,0.193,
Mexico,2022-06-24,7901.9,0.193,
Mexico,2022-06-25,7901.9,0.193,
Mexico,2022-06-26,13895.1,0.899,
Mexico,2022-06-27,13895.1,0.899,
Mexico,2022-06-28,13895.1,0.899,
Mexico,2022-06-29,13895.1,0.899,
Mexico,2022-06-30,13895.1,0.899,
Mexico,2022-07-01,13895.1,0.899,
Mexico,2022-07-02,13895.1,0.899,
Mexico,2022-07-03,21780.7,1.829,
Mexico,2022-07-04,21780.7,1.829,
Mexico,2022-07-05,21780.7,1.829,
Mexico,2022-07-06,21780.7,1.829,
Mexico,2022-07-07,21780.7,1.829,
Mexico,2022-07-08,21780.7,1.829,
Mexico,2022-07-09,21780.7,1.829,
Mexico,2022-07-10,28586.4,2.631,Y
Mexico,2022-07-11,28586.4,2.631,Y
Mexico,2022-07-12,28586.4,2.631,Y
Mexico,2022-07-13,28586.4,2.631,Y
Mexico,2022-07-14,28586.4,2.631,Y
Mexico,2022-07-15,28586.4,2.631,Y
Mexico,2022-07-16,28586.4,2.631,Y
Mexico,2022-07-17,30553.3,2.862,Y
Mexico,2022-07-18,30553.3,2.862,Y
Mexico,2022-07-19,30553.3,2.862,Y
Mexico,2022-07-20,30553.3,2.862,Y
Mexico,2022-07-21,30553.3,2.862,Y
Mexico,2022-07-22,30553.3,2.862,Y
Mexico,2022-07-23,30553.3,2.862,Y
Mexico,2022-07-24,25712.4,2.292,Y
Mexico,2022-07-25,25712.4,2.292,Y
Mexico,2022-07-26,25712.4,2.292,Y
Mexico,2022-07-27,25712.4,2.292,Y
Mexico,2022-07-28,25712.4,2.292,Y
Mexico,2022-07-29,25712.4,2.292,Y
Mexico,2022-07-30,25712.4,2.292,Y
Mexico,2022-07-31,17434.0,1.316,
Mexico,2022-08-01,17434.0,1.316,
Mexico,2022-08-02,17434.0,1.316,
Mexico,2022-08-03,17434.0,1.316,
Mexico,2022-08-04,17434.0,1.316,
Mexico,2022-08-05,17434.0,1.316,
Mexico,2022-08-06,17434.0,1.316,
Mexico,2022-08-07,11466.1,0.613,
Mexico,2022-08-08,11466.1,0.613,
Mexico,2022-08-09,11466.1,0.613,
Mexico,2022-08-10,11466.1,0.613,
Mexico,2022-08-11,11466.1,0.613,
Mexico,2022-08-12,11466.1,0.613,
Mexico,2022-08-13,11466.1,0.613,
Mexico,2022-08-14,7664.9,0.165,
Mexico,2022-08-15,7664.9,0.165,
Mexico,2022-08-16,7664.9,0.165,
Mexico,2022-08-17,7664.9,0.165,
Mexico,2022-08-18,7664.9,0.165,
Mexico,2022-08-19,7664.9,0.165,
Mexico,2022-08-20,7664.9,0.165,
Mexico,2022-08-21,4749.1,-0.178,
Mexico,2022-08-22,4749.1,-0.178,
Mexico,2022-08-23,4749.1,-0.178,
Mexico,2022-08-24,4749.1,-0.178,
Mexico,2022-08-25,4749.1,-0.178,
Mexico,2022-08-26,4749.1,-0.178,
Mexico,2022-08-27,4749.1,-0.178,
Mexico,2022-08-28,3279.4,-0.352,
Mexico,2022-08-29,3279.4,-0.352,
Mexico,2022-08-30,3279.4,-0.352,
Mexico,2022-08-31,3279.4,-0.352,
Mexico,2022-09-01,3279.4,-0.352,
Mexico,2022-09-02,3279.4,-0.352,
Mexico,2022-09-03,3279.4,-0.352,
Mexico,2022-09-04,2344.4,-0.462,
Mexico,2022-09-05,2344.4,-0.462,
Mexico,2022-09-06,2344.4,-0.462,
Mexico,2022-09-07,2344.4,-0.462,
Mexico,2022-09-08,2344.4,-0.462,
Mexico,2022-09-09,2344.4,-0.462,
Mexico,2022-09-10,2344.4,-0.462,
Mexico,2022-09-11,1722.1,-0.535,
Mexico,2022-09-12,1722.1,-0.535,
Mexico,2022-09-13,1722.1,-0.535,
Mexico,2022-09-14,1722.1,-0.535,
Mexico,2022-09-15,1722.1,-0.535,
Mexico,2022-09-16,1722.1,-0.535,
Mexico,2022-09-17,1722.1,-0.535,
Mexico,2022-09-18,1098.7,-0.609,
Mexico,2022-09-19,1098.7,-0.609,
Mexico,2022-09-20,1098.7,-0.609,
Mexico,2022-09-21,1098.7,-0.609,
Mexico,2022-09-22,1098.7,-0.609,
Mexico,2022-09-23,1098.7,-0.609,
Mexico,2022-09-24,1098.7,-0.609,
Mexico,2022-09-25,1096.1,-0.609,
Mexico,2022-09-26,1096.1,-0.609,
Mexico,2022-09-27,1096.1,-0.609,
Mexico,2022-09-28,1096.1,-0.609,
Mexico,2022-09-29,1096.1,-0.609,
Mexico,2022-09-30,1096.1,-0.609,
Mexico,2022-10-01,1096.1,-0.609,
Mexico,2022-10-02,742.7,-0.651,
Mexico,2022-10-03,742.7,-0.651,
Mexico,2022-10-04,742.7,-0.651,
Mexico,2022-10-05,742.7,-0.651,
Mexico,2022-10-06,742.7,-0.651,
Mexico,2022-10-07,742.7,-0.651,
Mexico,2022-10-08,742.7,-0.651,
Mexico,2022-10-09,554.0,-0.673,
Mexico,2022-10-10,554.0,-0.673,
Mexico,2022-10-11,554.0,-0.673,
Mexico,2022-10-12,554.0,-0.673,
Mexico,2022-10-13,554.0,-0.673,
Mexico,2022-10-14,554.0,-0.673,
Mexico,2022-10-15,554.0,-0.673,
Mexico,2022-10-16,409.6,-0.69,
Mexico,2022-10-17,409.6,-0.69,
Mexico,2022-10-18,409.6,-0.69,
Mexico,2022-10-19,409.6,-0.69,
Mexico,2022-10-20,409.6,-0.69,
Mexico,2022-10-21,409.6,-0.69,
Mexico,2022-10-22,409.6,-0.69,
Mexico,2022-10-23,379.6,-0.693,
Mexico,2022-10-24,379.6,-0.693,
Mexico,2022-10-25,379.6,-0.693,
Mexico,2022-10-26,379.6,-0.693,
Mexico,2022-10-27,379.6,-0.693,
Mexico,2022-10-28,379.6,-0.693,
Mexico,2022-10-29,379.6,-0.693,
Mexico,2022-10-30,405.7,-0.69,
Mexico,2022-10-31,405.7,-0.69,
Mexico,2022-11-01,405.7,-0.69,
Mexico,2022-11-02,405.7,-0.69,
Mexico,2022-11-03,405.7,-0.69,
Mexico,2022-11-04,405.7,-0.69,
Mexico,2022-11-05,405.7,-0.69,
Mexico,2022-11-06,413.7,-0.689,
Mexico,2022-11-07,413.7,-0.689,
Mexico,2022-11-08,413.7,-0.689,
Mexico,2022-11-09,413.7,-0.689,
Mexico,2022-11-10,413.7,-0.689,
Mexico,2022-11-11,413.7,-0.689,
Mexico,2022-11-12,413.7,-0.689,
Mexico,2022-11-13,629.0,-0.664,
Mexico,2022-11-14,629.0,-0.664,
Mexico,2022-11-15,629.0,-0.664,
Mexico,2022-11-16,629.0,-0.664,
Mexico,2022-11-17,629.0,-0.664,
Mexico,2022-11-18,629.0,-0.664,
Mexico,2022-11-19,629.0,-0.664,
Mexico,2022-11-20,810.0,-0.643,
Mexico,2022-11-21,810.0,-0.643,
Mexico,2022-11-22,810.0,-0.643,
Mexico,2022-11-23,810.0,-0.643,
Mexico,2022-11-24,810.0,-0.643,
Mexico,2022-11-25,810.0,-0.643,
Mexico,2022-11-26,810.0,-0.643,
Mexico,2022-11-27,1059.9,-0.613,
Mexico,2022-11-28,1059.9,-0.613,
Mexico,2022-11-29,1059.9,-0.613,
Mexico,2022-11-30,1059.9,-0.613,
Mexico,2022-12-01,1059.9,-0.613,
Mexico,2022-12-02,1059.9,-0.613,
Mexico,2022-12-03,1059.9,-0.613,
Mexico,2022-12-04,1821.3,-0.524,
Mexico,2022-12-05,1821.3,-0.524,
Mexico,2022-12-06,1821.3,-0.524,
Mexico,2022-12-07,1821.3,-0.524,
Mexico,2022-12-08,1821.3,-0.524,
Mexico,2022-12-09,1821.3,-0.524,
Mexico,2022-12-10,1821.3,-0.524,
Mexico,2022-12-11,2743.3,-0.415,
Mexico,2022-12-12,2743.3,-0.415,
Mexico,2022-12-13,2743.3,-0.415,
Mexico,2022-12-14,2743.3,-0.415,
Mexico,2022-12-15,2743.3,-0.415,
Mexico,2022-12-16,2743.3,-0.415,
Mexico,2022-12-17,2743.3,-0.415,
Mexico,2022-12-18,3817.1,-0.288,
Mexico,2022-12-19,3817.1,-0.288,
Mexico,2022-12-20,3817.1,-0.288,
Mexico,2022-12-21,3817.1,-0.288,
Mexico,2022-12-22,3817.1,-0.288,
Mexico,2022-12-23,3817.1,-0.288,
Mexico,2022-12-24,3817.1,-0.288,
Mexico,2022-12-25,4850.0,-0.167,
Mexico,2022-12-26,4850.0,-0.167,
Mexico,2022-12-27,4850.0,-0.167,
Mexico,2022-12-28,4850.0,-0.167,
Mexico,2022-12-29,4850.0,-0.167,
Mexico,2022-12-30,4850.0,-0.167,
Mexico,2022-12-31,4850.0,-0.167,
Mexico,2023-01-01,4402.3,-0.219,
Mexico,2023-01-02,4402.3,-0.219,
Mexico,2023-01-03,4402.3,-0.219,
Mexico,2023-01-04,4402.3,-0.219,
Mexico,2023-01-05,4402.3,-0.219,
Mexico,2023-01-06,4402.3,-0.219,
Mexico,2023-01-07,4402.3,-0.219,
Mexico,2023-01-08,4561.7,-0.201,
Mexico,2023-01-09,4561.7,-0.201,
Mexico,2023-01-10,4561.7,-0.201,
Mexico,2023-01-11,4561.7,-0.201,
Mexico,2023-01-12,4561.7,-0.201,
Mexico,2023-01-13,4561.7,-0.201,
Mexico,2023-01-14,4561.7,-0.201,
Mexico,2023-01-15,4233.9,-0.239,
Mexico,2023-01-16,4233.9,-0.239,
Mexico,2023-01-17,4233.9,-0.239,
Mexico,2023-01-18,4233.9,-0.239,
Mexico,2023-01-19,4233.9,-0.239,
Mexico,2023-01-20,4233.9,-0.239,
Mexico,2023-01-21,4233.9,-0.239,
Mexico,2023-01-22,3644.9,-0.309,
Mexico,2023-01-23,3644.9,-0.309,
Mexico,2023-01-24,3644.9,-0.309,
Mexico,2023-01-25,3644.9,-0.309,
Mexico,2023-01-26,3644.9,-0.309,
Mexico,2023-01-27,3644.9,-0.309,
Mexico,2023-01-28,3644.9,-0.309,
Mexico,2023-01-29,3370.9,-0.341,
Mexico,2023-01-30,3370.9,-0.341,
Mexico,2023-01-31,3370.9,-0.341,
Mexico,2023-02-01,3370.9,-0.341,
Mexico,2023-02-02,3370.9,-0.341,
Mexico,2023-02-03,3370.9,-0.341,
Mexico,2023-02-04,3370.9,-0.341,
Mexico,2023-02-05,2939.0,-0.392,
Mexico,2023-02-06,2939.0,-0.392,
Mexico,2023-02-07,2939.0,-0.392,
Mexico,2023-02-08,2939.0,-0.392,
Mexico,2023-02-09,2939.0,-0.392,
Mexico,2023-02-10,2939.0,-0.392,
Mexico,2023-02-11,2939.0,-0.392,
Mexico,2023-02-12,2670.6,-0.423,
Mexico,2023-02-13,2670.6,-0.423,
Mexico,2023-02-14,2670.6,-0.423,
Mexico,2023-02-15,2670.6,-0.423,
Mexico,2023-02-16,2670.6,-0.423,
Mexico,2023-02-17,2670.6,-0.423,
Mexico,2023-02-18,2670.6,-0.423,
Mexico,2023-02-19,2814.6,-0.406,
Mexico,2023-02-20,2814.6,-0.406,
Mexico,2023-02-21,2814.6,-0.406,
Mexico,2023-02-22,2814.6,-0.406,
Mexico,2023-02-23,2814.6,-0.406,
Mexico,2023-02-24,2814.6,-0.406,
Mexico,2023-02-25,2814.6,-0.406,
Mexico,2023-02-26,2900.7,-0.396,
Mexico,2023-02-27,2900.7,-0.396,
Mexico,2023-02-28,2900.7,-0.396,
Mexico,2023-03-01,2900.7,-0.396,
Mexico,2023-03-02,2900.7,-0.396,
Mexico,2023-03-03,2900.7,-0.396,
Mexico,2023-03-04,2900.7,-0.396,
Mexico,2023-03-05,2774.0,-0.411,
Mexico,2023-03-06,2774.0,-0.411,
Mexico,2023-03-07,2774.0,-0.411,
Mexico,2023-03-08,2774.0,-0.411,
Mexico,2023-03-09,2774.0,-0.411,
Mexico,2023-03-10,2774.0,-0.411,
Mexico,2023-03-11,2774.0,-0.411,
Mexico,2023-03-12,2901.9,-0.396,
Mexico,2023-03-13,2901.9,-0.396,
Mexico,2023-03-14,2901.9,-0.396,
Mexico,2023-03-15,2901.9,-0.396,
Mexico,2023-03-16,2901.9,-0.396,
Mexico,2023-03-17,2901.9,-0.396,
Mexico,2023-03-18,2901.9,-0.396,
Mexico,2023-03-19,2717.3,-0.418,
Mexico,2023-03-20,2717.3,-0.418,
Mexico,2023-03-21,2717.3,-0.418,
Mexico,2023-03-22,2717.3,-0.418,
Mexico,2023-03-23,2717.3,-0.418,
Mexico,2023-03-24,2717.3,-0.418,
Mexico,2023-03-25,2717.3,-0.418,
Mexico,2023-03-26,2193.9,-0.48,
Mexico,2023-03-27,2193.9,-0.48,
Mexico,2023-03-28,2193.9,-0.48,
Mexico,2023-03-29,2193.9,-0.48,
Mexico,2023-03-30,2193.9,-0.48,
Mexico,2023-03-31,2193.9,-0.48,
Mexico,2023-04-01,2193.9,-0.48,
Mexico,2023-04-02,2159.0,-0.484,
Mexico,2023-04-03,2159.0,-0.484,
Mexico,2023-04-04,2159.0,-0.484,
Mexico,2023-04-05,2159.0,-0.484,
Mexico,2023-04-06,2159.0,-0.484,
Mexico,2023-04-07,2159.0,-0.484,
Mexico,2023-04-08,2159.0,-0.484,
Mexico,2023-04-09,1229.7,-0.593,
Mexico,2023-04-10,1229.7,-0.593,
Mexico,2023-04-11,1229.7,-0.593,
Mexico,2023-04-12,1229.7,-0.593,
Mexico,2023-04-13,1229.7,-0.593,
Mexico,2023-04-14,1229.7,-0.593,
Mexico,2023-04-15,1229.7,-0.593,
Mexico,2023-04-16,1409.9,-0.572,
Mexico,2023-04-17,1409.9,-0.572,
Mexico,2023-04-18,1409.9,-0.572,
Mexico,2023-04-19,1409.9,-0.572,
Mexico,2023-04-20,1409.9,-0.572,
Mexico,2023-04-21,1409.9,-0.572,
Mexico,2023-04-22,1409.9,-0.572,
Mexico,2023-04-23,1343.0,-0.58,
Mexico,2023-04-24,1343.0,-0.58,
Mexico,2023-04-25,1343.0,-0.58,
Mexico,2023-04-26,1343.0,-0.58,
Mexico,2023-04-27,1343.0,-0.58,
Mexico,2023-04-28,1343.0,-0.58,
Mexico,2023-04-29,1343.0,-0.58,
Mexico,2023-04-30,1345.6,-0.58,
Mexico,2023-05-01,1345.6,-0.58,
Mexico,2023-05-02,1345.6,-0.58,
Mexico,2023-05-03,1345.6,-0.58,
Mexico,2023-05-04,1345.6,-0.58,
Mexico,2023-05-05,1345.6,-0.58,
South Africa,2020-01-10,0.0,-0.714,
South Africa,2020-01-11,0.0,-0.714,
South Africa,2020-01-12,0.0,-0.714,
South Africa,2020-01-13,0.0,-0.714,
South Africa,2020-01-14,0.0,-0.714,
South Africa,2020-01-15,0.0,-0.714,
South Africa,2020-01-16,0.0,-0.714,
South Africa,2020-01-17,0.0,-0.714,
South Africa,2020-01-18,0.0,-0.714,
South Africa,2020-01-19,0.0,-0.714,
South Africa,2020-01-20,0.0,-0.714,
South Africa,2020-01-21,0.0,-0.714,
South Africa,2020-01-22,0.0,-0.714,
South Africa,2020-01-23,0.0,-0.714,
South Africa,2020-01-24,0.0,-0.714,
South Africa,2020-01-25,0.0,-0.714,
South Africa,2020-01-26,0.0,-0.714,
South Africa,2020-01-27,0.0,-0.714,
South Africa,2020-01-28,0.0,-0.714,
South Africa,2020-01-29,0.0,-0.714,
South Africa,2020-01-30,0.0,-0.714,
South Africa,2020-01-31,0.0,-0.714,
South Africa,2020-02-01,0.0,-0.714,
South Africa,2020-02-02,0.0,-0.714,
South Africa,2020-02-03,0.0,-0.714,
South Africa,2020-02-04,0.0,-0.714,
South Africa,2020-02-05,0.0,-0.714,
South Africa,2020-02-06,0.0,-0.714,
South Africa,2020-02-07,0.0,-0.714,
South Africa,2020-02-08,0.0,-0.714,
South Africa,2020-02-09,0.0,-0.714,
South Africa,2020-02-10,0.0,-0.714,
South Africa,2020-02-11,0.0,-0.714,
South Africa,2020-02-12,0.0,-0.714,
South Africa,2020-02-13,0.0,-0.714,
South Africa,2020-02-14,0.0,-0.714,
South Africa,2020-02-15,0.0,-0.714,
South Africa,2020-02-16,0.0,-0.714,
South Africa,2020-02-17,0.0,-0.714,
South Africa,2020-02-18,0.0,-0.714,
South Africa,2020-02-19,0.0,-0.714,
South Africa,2020-02-20,0.0,-0.714,
South Africa,2020-02-21,0.0,-0.714,
South Africa,2020-02-22,0.0,-0.714,
South Africa,2020-02-23,0.0,-0.714,
South Africa,2020-02-24,0.0,-0.714,
South Africa,2020-02-25,0.0,-0.714,
South Africa,2020-02-26,0.0,-0.714,
South Africa,2020-02-27,0.0,-0.714,
South Africa,2020-02-28,0.0,-0.714,
South Africa,2020-02-29,0.0,-0.714,
South Africa,2020-03-01,0.0,-0.714,
South Africa,2020-03-02,0.0,-0.714,
South Africa,2020-03-03,0.0,-0.714,
South Africa,2020-03-04,0.0,-0.714,
South Africa,2020-03-05,0.0,-0.714,
South Africa,2020-03-06,0.0,-0.714,
South Africa,2020-03-07,0.0,-0.714,
South Africa,2020-03-08,0.3,-0.714,
South Africa,2020-03-09,0.3,-0.714,
South Africa,2020-03-10,0.3,-0.714,
South Africa,2020-03-11,0.3,-0.714,
South Africa,2020-03-12,0.3,-0.714,
South Africa,2020-03-13,0.3,-0.714,
South Africa,2020-03-14,0.3,-0.714,
South Africa,2020-03-15,5.1,-0.713,
South Africa,2020-03-16,5.1,-0.713,
South Africa,2020-03-17,5.1,-0.713,
South Africa,2020-03-18,5.1,-0.713,
South Africa,2020-03-19,5.1,-0.713,
South Africa,2020-03-20,5.1,-0.713,
South Africa,2020-03-21,5.1,-0.713,
South Africa,2020-03-22,28.9,-0.708,
South Africa,2020-03-23,28.9,-0.708,
South Africa,2020-03-24,28.9,-0.708,
South Africa,2020-03-25,28.9,-0.708,
South Africa,2020-03-26,28.9,-0.708,
South Africa,2020-03-27,28.9,-0.708,
South Africa,2020-03-28,28.9,-0.708,
South Africa,2020-03-29,135.3,-0.686,
South Africa,2020-03-30,135.3,-0.686,
South Africa,2020-03-31,135.3,-0.686,
South Africa,2020-04-01,135.3,-0.686,
South Africa,2020-04-02,135.3,-0.686,
South Africa,2020-04-03,135.3,-0.686,
South Africa,2020-04-04,135.3,-0.686,
South Africa,2020-04-05,56.9,-0.702,
South Africa,2020-04-06,56.9,-0.702,
South Africa,2020-04-07,56.9,-0.702,
South Africa,2020-04-08,56.9,-0.702,
South Africa,2020-04-09,56.9,-0.702,
South Africa,2020-04-10,56.9,-0.702,
South Africa,2020-04-11,56.9,-0.702,
South Africa,2020-04-12,63.3,-0.701,
South Africa,2020-04-13,63.3,-0.701,
South Africa,2020-04-14,63.3,-0.701,
South Africa,2020-04-15,63.3,-0.701,
South Africa,2020-04-16,63.3,-0.701,
South Africa,2020-04-17,63.3,-0.701,
South Africa,2020-04-18,63.3,-0.701,
South Africa,2020-04-19,143.7,-0.684,
South Africa,2020-04-20,143.7,-0.684,
South Africa,2020-04-21,143.7,-0.684,
South Africa,2020-04-22,143.7,-0.684,
South Africa,2020-04-23,143.7,-0.684,
South Africa,2020-04-24,143.7,-0.684,
South Africa,2020-04-25,143.7,-0.684,
South Africa,2020-04-26,189.6,-0.674,
South Africa,2020-04-27,189.6,-0.674,
South Africa,2020-04-28,189.6,-0.674,
South Africa,2020-04-29,189.6,-0.674,
South Africa,2020-04-30,189.6,-0.674,
South Africa,2020-05-01,189.6,-0.674,
South Africa,2020-05-02,189.6,-0.674,
South Africa,2020-05-03,282.1,-0.654,
South Africa,2020-05-04,282.1,-0.654,
South Africa,2020-05-05,282.1,-0.654,
South Africa,2020-05-06,282.1,-0.654,
South Africa,2020-05-07,282.1,-0.654,
South Africa,2020-05-08,282.1,-0.654,
South Africa,2020-05-09,282.1,-0.654,
South Africa,2020-05-10,440.6,-0.621,
South Africa,2020-05-11,440.6,-0.621,
South Africa,2020-05-12,440.6,-0.621,
South Africa,2020-05-13,440.6,-0.621,
South Africa,2020-05-14,440.6,-0.621,
South Africa,2020-05-15,440.6,-0.621,
South Africa,2020-05-16,440.6,-0.621,
South Africa,2020-05-17,705.0,-0.565,
South Africa,2020-05-18,705.0,-0.565,
South Africa,2020-05-19,705.0,-0.565,
South Africa,2020-05-20,705.0,-0.565,
South Africa,2020-05-21,705.0,-0.565,
South Africa,2020-05-22,705.0,-0.565,
South Africa,2020-05-23,705.0,-0.565,
South Africa,2020-05-24,998.3,-0.502,
South Africa,2020-05-25,998.3,-0.502,
South Africa,2020-05-26,998.3,-0.502,
South Africa,2020-05-27,998.3,-0.502,
South Africa,2020-05-28,998.3,-0.502,
South Africa,2020-05-29,998.3,-0.502,
South Africa,2020-05-30,998.3,-0.502,
South Africa,2020-05-31,1374.9,-0.422,
South Africa,2020-06-01,1374.9,-0.422,
South Africa,2020-06-02,1374.9,-0.422,
South Africa,2020-06-03,1374.9,-0.422,
South Africa,2020-06-04,1374.9,-0.422,
South Africa,2020-06-05,1374.9,-0.422,
South Africa,2020-06-06,1374.9,-0.422,
South Africa,2020-06-07,2143.7,-0.259,
South Africa,2020-06-08,2143.7,-0.259,
South Africa,2020-06-09,2143.7,-0.259,
South Africa,2020-06-10,2143.7,-0.259,
South Africa,2020-06-11,2143.7,-0.259,
South Africa,2020-06-12,2143.7,-0.259,
South Africa,2020-06-13,2143.7,-0.259,
South Africa,2020-06-14,2823.3,-0.114,
South Africa,2020-06-15,2823.3,-0.114,
South Africa,2020-06-16,2823.3,-0.114,
South Africa,2020-06-17,2823.3,-0.114,
South Africa,2020-06-18,2823.3,-0.114,
South Africa,2020-06-19,2823.3,-0.114,
South Africa,2020-06-20,2823.3,-0.114,
South Africa,2020-06-21,3849.3,0.104,
South Africa,2020-06-22,3849.3,0.104,
South Africa,2020-06-23,3849.3,0.104,
South Africa,2020-06-24,3849.3,0.104,
South Africa,2020-06-25,3849.3,0.104,
South Africa,2020-06-26,3849.3,0.104,
South Africa,2020-06-27,3849.3,0.104,
South Africa,2020-06-28,5588.4,0.474,
South Africa,2020-06-29,5588.4,0.474,
South Africa,2020-06-30,5588.4,0.474,
South Africa,2020-07-01,5588.4,0.474,
South Africa,2020-07-02,5588.4,0.474,
South Africa,2020-07-03,5588.4,0.474,
South Africa,2020-07-04,5588.4,0.474,
South Africa,2020-07-05,8025.3,0.992,
South Africa,2020-07-06,8025.3,0.992,
South Africa,2020-07-07,8025.3,0.992,
South Africa,2020-07-08,8025.3,0.992,
South Africa,2020-07-09,8025.3,0.992,
South Africa,2020-07-10,8025.3,0.992,
South Africa,2020-07-11,8025.3,0.992,
South Africa,2020-07-12,10886.7,1.6,
South Africa,2020-07-13,10886.7,1.6,
South Africa,2020-07-14,10886.7,1.6,
South Africa,2020-07-15,10886.7,1.6,
South Africa,2020-07-16,10886.7,1.6,
South Africa,2020-07-17,10886.7,1.6,
South Africa,2020-07-18,10886.7,1.6,
South Africa,2020-07-19,12385.0,1.919,
South Africa,2020-07-20,12385.0,1.919,
South Africa,2020-07-21,12385.0,1.919,
South Africa,2020-07-22,12385.0,1.919,
South Africa,2020-07-23,12385.0,1.919,
South Africa,2020-07-24,12385.0,1.919,
South Africa,2020-07-25,12385.0,1.919,
South Africa,2020-07-26,11903.0,1.816,
South Africa,2020-07-27,11903.0,1.816,
South Africa,2020-07-28,11903.0,1.816,
South Africa,2020-07-29,11903.0,1.816,
South Africa,2020-07-30,11903.0,1.816,
South Africa,2020-07-31,11903.0,1.816,
South Africa,2020-08-01,11903.0,1.816,
South Africa,2020-08-02,9870.0,1.384,
South Africa,2020-08-03,9870.0,1.384,
South Africa,2020-08-04,9870.0,1.384,
South Africa,2020-08-05,9870.0,1.384,
South Africa,2020-08-06,9870.0,1.384,
South Africa,2020-08-07,9870.0,1.384,
South Africa,2020-08-08,9870.0,1.384,
South Africa,2020-08-09,7128.3,0.801,
South Africa,2020-08-10,7128.3,0.801,
South Africa,2020-08-11,7128.3,0.801,
South Africa,2020-08-12,7128.3,0.801,
South Africa,2020-08-13,7128.3,0.801,
South Africa,2020-08-14,7128.3,0.801,
South Africa,2020-08-15,7128.3,0.801,
South Africa,2020-08-16,4352.1,0.211,
South Africa,2020-08-17,4352.1,0.211,
South Africa,2020-08-18,4352.1,0.211,
South Africa,2020-08-19,4352.1,0.211,
South Africa,2020-08-20,4352.1,0.211,
South Africa,2020-08-21,4352.1,0.211,
South Africa,2020-08-22,4352.1,0.211,
South Africa,2020-08-23,3341.7,-0.004,
South Africa,2020-08-24,3341.7,-0.004,
South Africa,2020-08-25,3341.7,-0.004,
South Africa,2020-08-26,3341.7,-0.004,
South Africa,2020-08-27,3341.7,-0.004,
South Africa,2020-08-28,3341.7,-0.004,
South Africa,2020-08-29,3341.7,-0.004,
South Africa,2020-08-30,2215.1,-0.243,
South Africa,2020-08-31,2215.1,-0.243,
South Africa,2020-09-01,2215.1,-0.243,
South Africa,2020-09-02,2215.1,-0.243,
South Africa,2020-09-03,2215.1,-0.243,
South Africa,2020-09-04,2215.1,-0.243,
South Africa,2020-09-05,2215.1,-0.243,
South Africa,2020-09-06,2047.6,-0.279,
South Africa,2020-09-07,2047.6,-0.279,
South Africa,2020-09-08,2047.6,-0.279,
South Africa,2020-09-09,2047.6,-0.279,
South Africa,2020-09-10,2047.6,-0.279,
South Africa,2020-09-11,2047.6,-0.279,
South Africa,2020-09-12,2047.6,-0.279,
South Africa,2020-09-13,1618.6,-0.37,
South Africa,2020-09-14,1618.6,-0.37,
South Africa,2020-09-15,1618.6,-0.37,
South Africa,2020-09-16,1618.6,-0.37,
South Africa,2020-09-17,1618.6,-0.37,
South Africa,2020-09-18,1618.6,-0.37,
South Africa,2020-09-19,1618.6,-0.37,
South Africa,2020-09-20,1634.6,-0.367,
South Africa,2020-09-21,1634.6,-0.367,
South Africa,2020-09-22,1634.6,-0.367,
South Africa,2020-09-23,1634.6,-0.367,
South Africa,2020-09-24,1634.6,-0.367,
South Africa,2020-09-25,1634.6,-0.367,
South Africa,2020-09-26,1634.6,-0.367,
South Africa,2020-09-27,1406.0,-0.416,
South Africa,2020-09-28,1406.0,-0.416,
South Africa,2020-09-29,1406.0,-0.416,
South Africa,2020-09-30,1406.0,-0.416,
South Africa,2020-10-01,1406.0,-0.416,
South Africa,2020-10-02,1406.0,-0.416,
South Africa,2020-10-03,1406.0,-0.416,
South Africa,2020-10-04,1459.7,-0.404,
South Africa,2020-10-05,1459.7,-0.404,
South Africa,2020-10-06,1459.7,-0.404,
South Africa,2020-10-07,1459.7,-0.404,
South Africa,2020-10-08,1459.7,-0.404,
South Africa,2020-10-09,1459.7,-0.404,
South Africa,2020-10-10,1459.7,-0.404,
South Africa,2020-10-11,1597.1,-0.375,
South Africa,2020-10-12,1597.1,-0.375,
South Africa,2020-10-13,1597.1,-0.375,
South Africa,2020-10-14,1597.1,-0.375,
South Africa,2020-10-15,1597.1,-0.375,
South Africa,2020-10-16,1597.1,-0.375,
South Africa,2020-10-17,1597.1,-0.375,
South Africa,2020-10-18,1605.0,-0.373,
South Africa,2020-10-19,1605.0,-0.373,
South Africa,2020-10-20,1605.0,-0.373,
South Africa,2020-10-21,1605.0,-0.373,
South Africa,2020-10-22,1605.0,-0.373,
South Africa,2020-10-23,1605.0,-0.373,
South Africa,2020-10-24,1605.0,-0.373,
South Africa,2020-10-25,1730.7,-0.346,
South Africa,2020-10-26,1730.7,-0.346,
South Africa,2020-10-27,1730.7,-0.346,
South Africa,2020-10-28,1730.7,-0.346,
South Africa,2020-10-29,1730.7,-0.346,
South Africa,2020-10-30,1730.7,-0.346,
South Africa,2020-10-31,1730.7,-0.346,
South Africa,2020-11-01,1600.9,-0.374,
South Africa,2020-11-02,1600.9,-0.374,
South Africa,2020-11-03,1600.9,-0.374,
South Africa,2020-11-04,1600.9,-0.374,
South Africa,2020-11-05,1600.9,-0.374,
South Africa,2020-11-06,1600.9,-0.374,
South Africa,2020-11-07,1600.9,-0.374,
South Africa,2020-11-08,1493.4,-0.397,
South Africa,2020-11-09,1493.4,-0.397,
South Africa,2020-11-10,1493.4,-0.397,
South Africa,2020-11-11,1493.4,-0.397,
South Africa,2020-11-12,1493.4,-0.397,
South Africa,2020-11-13,1493.4,-0.397,
South Africa,2020-11-14,1493.4,-0.397,
South Africa,2020-11-15,1896.6,-0.311,
South Africa,2020-11-16,1896.6,-0.311,
South Africa,2020-11-17,1896.6,-0.311,
South Africa,2020-11-18,1896.6,-0.311,
South Africa,2020-11-19,1896.6,-0.311,
South Africa,2020-11-20,1896.6,-0.311,
South Africa,2020-11-21,1896.6,-0.311,
South Africa,2020-11-22,2318.1,-0.222,
South Africa,2020-11-23,2318.1,-0.222,
South Africa,2020-11-24,2318.1,-0.222,
South Africa,2020-11-25,2318.1,-0.222,
South Africa,2020-11-26,2318.1,-0.222,
South Africa,2020-11-27,2318.1,-0.222,
South Africa,2020-11-28,2318.1,-0.222,
South Africa,2020-11-29,2818.6,-0.115,
South Africa,2020-11-30,2818.6,-0.115,
South Africa,2020-12-01,2818.6,-0.115,
South Africa,2020-12-02,2818.6,-0.115,
South Africa,2020-12-03,2818.6,-0.115,
South Africa,2020-12-04,2818.6,-0.115,
South Africa,2020-12-05,2818.6,-0.115,
South Africa,2020-12-06,3615.7,0.054,
South Africa,2020-12-07,3615.7,0.054,
South Africa,2020-12-08,3615.7,0.054,
South Africa,2020-12-09,3615.7,0.054,
South Africa,2020-12-10,3615.7,0.054,
South Africa,2020-12-11,3615.7,0.054,
South Africa,2020-12-12,3615.7,0.054,
South Africa,2020-12-13,6073.7,0.577,
South Africa,2020-12-14,6073.7,0.577,
South Africa,2020-12-15,6073.7,0.577,
South Africa,2020-12-16,6073.7,0.577,
South Africa,2020-12-17,6073.7,0.577,
South Africa,2020-12-18,6073.7,0.577,
South Africa,2020-12-19,6073.7,0.577,
South Africa,2020-12-20,8501.7,1.093,
South Africa,2020-12-21,8501.7,1.093,
South Africa,2020-12-22,8501.7,1.093,
South Africa,2020-12-23,8501.7,1.093,
South Africa,2020-12-24,8501.7,1.093,
South Africa,2020-12-25,8501.7,1.093,
South Africa,2020-12-26,8501.7,1.093,
South Africa,2020-12-27,11776.3,1.79,
South Africa,2020-12-28,11776.3,1.79,
South Africa,2020-12-29,11776.3,1.79,
South Africa,2020-12-30,11776.3,1.79,
South Africa,2020-12-31,11776.3,1.79,
South Africa,2021-01-01,11776.3,1.79,
South Africa,2021-01-02,11776.3,1.79,
South Africa,2021-01-03,13425.4,2.14,Y
South Africa,2021-01-04,13425.4,2.14,Y
South Africa,2021-01-05,13425.4,2.14,Y
South Africa,2021-01-06,13425.4,2.14,Y
South Africa,2021-01-07,13425.4,2.14,Y
South Africa,2021-01-08,13425.4,2.14,Y
South Africa,2021-01-09,13425.4,2.14,Y
South Africa,2021-01-10,17898.1,3.091,Y
South Africa,2021-01-11,17898.1,3.091,Y
South Africa,2021-01-12,17898.1,3.091,Y
South Africa,2021-01-13,17898.1,3.091,Y
South Africa,2021-01-14,17898.1,3.091,Y
South Africa,2021-01-15,17898.1,3.091,Y
South Africa,2021-01-16,17898.1,3.091,Y
South Africa,2021-01-17,15926.1,2.672,Y
South Africa,2021-01-18,15926.1,2.672,Y
South Africa,2021-01-19,15926.1,2.672,Y
South Africa,2021-01-20,15926.1,2.672,Y
South Africa,2021-01-21,15926.1,2.672,Y
South Africa,2021-01-22,15926.1,2.672,Y
South Africa,2021-01-23,15926.1,2.672,Y
South Africa,2021-01-24,11311.4,1.691,
South Africa,2021-01-25,11311.4,1.691,
South Africa,2021-01-26,11311.4,1.691,
South Africa,2021-01-27,11311.4,1.691,
South Africa,2021-01-28,11311.4,1.691,
South Africa,2021-01-29,11311.4,1.691,
South Africa,2021-01-30,11311.4,1.691,
South Africa,2021-01-31,6342.4,0.634,
South Africa,2021-02-01,6342.4,0.634,
South Africa,2021-02-02,6342.4,0.634,
South Africa,2021-02-03,6342.4,0.634,
South Africa,2021-02-04,6342.4,0.634,
South Africa,2021-02-05,6342.4,0.634,
South Africa,2021-02-06,6342.4,0.634,
South Africa,2021-02-07,3494.9,0.029,
South Africa,2021-02-08,3494.9,0.029,
South Africa,2021-02-09,3494.9,0.029,
South Africa,2021-02-10,3494.9,0.029,
South Africa,2021-02-11,3494.9,0.029,
South Africa,2021-02-12,3494.9,0.029,
South Africa,2021-02-13,3494.9,0.029,
South Africa,2021-02-14,2337.6,-0.217,
South Africa,2021-02-15,2337.6,-0.217,
South Africa,2021-02-16,2337.6,-0.217,
South Africa,2021-02-17,2337.6,-0.217,
South Africa,2021-02-18,2337.6,-0.217,
South Africa,2021-02-19,2337.6,-0.217,
South Africa,2021-02-20,2337.6,-0.217,
South Africa,2021-02-21,1757.7,-0.341,
South Africa,2021-02-22,1757.7,-0.341,
South Africa,2021-02-23,1757.7,-0.341,
South Africa,2021-02-24,1757.7,-0.341,
South Africa,2021-02-25,1757.7,-0.341,
South Africa,2021-02-26,1757.7,-0.341,
South Africa,2021-02-27,1757.7,-0.341,
South Africa,2021-02-28,1408.3,-0.415,
South Africa,2021-03-01,1408.3,-0.415,
South Africa,2021-03-02,1408.3,-0.415,
South Africa,2021-03-03,1408.3,-0.415,
South Africa,2021-03-04,1408.3,-0.415,
South Africa,2021-03-05,1408.3,-0.415,
South Africa,2021-03-06,1408.3,-0.415,
South Africa,2021-03-07,1140.1,-0.472,
South Africa,2021-03-08,1140.1,-0.472,
South Africa,2021-03-09,1140.1,-0.472,
South Africa,2021-03-10,1140.1,-0.472,
South Africa,2021-03-11,1140.1,-0.472,
South Africa,2021-03-12,1140.1,-0.472,
South Africa,2021-03-13,1140.1,-0.472,
South Africa,2021-03-14,1172.6,-0.465,
South Africa,2021-03-15,1172.6,-0.465,
South Africa,2021-03-16,1172.6,-0.465,
South Africa,2021-03-17,1172.6,-0.465,
South Africa,2021-03-18,1172.6,-0.465,
South Africa,2021-03-19,1172.6,-0.465,
South Africa,2021-03-20,1172.6,-0.465,
South Africa,2021-03-21,1198.1,-0.46,
South Africa,2021-03-22,1198.1,-0.46,
South Africa,2021-03-23,1198.1,-0.46,
South Africa,2021-03-24,1198.1,-0.46,
South Africa,2021-03-25,1198.1,-0.46,
South Africa,2021-03-26,1198.1,-0.46,
South Africa,2021-03-27,1198.1,-0.46,
South Africa,2021-03-28,1095.0,-0.482,
South Africa,2021-03-29,1095.0,-0.482,
South Africa,2021-03-30,1095.0,-0.482,
South Africa,2021-03-31,1095.0,-0.482,
South Africa,2021-04-01,1095.0,-0.482,
South Africa,2021-04-02,1095.0,-0.482,
South Africa,2021-04-03,1095.0,-0.482,
South Africa,2021-04-04,1005.0,-0.501,
South Africa,2021-04-05,1005.0,-0.501,
South Africa,2021-04-06,1005.0,-0.501,
South Africa,2021-04-07,1005.0,-0.501,
South Africa,2021-04-08,1005.0,-0.501,
South Africa,2021-04-09,1005.0,-0.501,
South Africa,2021-04-10,1005.0,-0.501,
South Africa,2021-04-11,860.9,-0.531,
South Africa,2021-04-12,860.9,-0.531,
South Africa,2021-04-13,860.9,-0.531,
South Africa,2021-04-14,860.9,-0.531,
South Africa,2021-04-15,860.9,-0.531,
South Africa,2021-04-16,860.9,-0.531,
South Africa,2021-04-17,860.9,-0.531,
South Africa,2021-04-18,1164.7,-0.467,
South Africa,2021-04-19,1164.7,-0.467,
South Africa,2021-04-20,1164.7,-0.467,
South Africa,2021-04-21,1164.7,-0.467,
South Africa,2021-04-22,1164.7,-0.467,
South Africa,2021-04-23,1164.7,-0.467,
South Africa,2021-04-24,1164.7,-0.467,
South Africa,2021-04-25,1241.4,-0.451,
South Africa,2021-04-26,1241.4,-0.451,
South Africa,2021-04-27,1241.4,-0.451,
South Africa,2021-04-28,1241.4,-0.451,
South Africa,2021-04-29,1241.4,-0.451,
South Africa,2021-04-30,1241.4,-0.451,
South Africa,2021-05-01,1241.4,-0.451,
South Africa,2021-05-02,1210.3,-0.457,
South Africa,2021-05-03,1210.3,-0.457,
South Africa,2021-05-04,1210.3,-0.457,
South Africa,2021-05-05,1210.3,-0.457,
South Africa,2021-05-06,1210.3,-0.457,
South Africa,2021-05-07,1210.3,-0.457,
South Africa,2021-05-08,1210.3,-0.457,
South Africa,2021-05-09,1710.7,-0.351,
South Africa,2021-05-10,1710.7,-0.351,
South Africa,2021-05-11,1710.7,-0.351,
South Africa,2021-05-12,1710.7,-0.351,
South Africa,2021-05-13,1710.7,-0.351,
South Africa,2021-05-14,1710.7,-0.351,
South Africa,2021-05-15,1710.7,-0.351,
South Africa,2021-05-16,2332.3,-0.219,
South Africa,2021-05-17,2332.3,-0.219,
South Africa,2021-05-18,2332.3,-0.219,
South Africa,2021-05-19,2332.3,-0.219,
South Africa,2021-05-20,2332.3,-0.219,
South Africa,2021-05-21,2332.3,-0.219,
South Africa,2021-05-22,2332.3,-0.219,
South Africa,2021-05-23,3061.1,-0.064,
South Africa,2021-05-24,3061.1,-0.064,
South Africa,2021-05-25,3061.1,-0.064,
South Africa,2021-05-26,3061.1,-0.064,
South Africa,2021-05-27,3061.1,-0.064,
South Africa,2021-05-28,3061.1,-0.064,
South Africa,2021-05-29,3061.1,-0.064,
South Africa,2021-05-30,3785.6,0.09,
South Africa,2021-05-31,3785.6,0.09,
South Africa,2021-06-01,3785.6,0.09,
South Africa,2021-06-02,3785.6,0.09,
South Africa,2021-06-03,3785.6,0.09,
South Africa,2021-06-04,3785.6,0.09,
South Africa,2021-06-05,3785.6,0.09,
South Africa,2021-06-06,4631.6,0.27,
South Africa,2021-06-07,4631.6,0.27,
South Africa,2021-06-08,4631.6,0.27,
South Africa,2021-06-09,4631.6,0.27,
South Africa,2021-06-10,4631.6,0.27,
South Africa,2021-06-11,4631.6,0.27,
South Africa,2021-06-12,4631.6,0.27,
South Africa,2021-06-13,6847.7,0.742,
South Africa,2021-06-14,6847.7,0.742,
South Africa,2021-06-15,6847.7,0.742,
South Africa,2021-06-16,6847.7,0.742,
South Africa,2021-06-17,6847.7,0.742,
South Africa,2021-06-18,6847.7,0.742,
South Africa,2021-06-19,6847.7,0.742,
South Africa,2021-06-20,10105.6,1.434,
South Africa,2021-06-21,10105.6,1.434,
South Africa,2021-06-22,10105.6,1.434,
South Africa,2021-06-23,10105.6,1.434,
South Africa,2021-06-24,10105.6,1.434,
South Africa,2021-06-25,10105.6,1.434,
South Africa,2021-06-26,10105.6,1.434,
South Africa,2021-06-27,14813.9,2.435,Y
South Africa,2021-06-28,14813.9,2.435,Y
South Africa,2021-06-29,14813.9,2.435,Y
South Africa,2021-06-30,14813.9,2.435,Y
South Africa,2021-07-01,14813.9,2.435,Y
South Africa,2021-07-02,14813.9,2.435,Y
South Africa,2021-07-03,14813.9,2.435,Y
South Africa,2021-07-04,18921.4,3.309,Y
South Africa,2021-07-05,18921.4,3.309,Y
South Africa,2021-07-06,18921.4,3.309,Y
South Africa,2021-07-07,18921.4,3.309,Y
South Africa,2021-07-08,18921.4,3.309,Y
South Africa,2021-07-09,18921.4,3.309,Y
South Africa,2021-07-10,18921.4,3.309,Y
South Africa,2021-07-11,18998.0,3.325,Y
South Africa,2021-07-12,18998.0,3.325,Y
South Africa,2021-07-13,18998.0,3.325,Y
South Africa,2021-07-14,18998.0,3.325,Y
South Africa,2021-07-15,18998.0,3.325,Y
South Africa,2021-07-16,18998.0,3.325,Y
South Africa,2021-07-17,18998.0,3.325,Y
South Africa,2021-07-18,14940.4,2.462,Y
South Africa,2021-07-19,14940.4,2.462,Y
South Africa,2021-07-20,14940.4,2.462,Y
South Africa,2021-07-21,14940.4,2.462,Y
South Africa,2021-07-22,14940.4,2.462,Y
South Africa,2021-07-23,14940.4,2.462,Y
South Africa,2021-07-24,14940.4,2.462,Y
South Africa,2021-07-25,12032.1,1.844,
South Africa,2021-07-26,12032.1,1.844,
South Africa,2021-07-27,12032.1,1.844,
South Africa,2021-07-28,12032.1,1.844,
South Africa,2021-07-29,12032.1,1.844,
South Africa,2021-07-30,12032.1,1.844,
South Africa,2021-07-31,12032.1,1.844,
South Africa,2021-08-01,11335.6,1.696,
South Africa,2021-08-02,11335.6,1.696,
South Africa,2021-08-03,11335.6,1.696,
South Africa,2021-08-04,11335.6,1.696,
South Africa,2021-08-05,11335.6,1.696,
South Africa,2021-08-06,11335.6,1.696,
South Africa,2021-08-07,11335.6,1.696,
South Africa,2021-08-08,10862.0,1.595,
South Africa,2021-08-09,10862.0,1.595,
South Africa,2021-08-10,10862.0,1.595,
South Africa,2021-08-11,10862.0,1.595,
South Africa,2021-08-12,10862.0,1.595,
South Africa,2021-08-13,10862.0,1.595,
South Africa,2021-08-14,10862.0,1.595,
South Africa,2021-08-15,10279.9,1.471,
South Africa,2021-08-16,10279.9,1.471,
South Africa,2021-08-17,10279.9,1.471,
South Africa,2021-08-18,10279.9,1.471,
South Africa,2021-08-19,10279.9,1.471,
South Africa,2021-08-20,10279.9,1.471,
South Africa,2021-08-21,10279.9,1.471,
South Africa,2021-08-22,12111.1,1.861,
South Africa,2021-08-23,12111.1,1.861,
South Africa,2021-08-24,12111.1,1.861,
South Africa,2021-08-25,12111.1,1.861,
South Africa,2021-08-26,12111.1,1.861,
South Africa,2021-08-27,12111.1,1.861,
South Africa,2021-08-28,12111.1,1.861,
South Africa,2021-08-29,10995.1,1.623,
South Africa,2021-08-30,10995.1,1.623,
South Africa,2021-08-31,10995.1,1.623,
South Africa,2021-09-01,10995.1,1.623,
South Africa,2021-09-02,10995.1,1.623,
South Africa,2021-09-03,10995.1,1.623,
South Africa,2021-09-04,10995.1,1.623,
South Africa,2021-09-05,8117.6,1.012,
South Africa,2021-09-06,8117.6,1.012,
South Africa,2021-09-07,8117.6,1.012,
South Africa,2021-09-08,8117.6,1.012,
South Africa,2021-09-09,8117.6,1.012,
South Africa,2021-09-10,8117.6,1.012,
South Africa,2021-09-11,8117.6,1.012,
South Africa,2021-09-12,5745.7,0.507,
South Africa,2021-09-13,5745.7,0.507,
South Africa,2021-09-14,5745.7,0.507,
South Africa,2021-09-15,5745.7,0.507,
South Africa,2021-09-16,5745.7,0.507,
South Africa,2021-09-17,5745.7,0.507,
South Africa,2021-09-18,5745.7,0.507,
South Africa,2021-09-19,3730.7,0.079,
South Africa,2021-09-20,3730.7,0.079,
South Africa,2021-09-21,3730.7,0.079,
South Africa,2021-09-22,3730.7,0.079,
South Africa,2021-09-23,3730.7,0.079,
South Africa,2021-09-24,3730.7,0.079,
South Africa,2021-09-25,3730.7,0.079,
South Africa,2021-09-26,2232.4,-0.24,
South Africa,2021-09-27,2232.4,-0.24,
South Africa,2021-09-28,2232.4,-0.24,
South Africa,2021-09-29,2232.4,-0.24,
South Africa,2021-09-30,2232.4,-0.24,
South Africa,2021-10-01,2232.4,-0.24,
South Africa,2021-10-02,2232.4,-0.24,
South Africa,2021-10-03,1376.7,-0.422,
South Africa,2021-10-04,1376.7,-0.422,
South Africa,2021-10-05,1376.7,-0.422,
South Africa,2021-10-06,1376.7,-0.422,
South Africa,2021-10-07,1376.7,-0.422,
South Africa,2021-10-08,1376.7,-0.422,
South Africa,2021-10-09,1376.7,-0.422,
South Africa,2021-10-10,840.6,-0.536,
South Africa,2021-10-11,840.6,-0.536,
South Africa,2021-10-12,840.6,-0.536,
South Africa,2021-10-13,840.6,-0.536,
South Africa,2021-10-14,840.6,-0.536,
South Africa,2021-10-15,840.6,-0.536,
South Africa,2021-10-16,840.6,-0.536,
South Africa,2021-10-17,668.9,-0.572,
South Africa,2021-10-18,668.9,-0.572,
South Africa,2021-10-19,668.9,-0.572,
South Africa,2021-10-20,668.9,-0.572,
South Africa,2021-10-21,668.9,-0.572,
South Africa,2021-10-22,668.9,-0.572,
South Africa,2021-10-23,668.9,-0.572,
South Africa,2021-10-24,450.4,-0.619,
South Africa,2021-10-25,450.4,-0.619,
South Africa,2021-10-26,450.4,-0.619,
South Africa,2021-10-27,450.4,-0.619,
South Africa,2021-10-28,450.4,-0.619,
South Africa,2021-10-29,450.4,-0.619,
South Africa,2021-10-30,450.4,-0.619,
South Africa,2021-10-31,364.9,-0.637,
South Africa,2021-11-01,364.9,-0.637,
South Africa,2021-11-02,364.9,-0.637,
South Africa,2021-11-03,364.9,-0.637,
South Africa,2021-11-04,364.9,-0.637,
South Africa,2021-11-05,364.9,-0.637,
South Africa,2021-11-06,364.9,-0.637,
South Africa,2021-11-07,266.4,-0.658,
South Africa,2021-11-08,266.4,-0.658,
South Africa,2021-11-09,266.4,-0.658,
South Africa,2021-11-10,266.4,-0.658,
South Africa,2021-11-11,266.4,-0.658,
South Africa,2021-11-12,266.4,-0.658,
South Africa,2021-11-13,266.4,-0.658,
South Africa,2021-11-14,275.1,-0.656,
South Africa,2021-11-15,275.1,-0.656,
South Africa,2021-11-16,275.1,-0.656,
South Africa,2021-11-17,275.1,-0.656,
South Africa,2021-11-18,275.1,-0.656,
South Africa,2021-11-19,275.1,-0.656,
South Africa,2021-11-20,275.1,-0.656,
South Africa,2021-11-21,499.7,-0.608,
South Africa,2021-11-22,499.7,-0.608,
South Africa,2021-11-23,499.7,-0.608,
South Africa,2021-11-24,499.7,-0.608,
South Africa,2021-11-25,499.7,-0.608,
South Africa,2021-11-26,499.7,-0.608,
South Africa,2021-11-27,499.7,-0.608,
South Africa,2021-11-28,4196.1,0.178,
South Africa,2021-11-29,4196.1,0.178,
South Africa,2021-11-30,4196.1,0.178,
South Africa,2021-12-01,4196.1,0.178,
South Africa,2021-12-02,4196.1,0.178,
South Africa,2021-12-03,4196.1,0.178,
South Africa,2021-12-04,4196.1,0.178,
South Africa,2021-12-05,8860.1,1.169,
South Africa,2021-12-06,8860.1,1.169,
South Africa,2021-12-07,8860.1,1.169,
South Africa,2021-12-08,8860.1,1.169,
South Africa,2021-12-09,8860.1,1.169,
South Africa,2021-12-10,8860.1,1.169,
South Africa,2021-12-11,8860.1,1.169,
South Africa,2021-12-12,15579.0,2.598,Y
South Africa,2021-12-13,15579.0,2.598,Y
South Africa,2021-12-14,15579.0,2.598,Y
South Africa,2021-12-15,15579.0,2.598,Y
South Africa,2021-12-16,15579.0,2.598,Y
South Africa,2021-12-17,15579.0,2.598,Y
South Africa,2021-12-18,15579.0,2.598,Y
South Africa,2021-12-19,23283.9,4.236,Y
South Africa,2021-12-20,23283.9,4.236,Y
South Africa,2021-12-21,23283.9,4.236,Y
South Africa,2021-12-22,23283.9,4.236,Y
South Africa,2021-12-23,23283.9,4.236,Y
South Africa,2021-12-24,23283.9,4.236,Y
South Africa,2021-12-25,23283.9,4.236,Y
South Africa,2021-12-26,16475.4,2.789,Y
South Africa,2021-12-27,16475.4,2.789,Y
South Africa,2021-12-28,16475.4,2.789,Y
South Africa,2021-12-29,16475.4,2.789,Y
South Africa,2021-12-30,16475.4,2.789,Y
South Africa,2021-12-31,16475.4,2.789,Y
South Africa,2022-01-01,16475.4,2.789,Y
South Africa,2022-01-02,8591.7,1.112,
South Africa,2022-01-03,8591.7,1.112,
South Africa,2022-01-04,8591.7,1.112,
South Africa,2022-01-05,8591.7,1.112,
South Africa,2022-01-06,8591.7,1.112,
South Africa,2022-01-07,8591.7,1.112,
South Africa,2022-01-08,8591.7,1.112,
South Africa,2022-01-09,7633.3,0.909,
South Africa,2022-01-10,7633.3,0.909,
South Africa,2022-01-11,7633.3,0.909,
South Africa,2022-01-12,7633.3,0.909,
South Africa,2022-01-13,7633.3,0.909,
South Africa,2022-01-14,7633.3,0.909,
South Africa,2022-01-15,7633.3,0.909,
South Africa,2022-01-16,5017.3,0.352,
South Africa,2022-01-17,5017.3,0.352,
South Africa,2022-01-18,5017.3,0.352,
South Africa,2022-01-19,5017.3,0.352,
South Africa,2022-01-20,5017.3,0.352,
South Africa,2022-01-21,5017.3,0.352,
South Africa,2022-01-22,5017.3,0.352,
South Africa,2022-01-23,3256.4,-0.022,
South Africa,2022-01-24,3256.4,-0.022,
South Africa,2022-01-25,3256.4,-0.022,
South Africa,2022-01-26,3256.4,-0.022,
South Africa,2022-01-27,3256.4,-0.022,
South Africa,2022-01-28,3256.4,-0.022,
South Africa,2022-01-29,3256.4,-0.022,
South Africa,2022-01-30,3171.7,-0.04,
South Africa,2022-01-31,3171.7,-0.04,
South Africa,2022-02-01,3171.7,-0.04,
South Africa,2022-02-02,3171.7,-0.04,
South Africa,2022-02-03,3171.7,-0.04,
South Africa,2022-02-04,3171.7,-0.04,
South Africa,2022-02-05,3171.7,-0.04,
South Africa,2022-02-06,2940.0,-0.089,
South Africa,2022-02-07,2940.0,-0.089,
South Africa,2022-02-08,2940.0,-0.089,
South Africa,2022-02-09,2940.0,-0.089,
South Africa,2022-02-10,2940.0,-0.089,
South Africa,2022-02-11,2940.0,-0.089,
South Africa,2022-02-12,2940.0,-0.089,
South Africa,2022-02-13,2564.6,-0.169,
South Africa,2022-02-14,2564.6,-0.169,
South Africa,2022-02-15,2564.6,-0.169,
South Africa,2022-02-16,2564.6,-0.169,
South Africa,2022-02-17,2564.6,-0.169,
South Africa,2022-02-18,2564.6,-0.169,
South Africa,2022-02-19,2564.6,-0.169,
South Africa,2022-02-20,2418.4,-0.2,
South Africa,2022-02-21,2418.4,-0.2,
South Africa,2022-02-22,2418.4,-0.2,
South Africa,2022-02-23,2418.4,-0.2,
South Africa,2022-02-24,2418.4,-0.2,
South Africa,2022-02-25,2418.4,-0.2,
South Africa,2022-02-26,2418.4,-0.2,
South Africa,2022-02-27,2128.6,-0.262,
South Africa,2022-02-28,2128.6,-0.262,
South Africa,2022-03-01,2128.6,-0.262,
South Africa,2022-03-02,2128.6,-0.262,
South Africa,2022-03-03,2128.6,-0.262,
South Africa,2022-03-04,2128.6,-0.262,
South Africa,2022-03-05,2128.6,-0.262,
South Africa,2022-03-06,1597.3,-0.375,
South Africa,2022-03-07,1597.3,-0.375,
South Africa,2022-03-08,1597.3,-0.375,
South Africa,2022-03-09,1597.3,-0.375,
South Africa,2022-03-10,1597.3,-0.375,
South Africa,2022-03-11,1597.3,-0.375,
South Africa,2022-03-12,1597.3,-0.375,
South Africa,2022-03-13,1480.0,-0.4,
South Africa,2022-03-14,1480.0,-0.4,
South Africa,2022-03-15,1480.0,-0.4,
South Africa,2022-03-16,1480.0,-0.4,
South Africa,2022-03-17,1480.0,-0.4,
South Africa,2022-03-18,1480.0,-0.4,
South Africa,2022-03-19,1480.0,-0.4,
South Africa,2022-03-20,1399.6,-0.417,
South Africa,2022-03-21,1399.6,-0.417,
South Africa,2022-03-22,1399.6,-0.417,
South Africa,2022-03-23,1399.6,-0.417,
South Africa,2022-03-24,1399.6,-0.417,
South Africa,2022-03-25,1399.6,-0.417,
South Africa,2022-03-26,1399.6,-0.417,
South Africa,2022-03-27,1276.3,-0.443,
South Africa,2022-03-28,1276.3,-0.443,
South Africa,2022-03-29,1276.3,-0.443,
South Africa,2022-03-30,1276.3,-0.443,
South Africa,2022-03-31,1276.3,-0.443,
South Africa,2022-04-01,1276.3,-0.443,
South Africa,2022-04-02,1276.3,-0.443,
South Africa,2022-04-03,1400.3,-0.417,
South Africa,2022-04-04,1400.3,-0.417,
South Africa,2022-04-05,1400.3,-0.417,
South Africa,2022-04-06,1400.3,-0.417,
South Africa,2022-04-07,1400.3,-0.417,
South Africa,2022-04-08,1400.3,-0.417,
South Africa,2022-04-09,1400.3,-0.417,
South Africa,2022-04-10,1311.7,-0.436,
South Africa,2022-04-11,1311.7,-0.436,
South Africa,2022-04-12,1311.7,-0.436,
South Africa,2022-04-13,1311.7,-0.436,
South Africa,2022-04-14,1311.7,-0.436,
South Africa,2022-04-15,1311.7,-0.436,
South Africa,2022-04-16,1311.7,-0.436,
South Africa,2022-04-17,1307.3,-0.437,
South Africa,2022-04-18,1307.3,-0.437,
South Africa,2022-04-19,1307.3,-0.437,
South Africa,2022-04-20,1307.3,-0.437,
South Africa,2022-04-21,1307.3,-0.437,
South Africa,2022-04-22,1307.3,-0.437,
South Africa,2022-04-23,1307.3,-0.437,
South Africa,2022-04-24,2755.9,-0.128,
South Africa,2022-04-25,2755.9,-0.128,
South Africa,2022-04-26,2755.9,-0.128,
South Africa,2022-04-27,2755.9,-0.128,
South Africa,2022-04-28,2755.9,-0.128,
South Africa,2022-04-29,2755.9,-0.128,
South Africa,2022-04-30,2755.9,-0.128,
South Africa,2022-05-01,4605.1,0.265,
South Africa,2022-05-02,4605.1,0.265,
South Africa,2022-05-03,4605.1,0.265,
South Africa,2022-05-04,4605.1,0.265,
South Africa,2022-05-05,4605.1,0.265,
South Africa,2022-05-06,4605.1,0.265,
South Africa,2022-05-07,4605.1,0.265,
South Africa,2022-05-08,6282.4,0.621,
South Africa,2022-05-09,6282.4,0.621,
South Africa,2022-05-10,6282.4,0.621,
South Africa,2022-05-11,6282.4,0.621,
South Africa,2022-05-12,6282.4,0.621,
South Africa,2022-05-13,6282.4,0.621,
South Africa,2022-05-14,6282.4,0.621,
South Africa,2022-05-15,7363.9,0.851,
South Africa,2022-05-16,7363.9,0.851,
South Africa,2022-05-17,7363.9,0.851,
South Africa,2022-05-18,7363.9,0.851,
South Africa,2022-05-19,7363.9,0.851,
South Africa,2022-05-20,7363.9,0.851,
South Africa,2022-05-21,7363.9,0.851,
South Africa,2022-05-22,5600.4,0.476,
South Africa,2022-05-23,5600.4,0.476,
South Africa,2022-05-24,5600.4,0.476,
South Africa,2022-05-25,5600.4,0.476,
South Africa,2022-05-26,5600.4,0.476,
South Africa,2022-05-27,5600.4,0.476,
South Africa,2022-05-28,5600.4,0.476,
South Africa,2022-05-29,3648.7,0.061,
South Africa,2022-05-30,3648.7,0.061,
South Africa,2022-05-31,3648.7,0.061,
South Africa,2022-06-01,3648.7,0.061,
South Africa,2022-06-02,3648.7,0.061,
South Africa,2022-06-03,3648.7,0.061,
South Africa,2022-06-04,3648.7,0.061,
South Africa,2022-06-05,2126.4,-0.262,
South Africa,2022-06-06,2126.4,-0.262,
South Africa,2022-06-07,2126.4,-0.262,
South Africa,2022-06-08,2126.4,-0.262,
South Africa,2022-06-09,2126.4,-0.262,
South Africa,2022-06-10,2126.4,-0.262,
South Africa,2022-06-11,2126.4,-0.262,
South Africa,2022-06-12,1507.1,-0.394,
South Africa,2022-06-13,1507.1,-0.394,
South Africa,2022-06-14,1507.1,-0.394,
South Africa,2022-06-15,1507.1,-0.394,
South Africa,2022-06-16,1507.1,-0.394,
South Africa,2022-06-17,1507.1,-0.394,
South Africa,2022-06-18,1507.1,-0.394,
South Africa,2022-06-19,1139.7,-0.472,
South Africa,2022-06-20,1139.7,-0.472,
South Africa,2022-06-21,1139.7,-0.472,
South Africa,2022-06-22,1139.7,-0.472,
South Africa,2022-06-23,1139.7,-0.472,
South Africa,2022-06-24,1139.7,-0.472,
South Africa,2022-06-25,1139.7,-0.472,
South Africa,2022-06-26,977.6,-0.507,
South Africa,2022-06-27,977.6,-0.507,
South Africa,2022-06-28,977.6,-0.507,
South Africa,2022-06-29,977.6,-0.507,
South Africa,2022-06-30,977.6,-0.507,
South Africa,2022-07-01,977.6,-0.507,
South Africa,2022-07-02,977.6,-0.507,
South Africa,2022-07-03,406.0,-0.628,
South Africa,2022-07-04,406.0,-0.628,
South Africa,2022-07-05,406.0,-0.628,
South Africa,2022-07-06,406.0,-0.628,
South Africa,2022-07-07,406.0,-0.628,
South Africa,2022-07-08,406.0,-0.628,
South Africa,2022-07-09,406.0,-0.628,
South Africa,2022-07-10,282.6,-0.654,
South Africa,2022-07-11,282.6,-0.654,
South Africa,2022-07-12,282.6,-0.654,
South Africa,2022-07-13,282.6,-0.654,
South Africa,2022-07-14,282.6,-0.654,
South Africa,2022-07-15,282.6,-0.654,
South Africa,2022-07-16,282.6,-0.654,
South Africa,2022-07-17,354.6,-0.639,
South Africa,2022-07-18,354.6,-0.639,
South Africa,2022-07-19,354.6,-0.639,
South Africa,2022-07-20,354.6,-0.639,
South Africa,2022-07-21,354.6,-0.639,
South Africa,2022-07-22,354.6,-0.639,
South Africa,2022-07-23,354.6,-0.639,
South Africa,2022-07-24,340.3,-0.642,
South Africa,2022-07-25,340.3,-0.642,
South Africa,2022-07-26,340.3,-0.642,
South Africa,2022-07-27,340.3,-0.642,
South Africa,2022-07-28,340.3,-0.642,
South Africa,2022-07-29,340.3,-0.642,
South Africa,2022-07-30,340.3,-0.642,
South Africa,2022-07-31,427.3,-0.624,
South Africa,2022-08-01,427.3,-0.624,
South Africa,2022-08-02,427.3,-0.624,
South Africa,2022-08-03,427.3,-0.624,
South Africa,2022-08-04,427.3,-0.624,
South Africa,2022-08-05,427.3,-0.624,
South Africa,2022-08-06,427.3,-0.624,
South Africa,2022-08-07,249.6,-0.661,
South Africa,2022-08-08,249.6,-0.661,
South Africa,2022-08-09,249.6,-0.661,
South Africa,2022-08-10,249.6,-0.661,
South Africa,2022-08-11,249.6,-0.661,
South Africa,2022-08-12,249.6,-0.661,
South Africa,2022-08-13,249.6,-0.661,
South Africa,2022-08-14,184.7,-0.675,
South Africa,2022-08-15,184.7,-0.675,
South Africa,2022-08-16,184.7,-0.675,
South Africa,2022-08-17,184.7,-0.675,
South Africa,2022-08-18,184.7,-0.675,
South Africa,2022-08-19,184.7,-0.675,
South Africa,2022-08-20,184.7,-0.675,
South Africa,2022-08-21,223.7,-0.667,
South Africa,2022-08-22,223.7,-0.667,
South Africa,2022-08-23,223.7,-0.667,
South Africa,2022-08-24,223.7,-0.667,
South Africa,2022-08-25,223.7,-0.667,
South Africa,2022-08-26,223.7,-0.667,
South Africa,2022-08-27,223.7,-0.667,
South Africa,2022-08-28,211.4,-0.67,
South Africa,2022-08-29,211.4,-0.67,
South Africa,2022-08-30,211.4,-0.67,
South Africa,2022-08-31,211.4,-0.67,
South Africa,2022-09-01,211.4,-0.67,
South Africa,2022-09-02,211.4,-0.67,
South Africa,2022-09-03,211.4,-0.67,
South Africa,2022-09-04,182.1,-0.676,
South Africa,2022-09-05,182.1,-0.676,
South Africa,2022-09-06,182.1,-0.676,
South Africa,2022-09-07,182.1,-0.676,
South Africa,2022-09-08,182.1,-0.676,
South Africa,2022-09-09,182.1,-0.676,
South Africa,2022-09-10,182.1,-0.676,
South Africa,2022-09-11,256.0,-0.66,
South Africa,2022-09-12,256.0,-0.66,
South Africa,2022-09-13,256.0,-0.66,
South Africa,2022-09-14,256.0,-0.66,
South Africa,2022-09-15,256.0,-0.66,
South Africa,2022-09-16,256.0,-0.66,
South Africa,2022-09-17,256.0,-0.66,
South Africa,2022-09-18,229.0,-0.666,
South Africa,2022-09-19,229.0,-0.666,
South Africa,2022-09-20,229.0,-0.666,
South Africa,2022-09-21,229.0,-0.666,
South Africa,2022-09-22,229.0,-0.666,
South Africa,2022-09-23,229.0,-0.666,
South Africa,2022-09-24,229.0,-0.666,
South Africa,2022-09-25,183.3,-0.675,
South Africa,2022-09-26,183.3,-0.675,
South Africa,2022-09-27,183.3,-0.675,
South Africa,2022-09-28,183.3,-0.675,
South Africa,2022-09-29,183.3,-0.675,
South Africa,2022-09-30,183.3,-0.675,
South Africa,2022-10-01,183.3,-0.675,
South Africa,2022-10-02,229.3,-0.666,
South Africa,2022-10-03,229.3,-0.666,
South Africa,2022-10-04,229.3,-0.666,
South Africa,2022-10-05,229.3,-0.666,
South Africa,2022-10-06,229.3,-0.666,
South Africa,2022-10-07,229.3,-0.666,
South Africa,2022-10-08,229.3,-0.666,
South Africa,2022-10-09,288.6,-0.653,
South Africa,2022-10-10,288.6,-0.653,
South Africa,2022-10-11,288.6,-0.653,
South Africa,2022-10-12,288.6,-0.653,
South Africa,2022-10-13,288.6,-0.653,
South Africa,2022-10-14,288.6,-0.653,
South Africa,2022-10-15,288.6,-0.653,
South Africa,2022-10-16,367.1,-0.636,
South Africa,2022-10-17,367.1,-0.636,
South Africa,2022-10-18,367.1,-0.636,
South Africa,2022-10-19,367.1,-0.636,
South Africa,2022-10-20,367.1,-0.636,
South Africa,2022-10-21,367.1,-0.636,
South Africa,2022-10-22,367.1,-0.636,
South Africa,2022-10-23,288.1,-0.653,
South Africa,2022-10-24,288.1,-0.653,
South Africa,2022-10-25,288.1,-0.653,
South Africa,2022-10-26,288.1,-0.653,
South Africa,2022-10-27,288.1,-0.653,
South Africa,2022-10-28,288.1,-0.653,
South Africa,2022-10-29,288.1,-0.653,
South Africa,2022-10-30,338.4,-0.643,
South Africa,2022-10-31,338.4,-0.643,
South Africa,2022-11-01,338.4,-0.643,
South Africa,2022-11-02,338.4,-0.643,
South Africa,2022-11-03,338.4,-0.643,
South Africa,2022-11-04,338.4,-0.643,
South Africa,2022-11-05,338.4,-0.643,
South Africa,2022-11-06,284.7,-0.654,
South Africa,2022-11-07,284.7,-0.654,
South Africa,2022-11-08,284.7,-0.654,
South Africa,2022-11-09,284.7,-0.654,
South Africa,2022-11-10,284.7,-0.654,
South Africa,2022-11-11,284.7,-0.654,
South Africa,2022-11-12,284.7,-0.654,
South Africa,2022-11-13,492.1,-0.61,
South Africa,2022-11-14,492.1,-0.61,
South Africa,2022-11-15,492.1,-0.61,
South Africa,2022-11-16,492.1,-0.61,
South Africa,2022-11-17,492.1,-0.61,
South Africa,2022-11-18,492.1,-0.61,
South Africa,2022-11-19,492.1,-0.61,
South Africa,2022-11-20,577.0,-0.592,
South Africa,2022-11-21,577.0,-0.592,
South Africa,2022-11-22,577.0,-0.592,
South Africa,2022-11-23,577.0,-0.592,
South Africa,2022-11-24,577.0,-0.592,
South Africa,2022-11-25,577.0,-0.592,
South Africa,2022-11-26,577.0,-0.592,
South Africa,2022-11-27,531.1,-0.602,
South Africa,2022-11-28,531.1,-0.602,
South Africa,2022-11-29,531.1,-0.602,
South Africa,2022-11-30,531.1,-0.602,
South Africa,2022-12-01,531.1,-0.602,
South Africa,2022-12-02,531.1,-0.602,
South Africa,2022-12-03,531.1,-0.602,
South Africa,2022-12-04,281.9,-0.655,
South Africa,2022-12-05,281.9,-0.655,
South Africa,2022-12-06,281.9,-0.655,
South Africa,2022-12-07,281.9,-0.655,
South Africa,2022-12-08,281.9,-0.655,
South Africa,2022-12-09,281.9,-0.655,
South Africa,2022-12-10,281.9,-0.655,
South Africa,2022-12-11,0.0,-0.714,
South Africa,2022-12-12,0.0,-0.714,
South Africa,2022-12-13,0.0,-0.714,
South Africa,2022-12-14,0.0,-0.714,
South Africa,2022-12-15,0.0,-0.714,
South Africa,2022-12-16,0.0,-0.714,
South Africa,2022-12-17,0.0,-0.714,
South Africa,2022-12-18,335.7,-0.643,
South Africa,2022-12-19,335.7,-0.643,
South Africa,2022-12-20,335.7,-0.643,
South Africa,2022-12-21,335.7,-0.643,
South Africa,2022-12-22,335.7,-0.643,
South Africa,2022-12-23,335.7,-0.643,
South Africa,2022-12-24,335.7,-0.643,
South Africa,2022-12-25,424.3,-0.624,
South Africa,2022-12-26,424.3,-0.624,
South Africa,2022-12-27,424.3,-0.624,
South Africa,2022-12-28,424.3,-0.624,
South Africa,2022-12-29,424.3,-0.624,
South Africa,2022-12-30,424.3,-0.624,
South Africa,2022-12-31,424.3,-0.624,
South Africa,2023-01-01,49.7,-0.704,
South Africa,2023-01-02,49.7,-0.704,
South Africa,2023-01-03,49.7,-0.704,
South Africa,2023-01-04,49.7,-0.704,
South Africa,2023-01-05,49.7,-0.704,
South Africa,2023-01-06,49.7,-0.704,
South Africa,2023-01-07,49.7,-0.704,
South Africa,2023-01-08,244.0,-0.663,
South Africa,2023-01-09,244.0,-0.663,
South Africa,2023-01-10,244.0,-0.663,
South Africa,2023-01-11,244.0,-0.663,
South Africa,2023-01-12,244.0,-0.663,
South Africa,2023-01-13,244.0,-0.663,
South Africa,2023-01-14,244.0,-0.663,
South Africa,2023-01-15,214.1,-0.669,
South Africa,2023-01-16,214.1,-0.669,
South Africa,2023-01-17,214.1,-0.669,
South Africa,2023-01-18,214.1,-0.669,
South Africa,2023-01-19,214.1,-0.669,
South Africa,2023-01-20,214.1,-0.669,
South Africa,2023-01-21,214.1,-0.669,
South Africa,2023-01-22,345.6,-0.641,
South Africa,2023-01-23,345.6,-0.641,
South Africa,2023-01-24,345.6,-0.641,
South Africa,2023-01-25,345.6,-0.641,
South Africa,2023-01-26,345.6,-0.641,
South Africa,2023-01-27,345.6,-0.641,
South Africa,2023-01-28,345.6,-0.641,
South Africa,2023-01-29,207.1,-0.67,
South Africa,2023-01-30,207.1,-0.67,
South Africa,2023-01-31,207.1,-0.67,
South Africa,2023-02-01,207.1,-0.67,
South Africa,2023-02-02,207.1,-0.67,
South Africa,2023-02-03,207.1,-0.67,
South Africa,2023-02-04,207.1,-0.67,
South Africa,2023-02-05,211.1,-0.67,
South Africa,2023-02-06,211.1,-0.67,
South Africa,2023-02-07,211.1,-0.67,
South Africa,2023-02-08,211.1,-0.67,
South Africa,2023-02-09,211.1,-0.67,
South Africa,2023-02-10,211.1,-0.67,
South Africa,2023-02-11,211.1,-0.67,
South Africa,2023-02-12,254.4,-0.66,
South Africa,2023-02-13,254.4,-0.66,
South Africa,2023-02-14,254.4,-0.66,
South Africa,2023-02-15,254.4,-0.66,
South Africa,2023-02-16,254.4,-0.66,
South Africa,2023-02-17,254.4,-0.66,
South Africa,2023-02-18,254.4,-0.66,
South Africa,2023-02-19,210.0,-0.67,
South Africa,2023-02-20,210.0,-0.67,
South Africa,2023-02-21,210.0,-0.67,
South Africa,2023-02-22,210.0,-0.67,
South Africa,2023-02-23,210.0,-0.67,
South Africa,2023-02-24,210.0,-0.67,
South Africa,2023-02-25,210.0,-0.67,
South Africa,2023-02-26,170.4,-0.678,
South Africa,2023-02-27,170.4,-0.678,
South Africa,2023-02-28,170.4,-0.678,
South Africa,2023-03-01,170.4,-0.678,
South Africa,2023-03-02,170.4,-0.678,
South Africa,2023-03-03,170.4,-0.678,
South Africa,2023-03-04,170.4,-0.678,
South Africa,2023-03-05,595.0,-0.588,
South Africa,2023-03-06,595.0,-0.588,
South Africa,2023-03-07,595.0,-0.588,
South Africa,2023-03-08,595.0,-0.588,
South Africa,2023-03-09,595.0,-0.588,
South Africa,2023-03-10,595.0,-0.588,
South Africa,2023-03-11,595.0,-0.588,
South Africa,2023-03-12,354.4,-0.639,
South Africa,2023-03-13,354.4,-0.639,
South Africa,2023-03-14,354.4,-0.639,
South Africa,2023-03-15,354.4,-0.639,
South Africa,2023-03-16,354.4,-0.639,
South Africa,2023-03-17,354.4,-0.639,
South Africa,2023-03-18,354.4,-0.639,
South Africa,2023-03-19,315.7,-0.647,
South Africa,2023-03-20,315.7,-0.647,
South Africa,2023-03-21,315.7,-0.647,
South Africa,2023-03-22,315.7,-0.647,
South Africa,2023-03-23,315.7,-0.647,
South Africa,2023-03-24,315.7,-0.647,
South Africa,2023-03-25,315.7,-0.647,
South Africa,2023-03-26,299.9,-0.651,
South Africa,2023-03-27,299.9,-0.651,
South Africa,2023-03-28,299.9,-0.651,
South Africa,2023-03-29,299.9,-0.651,
South Africa,2023-03-30,299.9,-0.651,
South Africa,2023-03-31,299.9,-0.651,
South Africa,2023-04-01,299.9,-0.651,
South Africa,2023-04-02,0.0,-0.714,
South Africa,2023-04-03,0.0,-0.714,
South Africa,2023-04-04,0.0,-0.714,
South Africa,2023-04-05,0.0,-0.714,
South Africa,2023-04-06,0.0,-0.714,
South Africa,2023-04-07,0.0,-0.714,
South Africa,2023-04-08,0.0,-0.714,
South Africa,2023-04-09,0.0,-0.714,
South Africa,2023-04-10,0.0,-0.714,
South Africa,2023-04-11,0.0,-0.714,
South Africa,2023-04-12,0.0,-0.714,
South Africa,2023-04-13,0.0,-0.714,
South Africa,2023-04-14,0.0,-0.714,
South Africa,2023-04-15,0.0,-0.714,
South Africa,2023-04-16,0.0,-0.714,
South Africa,2023-04-17,0.0,-0.714,
South Africa,2023-04-18,0.0,-0.714,
South Africa,2023-04-19,0.0,-0.714,
South Africa,2023-04-20,0.0,-0.714,
South Africa,2023-04-21,0.0,-0.714,
South Africa,2023-04-22,0.0,-0.714,
South Africa,2023-04-23,0.0,-0.714,
South Africa,2023-04-24,0.0,-0.714,
South Africa,2023-04-25,0.0,-0.714,
South Africa,2023-04-26,0.0,-0.714,
South Africa,2023-04-27,0.0,-0.714,
South Africa,2023-04-28,0.0,-0.714,
South Africa,2023-04-29,0.0,-0.714,
South Africa,2023-04-30,0.0,-0.714,
South Africa,2023-05-01,0.0,-0.714,
South Africa,2023-05-02,0.0,-0.714,
South Africa,2023-05-03,0.0,-0.714,
South Africa,2023-05-04,0.0,-0.714,
South Africa,2023-05-05,0.0,-0.714,
South Korea,2020-01-10,0.0,-0.432,
South Korea,2020-01-11,0.0,-0.432,
South Korea,2020-01-12,0.0,-0.432,
South Korea,2020-01-13,0.0,-0.432,
South Korea,2020-01-14,0.0,-0.432,
South Korea,2020-01-15,0.0,-0.432,
South Korea,2020-01-16,0.0,-0.432,
South Korea,2020-01-17,0.0,-0.432,
South Korea,2020-01-18,0.0,-0.432,
South Korea,2020-01-19,0.1,-0.432,
South Korea,2020-01-20,0.1,-0.432,
South Korea,2020-01-21,0.1,-0.432,
South Korea,2020-01-22,0.1,-0.432,
South Korea,2020-01-23,0.1,-0.432,
South Korea,2020-01-24,0.1,-0.432,
South Korea,2020-01-25,0.1,-0.432,
South Korea,2020-01-26,0.3,-0.432,
South Korea,2020-01-27,0.3,-0.432,
South Korea,2020-01-28,0.3,-0.432,
South Korea,2020-01-29,0.3,-0.432,
South Korea,2020-01-30,0.3,-0.432,
South Korea,2020-01-31,0.3,-0.432,
South Korea,2020-02-01,0.3,-0.432,
South Korea,2020-02-02,1.7,-0.432,
South Korea,2020-02-03,1.7,-0.432,
South Korea,2020-02-04,1.7,-0.432,
South Korea,2020-02-05,1.7,-0.432,
South Korea,2020-02-06,1.7,-0.432,
South Korea,2020-02-07,1.7,-0.432,
South Korea,2020-02-08,1.7,-0.432,
South Korea,2020-02-09,1.7,-0.432,
South Korea,2020-02-10,1.7,-0.432,
South Korea,2020-02-11,1.7,-0.432,
South Korea,2020-02-12,1.7,-0.432,
South Korea,2020-02-13,1.7,-0.432,
South Korea,2020-02-14,1.7,-0.432,
South Korea,2020-02-15,1.7,-0.432,
South Korea,2020-02-16,0.4,-0.432,
South Korea,2020-02-17,0.4,-0.432,
South Korea,2020-02-18,0.4,-0.432,
South Korea,2020-02-19,0.4,-0.432,
South Korea,2020-02-20,0.4,-0.432,
South Korea,2020-02-21,0.4,-0.432,
South Korea,2020-02-22,0.4,-0.432,
South Korea,2020-02-23,75.1,-0.431,
South Korea,2020-02-24,75.1,-0.431,
South Korea,2020-02-25,75.1,-0.431,
South Korea,2020-02-26,75.1,-0.431,
South Korea,2020-02-27,75.1,-0.431,
South Korea,2020-02-28,75.1,-0.431,
South Korea,2020-02-29,75.1,-0.431,
South Korea,2020-03-01,424.3,-0.425,
South Korea,2020-03-02,424.3,-0.425,
South Korea,2020-03-03,424.3,-0.425,
South Korea,2020-03-04,424.3,-0.425,
South Korea,2020-03-05,424.3,-0.425,
South Korea,2020-03-06,424.3,-0.425,
South Korea,2020-03-07,424.3,-0.425,
South Korea,2020-03-08,515.4,-0.423,
South Korea,2020-03-09,515.4,-0.423,
South Korea,2020-03-10,515.4,-0.423,
South Korea,2020-03-11,515.4,-0.423,
South Korea,2020-03-12,515.4,-0.423,
South Korea,2020-03-13,515.4,-0.423,
South Korea,2020-03-14,515.4,-0.423,
South Korea,2020-03-15,146.9,-0.429,
South Korea,2020-03-16,146.9,-0.429,
South Korea,2020-03-17,146.9,-0.429,
South Korea,2020-03-18,146.9,-0.429,
South Korea,2020-03-19,146.9,-0.429,
South Korea,2020-03-20,146.9,-0.429,
South Korea,2020-03-21,146.9,-0.429,
South Korea,2020-03-22,105.0,-0.43,
South Korea,2020-03-23,105.0,-0.43,
South Korea,2020-03-24,105.0,-0.43,
South Korea,2020-03-25,105.0,-0.43,
South Korea,2020-03-26,105.0,-0.43,
South Korea,2020-03-27,105.0,-0.43,
South Korea,2020-03-28,105.0,-0.43,
South Korea,2020-03-29,98.0,-0.43,
South Korea,2020-03-30,98.0,-0.43,
South Korea,2020-03-31,98.0,-0.43,
South Korea,2020-04-01,98.0,-0.43,
South Korea,2020-04-02,98.0,-0.43,
South Korea,2020-04-03,98.0,-0.43,
South Korea,2020-04-04,98.0,-0.43,
South Korea,2020-04-05,93.4,-0.43,
South Korea,2020-04-06,93.4,-0.43,
South Korea,2020-04-07,93.4,-0.43,
South Korea,2020-04-08,93.4,-0.43,
South Korea,2020-04-09,93.4,-0.43,
South Korea,2020-04-10,93.4,-0.43,
South Korea,2020-04-11,93.4,-0.43,
South Korea,2020-04-12,39.3,-0.431,
South Korea,2020-04-13,39.3,-0.431,
South Korea,2020-04-14,39.3,-0.431,
South Korea,2020-04-15,39.3,-0.431,
South Korea,2020-04-16,39.3,-0.431,
South Korea,2020-04-17,39.3,-0.431,
South Korea,2020-04-18,39.3,-0.431,
South Korea,2020-04-19,21.3,-0.431,
South Korea,2020-04-20,21.3,-0.431,
South Korea,2020-04-21,21.3,-0.431,
South Korea,2020-04-22,21.3,-0.431,
South Korea,2020-04-23,21.3,-0.431,
South Korea,2020-04-24,21.3,-0.431,
South Korea,2020-04-25,21.3,-0.431,
South Korea,2020-04-26,9.6,-0.432,
South Korea,2020-04-27,9.6,-0.432,
South Korea,2020-04-28,9.6,-0.432,
South Korea,2020-04-29,9.6,-0.432,
South Korea,2020-04-30,9.6,-0.432,
South Korea,2020-05-01,9.6,-0.432,
South Korea,2020-05-02,9.6,-0.432,
South Korea,2020-05-03,9.3,-0.432,
South Korea,2020-05-04,9.3,-0.432,
South Korea,2020-05-05,9.3,-0.432,
South Korea,2020-05-06,9.3,-0.432,
South Korea,2020-05-07,9.3,-0.432,
South Korea,2020-05-08,9.3,-0.432,
South Korea,2020-05-09,9.3,-0.432,
South Korea,2020-05-10,11.6,-0.432,
South Korea,2020-05-11,11.6,-0.432,
South Korea,2020-05-12,11.6,-0.432,
South Korea,2020-05-13,11.6,-0.432,
South Korea,2020-05-14,11.6,-0.432,
South Korea,2020-05-15,11.6,-0.432,
South Korea,2020-05-16,11.6,-0.432,
South Korea,2020-05-17,25.1,-0.431,
South Korea,2020-05-18,25.1,-0.431,
South Korea,2020-05-19,25.1,-0.431,
South Korea,2020-05-20,25.1,-0.431,
South Korea,2020-05-21,25.1,-0.431,
South Korea,2020-05-22,25.1,-0.431,
South Korea,2020-05-23,25.1,-0.431,
South Korea,2020-05-24,20.0,-0.431,
South Korea,2020-05-25,20.0,-0.431,
South Korea,2020-05-26,20.0,-0.431,
South Korea,2020-05-27,20.0,-0.431,
South Korea,2020-05-28,20.0,-0.431,
South Korea,2020-05-29,20.0,-0.431,
South Korea,2020-05-30,20.0,-0.431,
South Korea,2020-05-31,39.7,-0.431,
South Korea,2020-06-01,39.7,-0.431,
South Korea,2020-06-02,39.7,-0.431,
South Korea,2020-06-03,39.7,-0.431,
South Korea,2020-06-04,39.7,-0.431,
South Korea,2020-06-05,39.7,-0.431,
South Korea,2020-06-06,39.7,-0.431,
South Korea,2020-06-07,44.0,-0.431,
South Korea,2020-06-08,44.0,-0.431,
South Korea,2020-06-09,44.0,-0.431,
South Korea,2020-06-10,44.0,-0.431,
South Korea,2020-06-11,44.0,-0.431,
South Korea,2020-06-12,44.0,-0.431,
South Korea,2020-06-13,44.0,-0.431,
South Korea,2020-06-14,44.0,-0.431,
South Korea,2020-06-15,44.0,-0.431,
South Korea,2020-06-16,44.0,-0.431,
South Korea,2020-06-17,44.0,-0.431,
South Korea,2020-06-18,44.0,-0.431,
South Korea,2020-06-19,44.0,-0.431,
South Korea,2020-06-20,44.0,-0.431,
South Korea,2020-06-21,48.1,-0.431,
South Korea,2020-06-22,48.1,-0.431,
South Korea,2020-06-23,48.1,-0.431,
South Korea,2020-06-24,48.1,-0.431,
South Korea,2020-06-25,48.1,-0.431,
South Korea,2020-06-26,48.1,-0.431,
South Korea,2020-06-27,48.1,-0.431,
South Korea,2020-06-28,42.0,-0.431,
South Korea,2020-06-29,42.0,-0.431,
South Korea,2020-06-30,42.0,-0.431,
South Korea,2020-07-01,42.0,-0.431,
South Korea,2020-07-02,42.0,-0.431,
South Korea,2020-07-03,42.0,-0.431,
South Korea,2020-07-04,42.0,-0.431,
South Korea,2020-07-05,53.4,-0.431,
South Korea,2020-07-06,53.4,-0.431,
South Korea,2020-07-07,53.4,-0.431,
South Korea,2020-07-08,53.4,-0.431,
South Korea,2020-07-09,53.4,-0.431,
South Korea,2020-07-10,53.4,-0.431,
South Korea,2020-07-11,53.4,-0.431,
South Korea,2020-07-12,46.9,-0.431,
South Korea,2020-07-13,46.9,-0.431,
South Korea,2020-07-14,46.9,-0.431,
South Korea,2020-07-15,46.9,-0.431,
South Korea,2020-07-16,46.9,-0.431,
South Korea,2020-07-17,46.9,-0.431,
South Korea,2020-07-18,46.9,-0.431,
South Korea,2020-07-19,46.9,-0.431,
South Korea,2020-07-20,46.9,-0.431,
South Korea,2020-07-21,46.9,-0.431,
South Korea,2020-07-22,46.9,-0.431,
South Korea,2020-07-23,46.9,-0.431,
South Korea,2020-07-24,46.9,-0.431,
South Korea,2020-07-25,46.9,-0.431,
South Korea,2020-07-26,57.9,-0.431,
South Korea,2020-07-27,57.9,-0.431,
South Korea,2020-07-28,57.9,-0.431,
South Korea,2020-07-29,57.9,-0.431,
South Korea,2020-07-30,57.9,-0.431,
South Korea,2020-07-31,57.9,-0.431,
South Korea,2020-08-01,57.9,-0.431,
South Korea,2020-08-02,30.9,-0.431,
South Korea,2020-08-03,30.9,-0.431,
South Korea,2020-08-04,30.9,-0.431,
South Korea,2020-08-05,30.9,-0.431,
South Korea,2020-08-06,30.9,-0.431,
South Korea,2020-08-07,30.9,-0.431,
South Korea,2020-08-08,30.9,-0.431,
South Korea,2020-08-09,33.1,-0.431,
South Korea,2020-08-10,33.1,-0.431,
South Korea,2020-08-11,33.1,-0.431,
South Korea,2020-08-12,33.1,-0.431,
South Korea,2020-08-13,33.1,-0.431,
South Korea,2020-08-14,33.1,-0.431,
South Korea,2020-08-15,33.1,-0.431,
South Korea,2020-08-16,102.9,-0.43,
South Korea,2020-08-17,102.9,-0.43,
South Korea,2020-08-18,102.9,-0.43,
South Korea,2020-08-19,102.9,-0.43,
South Korea,2020-08-20,102.9,-0.43,
South Korea,2020-08-21,102.9,-0.43,
South Korea,2020-08-22,102.9,-0.43,
South Korea,2020-08-23,297.3,-0.427,
South Korea,2020-08-24,297.3,-0.427,
South Korea,2020-08-25,297.3,-0.427,
South Korea,2020-08-26,297.3,-0.427,
South Korea,2020-08-27,297.3,-0.427,
South Korea,2020-08-28,297.3,-0.427,
South Korea,2020-08-29,297.3,-0.427,
South Korea,2020-08-30,328.6,-0.426,
South Korea,2020-08-31,328.6,-0.426,
South Korea,2020-09-01,328.6,-0.426,
South Korea,2020-09-02,328.6,-0.426,
South Korea,2020-09-03,328.6,-0.426,
South Korea,2020-09-04,328.6,-0.426,
South Korea,2020-09-05,328.6,-0.426,
South Korea,2020-09-06,211.1,-0.428,
South Korea,2020-09-07,211.1,-0.428,
South Korea,2020-09-08,211.1,-0.428,
South Korea,2020-09-09,211.1,-0.428,
South Korea,2020-09-10,211.1,-0.428,
South Korea,2020-09-11,211.1,-0.428,
South Korea,2020-09-12,211.1,-0.428,
South Korea,2020-09-13,142.7,-0.429,
South Korea,2020-09-14,142.7,-0.429,
South Korea,2020-09-15,142.7,-0.429,
South Korea,2020-09-16,142.7,-0.429,
South Korea,2020-09-17,142.7,-0.429,
South Korea,2020-09-18,142.7,-0.429,
South Korea,2020-09-19,142.7,-0.429,
South Korea,2020-09-20,114.1,-0.43,
South Korea,2020-09-21,114.1,-0.43,
South Korea,2020-09-22,114.1,-0.43,
South Korea,2020-09-23,114.1,-0.43,
South Korea,2020-09-24,114.1,-0.43,
South Korea,2020-09-25,114.1,-0.43,
South Korea,2020-09-26,114.1,-0.43,
South Korea,2020-09-27,90.9,-0.43,
South Korea,2020-09-28,90.9,-0.43,
South Korea,2020-09-29,90.9,-0.43,
South Korea,2020-09-30,90.9,-0.43,
South Korea,2020-10-01,90.9,-0.43,
South Korea,2020-10-02,90.9,-0.43,
South Korea,2020-10-03,90.9,-0.43,
South Korea,2020-10-04,68.6,-0.431,
South Korea,2020-10-05,68.6,-0.431,
South Korea,2020-10-06,68.6,-0.431,
South Korea,2020-10-07,68.6,-0.431,
South Korea,2020-10-08,68.6,-0.431,
South Korea,2020-10-09,68.6,-0.431,
South Korea,2020-10-10,68.6,-0.431,
South Korea,2020-10-11,73.6,-0.431,
South Korea,2020-10-12,73.6,-0.431,
South Korea,2020-10-13,73.6,-0.431,
South Korea,2020-10-14,73.6,-0.431,
South Korea,2020-10-15,73.6,-0.431,
South Korea,2020-10-16,73.6,-0.431,
South Korea,2020-10-17,73.6,-0.431,
South Korea,2020-10-18,84.7,-0.43,
South Korea,2020-10-19,84.7,-0.43,
South Korea,2020-10-20,84.7,-0.43,
South Korea,2020-10-21,84.7,-0.43,
South Korea,2020-10-22,84.7,-0.43,
South Korea,2020-10-23,84.7,-0.43,
South Korea,2020-10-24,84.7,-0.43,
South Korea,2020-10-25,91.0,-0.43,
South Korea,2020-10-26,91.0,-0.43,
South Korea,2020-10-27,91.0,-0.43,
South Korea,2020-10-28,91.0,-0.43,
South Korea,2020-10-29,91.0,-0.43,
South Korea,2020-10-30,91.0,-0.43,
South Korea,2020-10-31,91.0,-0.43,
South Korea,2020-11-01,114.1,-0.43,
South Korea,2020-11-02,114.1,-0.43,
South Korea,2020-11-03,114.1,-0.43,
South Korea,2020-11-04,114.1,-0.43,
South Korea,2020-11-05,114.1,-0.43,
South Korea,2020-11-06,114.1,-0.43,
South Korea,2020-11-07,114.1,-0.43,
South Korea,2020-11-08,113.0,-0.43,
South Korea,2020-11-09,113.0,-0.43,
South Korea,2020-11-10,113.0,-0.43,
South Korea,2020-11-11,113.0,-0.43,
South Korea,2020-11-12,113.0,-0.43,
South Korea,2020-11-13,113.0,-0.43,
South Korea,2020-11-14,113.0,-0.43,
South Korea,2020-11-15,159.7,-0.429,
South Korea,2020-11-16,159.7,-0.429,
South Korea,2020-11-17,159.7,-0.429,
South Korea,2020-11-18,159.7,-0.429,
South Korea,2020-11-19,159.7,-0.429,
South Korea,2020-11-20,159.7,-0.429,
South Korea,2020-11-21,159.7,-0.429,
South Korea,2020-11-22,303.7,-0.427,
South Korea,2020-11-23,303.7,-0.427,
South Korea,2020-11-24,303.7,-0.427,
South Korea,2020-11-25,303.7,-0.427,
South Korea,2020-11-26,303.7,-0.427,
South Korea,2020-11-27,303.7,-0.427,
South Korea,2020-11-28,303.7,-0.427,
South Korea,2020-11-29,441.6,-0.424,
South Korea,2020-11-30,441.6,-0.424,
South Korea,2020-12-01,441.6,-0.424,
South Korea,2020-12-02,441.6,-0.424,
South Korea,2020-12-03,441.6,-0.424,
South Korea,2020-12-04,441.6,-0.424,
South Korea,2020-12-05,441.6,-0.424,
South Korea,2020-12-06,539.4,-0.423,
South Korea,2020-12-07,539.4,-0.423,
South Korea,2020-12-08,539.4,-0.423,
South Korea,2020-12-09,539.4,-0.423,
South Korea,2020-12-10,539.4,-0.423,
South Korea,2020-12-11,539.4,-0.423,
South Korea,2020-12-12,539.4,-0.423,
South Korea,2020-12-13,745.9,-0.419,
South Korea,2020-12-14,745.9,-0.419,
South Korea,2020-12-15,745.9,-0.419,
South Korea,2020-12-16,745.9,-0.419,
South Korea,2020-12-17,745.9,-0.419,
South Korea,2020-12-18,745.9,-0.419,
South Korea,2020-12-19,745.9,-0.419,
South Korea,2020-12-20,985.1,-0.415,
South Korea,2020-12-21,985.1,-0.415,
South Korea,2020-12-22,985.1,-0.415,
South Korea,2020-12-23,985.1,-0.415,
South Korea,2020-12-24,985.1,-0.415,
South Korea,2020-12-25,985.1,-0.415,
South Korea,2020-12-26,985.1,-0.415,
South Korea,2020-12-27,1028.7,-0.415,
South Korea,2020-12-28,1028.7,-0.415,
South Korea,2020-12-29,1028.7,-0.415,
South Korea,2020-12-30,1028.7,-0.415,
South Korea,2020-12-31,1028.7,-0.415,
South Korea,2021-01-01,1028.7,-0.415,
South Korea,2021-01-02,1028.7,-0.415,
South Korea,2021-01-03,1056.6,-0.414,
South Korea,2021-01-04,1056.6,-0.414,
South Korea,2021-01-05,1056.6,-0.414,
South Korea,2021-01-06,1056.6,-0.414,
South Korea,2021-01-07,1056.6,-0.414,
South Korea,2021-01-08,1056.6,-0.414,
South Korea,2021-01-09,1056.6,-0.414,
South Korea,2021-01-10,692.0,-0.42,
South Korea,2021-01-11,692.0,-0.42,
South Korea,2021-01-12,692.0,-0.42,
South Korea,2021-01-13,692.0,-0.42,
South Korea,2021-01-14,692.0,-0.42,
South Korea,2021-01-15,692.0,-0.42,
South Korea,2021-01-16,692.0,-0.42,
South Korea,2021-01-17,517.6,-0.423,
South Korea,2021-01-18,517.6,-0.423,
South Korea,2021-01-19,517.6,-0.423,
South Korea,2021-01-20,517.6,-0.423,
South Korea,2021-01-21,517.6,-0.423,
South Korea,2021-01-22,517.6,-0.423,
South Korea,2021-01-23,517.6,-0.423,
South Korea,2021-01-24,399.4,-0.425,
South Korea,2021-01-25,399.4,-0.425,
South Korea,2021-01-26,399.4,-0.425,
South Korea,2021-01-27,399.4,-0.425,
South Korea,2021-01-28,399.4,-0.425,
South Korea,2021-01-29,399.4,-0.425,
South Korea,2021-01-30,399.4,-0.425,
South Korea,2021-01-31,427.0,-0.425,
South Korea,2021-02-01,427.0,-0.425,
South Korea,2021-02-02,427.0,-0.425,
South Korea,2021-02-03,427.0,-0.425,
South Korea,2021-02-04,427.0,-0.425,
South Korea,2021-02-05,427.0,-0.425,
South Korea,2021-02-06,427.0,-0.425,
South Korea,2021-02-07,381.9,-0.425,
South Korea,2021-02-08,381.9,-0.425,
South Korea,2021-02-09,381.9,-0.425,
South Korea,2021-02-10,381.9,-0.425,
South Korea,2021-02-11,381.9,-0.425,
South Korea,2021-02-12,381.9,-0.425,
South Korea,2021-02-13,381.9,-0.425,
South Korea,2021-02-14,383.6,-0.425,
South Korea,2021-02-15,383.6,-0.425,
South Korea,2021-02-16,383.6,-0.425,
South Korea,2021-02-17,383.6,-0.425,
South Korea,2021-02-18,383.6,-0.425,
South Korea,2021-02-19,383.6,-0.425,
South Korea,2021-02-20,383.6,-0.425,
South Korea,2021-02-21,493.7,-0.424,
South Korea,2021-02-22,493.7,-0.424,
South Korea,2021-02-23,493.7,-0.424,
South Korea,2021-02-24,493.7,-0.424,
South Korea,2021-02-25,493.7,-0.424,
South Korea,2021-02-26,493.7,-0.424,
South Korea,2021-02-27,493.7,-0.424,
South Korea,2021-02-28,386.1,-0.425,
South Korea,2021-03-01,386.1,-0.425,
South Korea,2021-03-02,386.1,-0.425,
South Korea,2021-03-03,386.1,-0.425,
South Korea,2021-03-04,386.1,-0.425,
South Korea,2021-03-05,386.1,-0.425,
South Korea,2021-03-06,386.1,-0.425,
South Korea,2021-03-07,398.6,-0.425,
South Korea,2021-03-08,398.6,-0.425,
South Korea,2021-03-09,398.6,-0.425,
South Korea,2021-03-10,398.6,-0.425,
South Korea,2021-03-11,398.6,-0.425,
South Korea,2021-03-12,398.6,-0.425,
South Korea,2021-03-13,398.6,-0.425,
South Korea,2021-03-14,456.7,-0.424,
South Korea,2021-03-15,456.7,-0.424,
South Korea,2021-03-16,456.7,-0.424,
South Korea,2021-03-17,456.7,-0.424,
South Korea,2021-03-18,456.7,-0.424,
South Korea,2021-03-19,456.7,-0.424,
South Korea,2021-03-20,456.7,-0.424,
South Korea,2021-03-21,436.9,-0.424,
South Korea,2021-03-22,436.9,-0.424,
South Korea,2021-03-23,436.9,-0.424,
South Korea,2021-03-24,436.9,-0.424,
South Korea,2021-03-25,436.9,-0.424,
South Korea,2021-03-26,436.9,-0.424,
South Korea,2021-03-27,436.9,-0.424,
South Korea,2021-03-28,437.4,-0.424,
South Korea,2021-03-29,437.4,-0.424,
South Korea,2021-03-30,437.4,-0.424,
South Korea,2021-03-31,437.4,-0.424,
South Korea,2021-04-01,437.4,-0.424,
South Korea,2021-04-02,437.4,-0.424,
South Korea,2021-04-03,437.4,-0.424,
South Korea,2021-04-04,517.1,-0.423,
South Korea,2021-04-05,517.1,-0.423,
South Korea,2021-04-06,517.1,-0.423,
South Korea,2021-04-07,517.1,-0.423,
South Korea,2021-04-08,517.1,-0.423,
South Korea,2021-04-09,517.1,-0.423,
South Korea,2021-04-10,517.1,-0.423,
South Korea,2021-04-11,627.7,-0.421,
South Korea,2021-04-12,627.7,-0.421,
South Korea,2021-04-13,627.7,-0.421,
South Korea,2021-04-14,627.7,-0.421,
South Korea,2021-04-15,627.7,-0.421,
South Korea,2021-04-16,627.7,-0.421,
South Korea,2021-04-17,627.7,-0.421,
South Korea,2021-04-18,643.6,-0.421,
South Korea,2021-04-19,643.6,-0.421,
South Korea,2021-04-20,643.6,-0.421,
South Korea,2021-04-21,643.6,-0.421,
South Korea,2021-04-22,643.6,-0.421,
South Korea,2021-04-23,643.6,-0.421,
South Korea,2021-04-24,643.6,-0.421,
South Korea,2021-04-25,676.0,-0.42,
South Korea,2021-04-26,676.0,-0.42,
South Korea,2021-04-27,676.0,-0.42,
South Korea,2021-04-28,676.0,-0.42,
South Korea,2021-04-29,676.0,-0.42,
South Korea,2021-04-30,676.0,-0.42,
South Korea,2021-05-01,676.0,-0.42,
South Korea,2021-05-02,620.3,-0.421,
South Korea,2021-05-03,620.3,-0.421,
South Korea,2021-05-04,620.3,-0.421,
South Korea,2021-05-05,620.3,-0.421,
South Korea,2021-05-06,620.3,-0.421,
South Korea,2021-05-07,620.3,-0.421,
South Korea,2021-05-08,620.3,-0.421,
South Korea,2021-05-09,577.7,-0.422,
South Korea,2021-05-10,577.7,-0.422,
South Korea,2021-05-11,577.7,-0.422,
South Korea,2021-05-12,577.7,-0.422,
South Korea,2021-05-13,577.7,-0.422,
South Korea,2021-05-14,577.7,-0.422,
South Korea,2021-05-15,577.7,-0.422,
South Korea,2021-05-16,645.1,-0.421,
South Korea,2021-05-17,645.1,-0.421,
South Korea,2021-05-18,645.1,-0.421,
South Korea,2021-05-19,645.1,-0.421,
South Korea,2021-05-20,645.1,-0.421,
South Korea,2021-05-21,645.1,-0.421,
South Korea,2021-05-22,645.1,-0.421,
South Korea,2021-05-23,596.9,-0.422,
South Korea,2021-05-24,596.9,-0.422,
South Korea,2021-05-25,596.9,-0.422,
South Korea,2021-05-26,596.9,-0.422,
South Korea,2021-05-27,596.9,-0.422,
South Korea,2021-05-28,596.9,-0.422,
South Korea,2021-05-29,596.9,-0.422,
South Korea,2021-05-30,554.3,-0.422,
South Korea,2021-05-31,554.3,-0.422,
South Korea,2021-06-01,554.3,-0.422,
South Korea,2021-06-02,554.3,-0.422,
South Korea,2021-06-03,554.3,-0.422,
South Korea,2021-06-04,554.3,-0.422,
South Korea,2021-06-05,554.3,-0.422,
South Korea,2021-06-06,613.9,-0.421,
South Korea,2021-06-07,613.9,-0.421,
South Korea,2021-06-08,613.9,-0.421,
South Korea,2021-06-09,613.9,-0.421,
South Korea,2021-06-10,613.9,-0.421,
South Korea,2021-06-11,613.9,-0.421,
South Korea,2021-06-12,613.9,-0.421,
South Korea,2021-06-13,519.7,-0.423,
South Korea,2021-06-14,519.7,-0.423,
South Korea,2021-06-15,519.7,-0.423,
South Korea,2021-06-16,519.7,-0.423,
South Korea,2021-06-17,519.7,-0.423,
South Korea,2021-06-18,519.7,-0.423,
South Korea,2021-06-19,519.7,-0.423,
South Korea,2021-06-20,461.9,-0.424,
South Korea,2021-06-21,461.9,-0.424,
South Korea,2021-06-22,461.9,-0.424,
South Korea,2021-06-23,461.9,-0.424,
South Korea,2021-06-24,461.9,-0.424,
South Korea,2021-06-25,461.9,-0.424,
South Korea,2021-06-26,461.9,-0.424,
South Korea,2021-06-27,580.9,-0.422,
South Korea,2021-06-28,580.9,-0.422,
South Korea,2021-06-29,580.9,-0.422,
South Korea,2021-06-30,580.9,-0.422,
South Korea,2021-07-01,580.9,-0.422,
South Korea,2021-07-02,580.9,-0.422,
South Korea,2021-07-03,580.9,-0.422,
South Korea,2021-07-04,746.1,-0.419,
South Korea,2021-07-05,746.1,-0.419,
South Korea,2021-07-06,746.1,-0.419,
South Korea,2021-07-07,746.1,-0.419,
South Korea,2021-07-08,746.1,-0.419,
South Korea,2021-07-09,746.1,-0.419,
South Korea,2021-07-10,746.1,-0.419,
South Korea,2021-07-11,1193.0,-0.412,
South Korea,2021-07-12,1193.0,-0.412,
South Korea,2021-07-13,1193.0,-0.412,
South Korea,2021-07-14,1193.0,-0.412,
South Korea,2021-07-15,1193.0,-0.412,
South Korea,2021-07-16,1193.0,-0.412,
South Korea,2021-07-17,1193.0,-0.412,
South Korea,2021-07-18,1436.7,-0.408,
South Korea,2021-07-19,1436.7,-0.408,
South Korea,2021-07-20,1436.7,-0.408,
South Korea,2021-07-21,1436.7,-0.408,
South Korea,2021-07-22,1436.7,-0.408,
South Korea,2021-07-23,1436.7,-0.408,
South Korea,2021-07-24,1436.7,-0.408,
South Korea,2021-07-25,1566.1,-0.406,
South Korea,2021-07-26,1566.1,-0.406,
South Korea,2021-07-27,1566.1,-0.406,
South Korea,2021-07-28,1566.1,-0.406,
South Korea,2021-07-29,1566.1,-0.406,
South Korea,2021-07-30,1566.1,-0.406,
South Korea,2021-07-31,1566.1,-0.406,
South Korea,2021-08-01,1547.9,-0.406,
South Korea,2021-08-02,1547.9,-0.406,
South Korea,2021-08-03,1547.9,-0.406,
South Korea,2021-08-04,1547.9,-0.406,
South Korea,2021-08-05,1547.9,-0.406,
South Korea,2021-08-06,1547.9,-0.406,
South Korea,2021-08-07,1547.9,-0.406,
South Korea,2021-08-08,1635.1,-0.404,
South Korea,2021-08-09,1635.1,-0.404,
South Korea,2021-08-10,1635.1,-0.404,
South Korea,2021-08-11,1635.1,-0.404,
South Korea,2021-08-12,1635.1,-0.404,
South Korea,2021-08-13,1635.1,-0.404,
South Korea,2021-08-14,1635.1,-0.404,
South Korea,2021-08-15,1862.0,-0.401,
South Korea,2021-08-16,1862.0,-0.401,
South Korea,2021-08-17,1862.0,-0.401,
South Korea,2021-08-18,1862.0,-0.401,
South Korea,2021-08-19,1862.0,-0.401,
South Korea,2021-08-20,1862.0,-0.401,
South Korea,2021-08-21,1862.0,-0.401,
South Korea,2021-08-22,1756.7,-0.402,
South Korea,2021-08-23,1756.7,-0.402,
South Korea,2021-08-24,1756.7,-0.402,
South Korea,2021-08-25,1756.7,-0.402,
South Korea,2021-08-26,1756.7,-0.402,
South Korea,2021-08-27,1756.7,-0.402,
South Korea,2021-08-28,1756.7,-0.402,
South Korea,2021-08-29,1753.0,-0.402,
South Korea,2021-08-30,1753.0,-0.402,
South Korea,2021-08-31,1753.0,-0.402,
South Korea,2021-09-01,1753.0,-0.402,
South Korea,2021-09-02,1753.0,-0.402,
South Korea,2021-09-03,1753.0,-0.402,
South Korea,2021-09-04,1753.0,-0.402,
South Korea,2021-09-05,1675.4,-0.404,
South Korea,2021-09-06,1675.4,-0.404,
South Korea,2021-09-07,1675.4,-0.404,
South Korea,2021-09-08,1675.4,-0.404,
South Korea,2021-09-09,1675.4,-0.404,
South Korea,2021-09-10,1675.4,-0.404,
South Korea,2021-09-11,1675.4,-0.404,
South Korea,2021-09-12,1805.1,-0.401,
South Korea,2021-09-13,1805.1,-0.401,
South Korea,2021-09-14,1805.1,-0.401,
South Korea,2021-09-15,1805.1,-0.401,
South Korea,2021-09-16,1805.1,-0.401,
South Korea,2021-09-17,1805.1,-0.401,
South Korea,2021-09-18,1805.1,-0.401,
South Korea,2021-09-19,1874.4,-0.4,
South Korea,2021-09-20,1874.4,-0.4,
South Korea,2021-09-21,1874.4,-0.4,
South Korea,2021-09-22,1874.4,-0.4,
South Korea,2021-09-23,1874.4,-0.4,
South Korea,2021-09-24,1874.4,-0.4,
South Korea,2021-09-25,1874.4,-0.4,
South Korea,2021-09-26,2288.4,-0.393,
South Korea,2021-09-27,2288.4,-0.393,
South Korea,2021-09-28,2288.4,-0.393,
South Korea,2021-09-29,2288.4,-0.393,
South Korea,2021-09-30,2288.4,-0.393,
South Korea,2021-10-01,2288.4,-0.393,
South Korea,2021-10-02,2288.4,-0.393,
South Korea,2021-10-03,2317.7,-0.393,
South Korea,2021-10-04,2317.7,-0.393,
South Korea,2021-10-05,2317.7,-0.393,
South Korea,2021-10-06,2317.7,-0.393,
South Korea,2021-10-07,2317.7,-0.393,
South Korea,2021-10-08,2317.7,-0.393,
South Korea,2021-10-09,2317.7,-0.393,
South Korea,2021-10-10,1862.7,-0.401,
South Korea,2021-10-11,1862.7,-0.401,
South Korea,2021-10-12,1862.7,-0.401,
South Korea,2021-10-13,1862.7,-0.401,
South Korea,2021-10-14,1862.7,-0.401,
South Korea,2021-10-15,1862.7,-0.401,
South Korea,2021-10-16,1862.7,-0.401,
South Korea,2021-10-17,1518.4,-0.406,
South Korea,2021-10-18,1518.4,-0.406,
South Korea,2021-10-19,1518.4,-0.406,
South Korea,2021-10-20,1518.4,-0.406,
South Korea,2021-10-21,1518.4,-0.406,
South Korea,2021-10-22,1518.4,-0.406,
South Korea,2021-10-23,1518.4,-0.406,
South Korea,2021-10-24,1377.7,-0.409,
South Korea,2021-10-25,1377.7,-0.409,
South Korea,2021-10-26,1377.7,-0.409,
South Korea,2021-10-27,1377.7,-0.409,
South Korea,2021-10-28,1377.7,-0.409,
South Korea,2021-10-29,1377.7,-0.409,
South Korea,2021-10-30,1377.7,-0.409,
South Korea,2021-10-31,1899.4,-0.4,
South Korea,2021-11-01,1899.4,-0.4,
South Korea,2021-11-02,1899.4,-0.4,
South Korea,2021-11-03,1899.4,-0.4,
South Korea,2021-11-04,1899.4,-0.4,
South Korea,2021-11-05,1899.4,-0.4,
South Korea,2021-11-06,1899.4,-0.4,
South Korea,2021-11-07,2186.7,-0.395,
South Korea,2021-11-08,2186.7,-0.395,
South Korea,2021-11-09,2186.7,-0.395,
South Korea,2021-11-10,2186.7,-0.395,
South Korea,2021-11-11,2186.7,-0.395,
South Korea,2021-11-12,2186.7,-0.395,
South Korea,2021-11-13,2186.7,-0.395,
South Korea,2021-11-14,2253.4,-0.394,
South Korea,2021-11-15,2253.4,-0.394,
South Korea,2021-11-16,2253.4,-0.394,
South Korea,2021-11-17,2253.4,-0.394,
South Korea,2021-11-18,2253.4,-0.394,
South Korea,2021-11-19,2253.4,-0.394,
South Korea,2021-11-20,2253.4,-0.394,
South Korea,2021-11-21,2969.3,-0.382,
South Korea,2021-11-22,2969.3,-0.382,
South Korea,2021-11-23,2969.3,-0.382,
South Korea,2021-11-24,2969.3,-0.382,
South Korea,2021-11-25,2969.3,-0.382,
South Korea,2021-11-26,2969.3,-0.382,
South Korea,2021-11-27,2969.3,-0.382,
South Korea,2021-11-28,3706.7,-0.37,
South Korea,2021-11-29,3706.7,-0.37,
South Korea,2021-11-30,3706.7,-0.37,
South Korea,2021-12-01,3706.7,-0.37,
South Korea,2021-12-02,3706.7,-0.37,
South Korea,2021-12-03,3706.7,-0.37,
South Korea,2021-12-04,3706.7,-0.37,
South Korea,2021-12-05,4736.9,-0.352,
South Korea,2021-12-06,4736.9,-0.352,
South Korea,2021-12-07,4736.9,-0.352,
South Korea,2021-12-08,4736.9,-0.352,
South Korea,2021-12-09,4736.9,-0.352,
South Korea,2021-12-10,4736.9,-0.352,
South Korea,2021-12-11,4736.9,-0.352,
South Korea,2021-12-12,6532.7,-0.322,
South Korea,2021-12-13,6532.7,-0.322,
South Korea,2021-12-14,6532.7,-0.322,
South Korea,2021-12-15,6532.7,-0.322,
South Korea,2021-12-16,6532.7,-0.322,
South Korea,2021-12-17,6532.7,-0.322,
South Korea,2021-12-18,6532.7,-0.322,
South Korea,2021-12-19,6761.1,-0.318,
South Korea,2021-12-20,6761.1,-0.318,
South Korea,2021-12-21,6761.1,-0.318,
South Korea,2021-12-22,6761.1,-0.318,
South Korea,2021-12-23,6761.1,-0.318,
South Korea,2021-12-24,6761.1,-0.318,
South Korea,2021-12-25,6761.1,-0.318,
South Korea,2021-12-26,5893.4,-0.333,
South Korea,2021-12-27,5893.4,-0.333,
South Korea,2021-12-28,5893.4,-0.333,
South Korea,2021-12-29,5893.4,-0.333,
South Korea,2021-12-30,5893.4,-0.333,
South Korea,2021-12-31,5893.4,-0.333,
South Korea,2022-01-01,5893.4,-0.333,
South Korea,2022-01-02,4362.1,-0.359,
South Korea,2022-01-03,4362.1,-0.359,
South Korea,2022-01-04,4362.1,-0.359,
South Korea,2022-01-05,4362.1,-0.359,
South Korea,2022-01-06,4362.1,-0.359,
South Korea,2022-01-07,4362.1,-0.359,
South Korea,2022-01-08,4362.1,-0.359,
South Korea,2022-01-09,3597.7,-0.371,
South Korea,2022-01-10,3597.7,-0.371,
South Korea,2022-01-11,3597.7,-0.371,
South Korea,2022-01-12,3597.7,-0.371,
South Korea,2022-01-13,3597.7,-0.371,
South Korea,2022-01-14,3597.7,-0.371,
South Korea,2022-01-15,3597.7,-0.371,
South Korea,2022-01-16,4092.0,-0.363,
South Korea,2022-01-17,4092.0,-0.363,
South Korea,2022-01-18,4092.0,-0.363,
South Korea,2022-01-19,4092.0,-0.363,
South Korea,2022-01-20,4092.0,-0.363,
South Korea,2022-01-21,4092.0,-0.363,
South Korea,2022-01-22,4092.0,-0.363,
South Korea,2022-01-23,6482.6,-0.323,
South Korea,2022-01-24,6482.6,-0.323,
South Korea,2022-01-25,6482.6,-0.323,
South Korea,2022-01-26,6482.6,-0.323,
South Korea,2022-01-27,6482.6,-0.323,
South Korea,2022-01-28,6482.6,-0.323,
South Korea,2022-01-29,6482.6,-0.323,
South Korea,2022-01-30,14898.7,-0.182,
South Korea,2022-01-31,14898.7,-0.182,
South Korea,2022-02-01,14898.7,-0.182,
South Korea,2022-02-02,14898.7,-0.182,
South Korea,2022-02-03,14898.7,-0.182,
South Korea,2022-02-04,14898.7,-0.182,
South Korea,2022-02-05,14898.7,-0.182,
South Korea,2022-02-06,28466.1,0.046,
South Korea,2022-02-07,28466.1,0.046,
South Korea,2022-02-08,28466.1,0.046,
South Korea,2022-02-09,28466.1,0.046,
South Korea,2022-02-10,28466.1,0.046,
South Korea,2022-02-11,28466.1,0.046,
South Korea,2022-02-12,28466.1,0.046,
South Korea,2022-02-13,51468.9,0.433,
South Korea,2022-02-14,51468.9,0.433,
South Korea,2022-02-15,51468.9,0.433,
South Korea,2022-02-16,51468.9,0.433,
South Korea,2022-02-17,51468.9,0.433,
South Korea,2022-02-18,51468.9,0.433,
South Korea,2022-02-19,51468.9,0.433,
South Korea,2022-02-20,93273.9,1.135,
South Korea,2022-02-21,93273.9,1.135,
South Korea,2022-02-22,93273.9,1.135,
South Korea,2022-02-23,93273.9,1.135,
South Korea,2022-02-24,93273.9,1.135,
South Korea,2022-02-25,93273.9,1.135,
South Korea,2022-02-26,93273.9,1.135,
South Korea,2022-02-27,153756.4,2.151,Y
South Korea,2022-02-28,153756.4,2.151,Y
South Korea,2022-03-01,153756.4,2.151,Y
South Korea,2022-03-02,153756.4,2.151,Y
South Korea,2022-03-03,153756.4,2.151,Y
South Korea,2022-03-04,153756.4,2.151,Y
South Korea,2022-03-05,153756.4,2.151,Y
South Korea,2022-03-06,218930.6,3.246,Y
South Korea,2022-03-07,218930.6,3.246,Y
South Korea,2022-03-08,218930.6,3.246,Y
South Korea,2022-03-09,218930.6,3.246,Y
South Korea,2022-03-10,218930.6,3.246,Y
South Korea,2022-03-11,218930.6,3.246,Y
South Korea,2022-03-12,218930.6,3.246,Y
South Korea,2022-03-13,314177.4,4.845,Y
South Korea,2022-03-14,314177.4,4.845,Y
South Korea,2022-03-15,314177.4,4.845,Y
South Korea,2022-03-16,314177.4,4.845,Y
South Korea,2022-03-17,314177.4,4.845,Y
South Korea,2022-03-18,314177.4,4.845,Y
South Korea,2022-03-19,314177.4,4.845,Y
South Korea,2022-03-20,388049.7,6.086,Y
South Korea,2022-03-21,388049.7,6.086,Y
South Korea,2022-03-22,388049.7,6.086,Y
South Korea,2022-03-23,388049.7,6.086,Y
South Korea,2022-03-24,388049.7,6.086,Y
South Korea,2022-03-25,388049.7,6.086,Y
South Korea,2022-03-26,388049.7,6.086,Y
South Korea,2022-03-27,345759.1,5.376,Y
South Korea,2022-03-28,345759.1,5.376,Y
South Korea,2022-03-29,345759.1,5.376,Y
South Korea,2022-03-30,345759.1,5.376,Y
South Korea,2022-03-31,345759.1,5.376,Y
South Korea,2022-04-01,345759.1,5.376,Y
South Korea,2022-04-02,345759.1,5.376,Y
South Korea,2022-04-03,285484.6,4.363,Y
South Korea,2022-04-04,285484.6,4.363,Y
South Korea,2022-04-05,285484.6,4.363,Y
South Korea,2022-04-06,285484.6,4.363,Y
South Korea,2022-04-07,285484.6,4.363,Y
South Korea,2022-04-08,285484.6,4.363,Y
South Korea,2022-04-09,285484.6,4.363,Y
South Korea,2022-04-10,203321.9,2.983,Y
South Korea,2022-04-11,203321.9,2.983,Y
South Korea,2022-04-12,203321.9,2.983,Y
South Korea,2022-04-13,203321.9,2.983,Y
South Korea,2022-04-14,203321.9,2.983,Y
South Korea,2022-04-15,203321.9,2.983,Y
South Korea,2022-04-16,203321.9,2.983,Y
South Korea,2022-04-17,132702.4,1.797,
South Korea,2022-04-18,132702.4,1.797,
South Korea,2022-04-19,132702.4,1.797,
South Korea,2022-04-20,132702.4,1.797,
South Korea,2022-04-21,132702.4,1.797,
South Korea,2022-04-22,132702.4,1.797,
South Korea,2022-04-23,132702.4,1.797,
South Korea,2022-04-24,82295.4,0.95,
South Korea,2022-04-25,82295.4,0.95,
South Korea,2022-04-26,82295.4,0.95,
South Korea,2022-04-27,82295.4,0.95,
South Korea,2022-04-28,82295.4,0.95,
South Korea,2022-04-29,82295.4,0.95,
South Korea,2022-04-30,82295.4,0.95,
South Korea,2022-05-01,52302.6,0.447,
South Korea,2022-05-02,52302.6,0.447,
South Korea,2022-05-03,52302.6,0.447,
South Korea,2022-05-04,52302.6,0.447,
South Korea,2022-05-05,52302.6,0.447,
South Korea,2022-05-06,52302.6,0.447,
South Korea,2022-05-07,52302.6,0.447,
South Korea,2022-05-08,38477.1,0.214,
South Korea,2022-05-09,38477.1,0.214,
South Korea,2022-05-10,38477.1,0.214,
South Korea,2022-05-11,38477.1,0.214,
South Korea,2022-05-12,38477.1,0.214,
South Korea,2022-05-13,38477.1,0.214,
South Korea,2022-05-14,38477.1,0.214,
South Korea,2022-05-15,32907.1,0.121,
South Korea,2022-05-16,32907.1,0.121,
South Korea,2022-05-17,32907.1,0.121,
South Korea,2022-05-18,32907.1,0.121,
South Korea,2022-05-19,32907.1,0.121,
South Korea,2022-05-20,32907.1,0.121,
South Korea,2022-05-21,32907.1,0.121,
South Korea,2022-05-22,24618.4,-0.018,
South Korea,2022-05-23,24618.4,-0.018,
South Korea,2022-05-24,24618.4,-0.018,
South Korea,2022-05-25,24618.4,-0.018,
South Korea,2022-05-26,24618.4,-0.018,
South Korea,2022-05-27,24618.4,-0.018,
South Korea,2022-05-28,24618.4,-0.018,
South Korea,2022-05-29,16972.3,-0.147,
South Korea,2022-05-30,16972.3,-0.147,
South Korea,2022-05-31,16972.3,-0.147,
South Korea,2022-06-01,16972.3,-0.147,
South Korea,2022-06-02,16972.3,-0.147,
South Korea,2022-06-03,16972.3,-0.147,
South Korea,2022-06-04,16972.3,-0.147,
South Korea,2022-06-05,11751.6,-0.234,
South Korea,2022-06-06,11751.6,-0.234,
South Korea,2022-06-07,11751.6,-0.234,
South Korea,2022-06-08,11751.6,-0.234,
South Korea,2022-06-09,11751.6,-0.234,
South Korea,2022-06-10,11751.6,-0.234,
South Korea,2022-06-11,11751.6,-0.234,
South Korea,2022-06-12,8652.9,-0.286,
South Korea,2022-06-13,8652.9,-0.286,
South Korea,2022-06-14,8652.9,-0.286,
South Korea,2022-06-15,8652.9,-0.286,
South Korea,2022-06-16,8652.9,-0.286,
South Korea,2022-06-17,8652.9,-0.286,
South Korea,2022-06-18,8652.9,-0.286,
South Korea,2022-06-19,7255.0,-0.31,
South Korea,2022-06-20,7255.0,-0.31,
South Korea,2022-06-21,7255.0,-0.31,
South Korea,2022-06-22,7255.0,-0.31,
South Korea,2022-06-23,7255.0,-0.31,
South Korea,2022-06-24,7255.0,-0.31,
South Korea,2022-06-25,7255.0,-0.31,
South Korea,2022-06-26,7051.4,-0.313,
South Korea,2022-06-27,7051.4,-0.313,
South Korea,2022-06-28,7051.4,-0.313,
South Korea,2022-06-29,7051.4,-0.313,
South Korea,2022-06-30,7051.4,-0.313,
South Korea,2022-07-01,7051.4,-0.313,
South Korea,2022-07-02,7051.4,-0.313,
South Korea,2022-07-03,8598.3,-0.287,
South Korea,2022-07-04,8598.3,-0.287,
South Korea,2022-07-05,8598.3,-0.287,
South Korea,2022-07-06,8598.3,-0.287,
South Korea,2022-07-07,8598.3,-0.287,
South Korea,2022-07-08,8598.3,-0.287,
South Korea,2022-07-09,8598.3,-0.287,
South Korea,2022-07-10,17462.0,-0.139,
South Korea,2022-07-11,17462.0,-0.139,
South Korea,2022-07-12,17462.0,-0.139,
South Korea,2022-07-13,17462.0,-0.139,
South Korea,2022-07-14,17462.0,-0.139,
South Korea,2022-07-15,17462.0,-0.139,
South Korea,2022-07-16,17462.0,-0.139,
South Korea,2022-07-17,35701.7,0.168,
South Korea,2022-07-18,35701.7,0.168,
South Korea,2022-07-19,35701.7,0.168,
South Korea,2022-07-20,35701.7,0.168,
South Korea,2022-07-21,35701.7,0.168,
South Korea,2022-07-22,35701.7,0.168,
South Korea,2022-07-23,35701.7,0.168,
South Korea,2022-07-24,64265.1,0.648,
South Korea,2022-07-25,64265.1,0.648,
South Korea,2022-07-26,64265.1,0.648,
South Korea,2022-07-27,64265.1,0.648,
South Korea,2022-07-28,64265.1,0.648,
South Korea,2022-07-29,64265.1,0.648,
South Korea,2022-07-30,64265.1,0.648,
South Korea,2022-07-31,80633.9,0.923,
South Korea,2022-08-01,80633.9,0.923,
South Korea,2022-08-02,80633.9,0.923,
South Korea,2022-08-03,80633.9,0.923,
South Korea,2022-08-04,80633.9,0.923,
South Korea,2022-08-05,80633.9,0.923,
South Korea,2022-08-06,80633.9,0.923,
South Korea,2022-08-07,101868.3,1.279,
South Korea,2022-08-08,101868.3,1.279,
South Korea,2022-08-09,101868.3,1.279,
South Korea,2022-08-10,101868.3,1.279,
South Korea,2022-08-11,101868.3,1.279,
South Korea,2022-08-12,101868.3,1.279,
South Korea,2022-08-13,101868.3,1.279,
South Korea,2022-08-14,123832.9,1.648,
South Korea,2022-08-15,123832.9,1.648,
South Korea,2022-08-16,123832.9,1.648,
South Korea,2022-08-17,123832.9,1.648,
South Korea,2022-08-18,123832.9,1.648,
South Korea,2022-08-19,123832.9,1.648,
South Korea,2022-08-20,123832.9,1.648,
South Korea,2022-08-21,126339.0,1.69,
South Korea,2022-08-22,126339.0,1.69,
South Korea,2022-08-23,126339.0,1.69,
South Korea,2022-08-24,126339.0,1.69,
South Korea,2022-08-25,126339.0,1.69,
South Korea,2022-08-26,126339.0,1.69,
South Korea,2022-08-27,126339.0,1.69,
South Korea,2022-08-28,106212.4,1.352,
South Korea,2022-08-29,106212.4,1.352,
South Korea,2022-08-30,106212.4,1.352,
South Korea,2022-08-31,106212.4,1.352,
South Korea,2022-09-01,106212.4,1.352,
South Korea,2022-09-02,106212.4,1.352,
South Korea,2022-09-03,106212.4,1.352,
South Korea,2022-09-04,83624.9,0.973,
South Korea,2022-09-05,83624.9,0.973,
South Korea,2022-09-06,83624.9,0.973,
South Korea,2022-09-07,83624.9,0.973,
South Korea,2022-09-08,83624.9,0.973,
South Korea,2022-09-09,83624.9,0.973,
South Korea,2022-09-10,83624.9,0.973,
South Korea,2022-09-11,62242.1,0.614,
South Korea,2022-09-12,62242.1,0.614,
South Korea,2022-09-13,62242.1,0.614,
South Korea,2022-09-14,62242.1,0.614,
South Korea,2022-09-15,62242.1,0.614,
South Korea,2022-09-16,62242.1,0.614,
South Korea,2022-09-17,62242.1,0.614,
South Korea,2022-09-18,55654.1,0.503,
South Korea,2022-09-19,55654.1,0.503,
South Korea,2022-09-20,55654.1,0.503,
South Korea,2022-09-21,55654.1,0.503,
South Korea,2022-09-22,55654.1,0.503,
South Korea,2022-09-23,55654.1,0.503,
South Korea,2022-09-24,55654.1,0.503,
South Korea,2022-09-25,32237.4,0.11,
South Korea,2022-09-26,32237.4,0.11,
South Korea,2022-09-27,32237.4,0.11,
South Korea,2022-09-28,32237.4,0.11,
South Korea,2022-09-29,32237.4,0.11,
South Korea,2022-09-30,32237.4,0.11,
South Korea,2022-10-01,32237.4,0.11,
South Korea,2022-10-02,28497.6,0.047,
South Korea,2022-10-03,28497.6,0.047,
South Korea,2022-10-04,28497.6,0.047,
South Korea,2022-10-05,28497.6,0.047,
South Korea,2022-10-06,28497.6,0.047,
South Korea,2022-10-07,28497.6,0.047,
South Korea,2022-10-08,28497.6,0.047,
South Korea,2022-10-09,21596.9,-0.069,
South Korea,2022-10-10,21596.9,-0.069,
South Korea,2022-10-11,21596.9,-0.069,
South Korea,2022-10-12,21596.9,-0.069,
South Korea,2022-10-13,21596.9,-0.069,
South Korea,2022-10-14,21596.9,-0.069,
South Korea,2022-10-15,21596.9,-0.069,
South Korea,2022-10-16,21382.3,-0.073,
South Korea,2022-10-17,21382.3,-0.073,
South Korea,2022-10-18,21382.3,-0.073,
South Korea,2022-10-19,21382.3,-0.073,
South Korea,2022-10-20,21382.3,-0.073,
South Korea,2022-10-21,21382.3,-0.073,
South Korea,2022-10-22,21382.3,-0.073,
South Korea,2022-10-23,25267.0,-0.007,
South Korea,2022-10-24,25267.0,-0.007,
South Korea,2022-10-25,25267.0,-0.007,
South Korea,2022-10-26,25267.0,-0.007,
South Korea,2022-10-27,25267.0,-0.007,
South Korea,2022-10-28,25267.0,-0.007,
South Korea,2022-10-29,25267.0,-0.007,
South Korea,2022-10-30,34495.0,0.148,
South Korea,2022-10-31,34495.0,0.148,
South Korea,2022-11-01,34495.0,0.148,
South Korea,2022-11-02,34495.0,0.148,
South Korea,2022-11-03,34495.0,0.148,
South Korea,2022-11-04,34495.0,0.148,
South Korea,2022-11-05,34495.0,0.148,
South Korea,2022-11-06,42777.1,0.287,
South Korea,2022-11-07,42777.1,0.287,
South Korea,2022-11-08,42777.1,0.287,
South Korea,2022-11-09,42777.1,0.287,
South Korea,2022-11-10,42777.1,0.287,
South Korea,2022-11-11,42777.1,0.287,
South Korea,2022-11-12,42777.1,0.287,
South Korea,2022-11-13,50855.7,0.422,
South Korea,2022-11-14,50855.7,0.422,
South Korea,2022-11-15,50855.7,0.422,
South Korea,2022-11-16,50855.7,0.422,
South Korea,2022-11-17,50855.7,0.422,
South Korea,2022-11-18,50855.7,0.422,
South Korea,2022-11-19,50855.7,0.422,
South Korea,2022-11-20,52076.6,0.443,
South Korea,2022-11-21,52076.6,0.443,
South Korea,2022-11-22,52076.6,0.443,
South Korea,2022-11-23,52076.6,0.443,
South Korea,2022-11-24,52076.6,0.443,
South Korea,2022-11-25,52076.6,0.443,
South Korea,2022-11-26,52076.6,0.443,
South Korea,2022-11-27,54107.3,0.477,
South Korea,2022-11-28,54107.3,0.477,
South Korea,2022-11-29,54107.3,0.477,
South Korea,2022-11-30,54107.3,0.477,
South Korea,2022-12-01,54107.3,0.477,
South Korea,2022-12-02,54107.3,0.477,
South Korea,2022-12-03,54107.3,0.477,
South Korea,2022-12-04,52939.1,0.457,
South Korea,2022-12-05,52939.1,0.457,
South Korea,2022-12-06,52939.1,0.457,
South Korea,2022-12-07,52939.1,0.457,
South Korea,2022-12-08,52939.1,0.457,
South Korea,2022-12-09,52939.1,0.457,
South Korea,2022-12-10,52939.1,0.457,
South Korea,2022-12-11,60056.0,0.577,
South Korea,2022-12-12,60056.0,0.577,
South Korea,2022-12-13,60056.0,0.577,
South Korea,2022-12-14,60056.0,0.577,
South Korea,2022-12-15,60056.0,0.577,
South Korea,2022-12-16,60056.0,0.577,
South Korea,2022-12-17,60056.0,0.577,
South Korea,2022-12-18,65687.3,0.672,
South Korea,2022-12-19,65687.3,0.672,
South Korea,2022-12-20,65687.3,0.672,
South Korea,2022-12-21,65687.3,0.672,
South Korea,2022-12-22,65687.3,0.672,
South Korea,2022-12-23,65687.3,0.672,
South Korea,2022-12-24,65687.3,0.672,
South Korea,2022-12-25,67251.7,0.698,
South Korea,2022-12-26,67251.7,0.698,
South Korea,2022-12-27,67251.7,0.698,
South Korea,2022-12-28,67251.7,0.698,
South Korea,2022-12-29,67251.7,0.698,
South Korea,2022-12-30,67251.7,0.698,
South Korea,2022-12-31,67251.7,0.698,
South Korea,2023-01-01,65392.1,0.667,
South Korea,2023-01-02,65392.1,0.667,
South Korea,2023-01-03,65392.1,0.667,
South Korea,2023-01-04,65392.1,0.667,
South Korea,2023-01-05,65392.1,0.667,
South Korea,2023-01-06,65392.1,0.667,
South Korea,2023-01-07,65392.1,0.667,
South Korea,2023-01-08,57685.7,0.537,
South Korea,2023-01-09,57685.7,0.537,
South Korea,2023-01-10,57685.7,0.537,
South Korea,2023-01-11,57685.7,0.537,
South Korea,2023-01-12,57685.7,0.537,
South Korea,2023-01-13,57685.7,0.537,
South Korea,2023-01-14,57685.7,0.537,
South Korea,2023-01-15,40898.7,0.255,
South Korea,2023-01-16,40898.7,0.255,
South Korea,2023-01-17,40898.7,0.255,
South Korea,2023-01-18,40898.7,0.255,
South Korea,2023-01-19,40898.7,0.255,
South Korea,2023-01-20,40898.7,0.255,
South Korea,2023-01-21,40898.7,0.255,
South Korea,2023-01-22,27519.7,0.03,
South Korea,2023-01-23,27519.7,0.03,
South Korea,2023-01-24,27519.7,0.03,
South Korea,2023-01-25,27519.7,0.03,
South Korea,2023-01-26,27519.7,0.03,
South Korea,2023-01-27,27519.7,0.03,
South Korea,2023-01-28,27519.7,0.03,
South Korea,2023-01-29,21438.9,-0.072,
South Korea,2023-01-30,21438.9,-0.072,
South Korea,2023-01-31,21438.9,-0.072,
South Korea,2023-02-01,21438.9,-0.072,
South Korea,2023-02-02,21438.9,-0.072,
South Korea,2023-02-03,21438.9,-0.072,
South Korea,2023-02-04,21438.9,-0.072,
South Korea,2023-02-05,15401.4,-0.173,
South Korea,2023-02-06,15401.4,-0.173,
South Korea,2023-02-07,15401.4,-0.173,
South Korea,2023-02-08,15401.4,-0.173,
South Korea,2023-02-09,15401.4,-0.173,
South Korea,2023-02-10,15401.4,-0.173,
South Korea,2023-02-11,15401.4,-0.173,
South Korea,2023-02-12,13255.4,-0.209,
South Korea,2023-02-13,13255.4,-0.209,
South Korea,2023-02-14,13255.4,-0.209,
South Korea,2023-02-15,13255.4,-0.209,
South Korea,2023-02-16,13255.4,-0.209,
South Korea,2023-02-17,13255.4,-0.209,
South Korea,2023-02-18,13255.4,-0.209,
South Korea,2023-02-19,11338.9,-0.241,
South Korea,2023-02-20,11338.9,-0.241,
South Korea,2023-02-21,11338.9,-0.241,
South Korea,2023-02-22,11338.9,-0.241,
South Korea,2023-02-23,11338.9,-0.241,
South Korea,2023-02-24,11338.9,-0.241,
South Korea,2023-02-25,11338.9,-0.241,
South Korea,2023-02-26,9901.0,-0.266,
South Korea,2023-02-27,9901.0,-0.266,
South Korea,2023-02-28,9901.0,-0.266,
South Korea,2023-03-01,9901.0,-0.266,
South Korea,2023-03-02,9901.0,-0.266,
South Korea,2023-03-03,9901.0,-0.266,
South Korea,2023-03-04,9901.0,-0.266,
South Korea,2023-03-05,9433.9,-0.273,
South Korea,2023-03-06,9433.9,-0.273,
South Korea,2023-03-07,9433.9,-0.273,
South Korea,2023-03-08,9433.9,-0.273,
South Korea,2023-03-09,9433.9,-0.273,
South Korea,2023-03-10,9433.9,-0.273,
South Korea,2023-03-11,9433.9,-0.273,
South Korea,2023-03-12,9973.7,-0.264,
South Korea,2023-03-13,9973.7,-0.264,
South Korea,2023-03-14,9973.7,-0.264,
South Korea,2023-03-15,9973.7,-0.264,
South Korea,2023-03-16,9973.7,-0.264,
South Korea,2023-03-17,9973.7,-0.264,
South Korea,2023-03-18,9973.7,-0.264,
South Korea,2023-03-19,9185.6,-0.278,
South Korea,2023-03-20,9185.6,-0.278,
South Korea,2023-03-21,9185.6,-0.278,
South Korea,2023-03-22,9185.6,-0.278,
South Korea,2023-03-23,9185.6,-0.278,
South Korea,2023-03-24,9185.6,-0.278,
South Korea,2023-03-25,9185.6,-0.278,
South Korea,2023-03-26,10032.3,-0.263,
South Korea,2023-03-27,10032.3,-0.263,
South Korea,2023-03-28,10032.3,-0.263,
South Korea,2023-03-29,10032.3,-0.263,
South Korea,2023-03-30,10032.3,-0.263,
South Korea,2023-03-31,10032.3,-0.263,
South Korea,2023-04-01,10032.3,-0.263,
South Korea,2023-04-02,10160.1,-0.261,
South Korea,2023-04-03,10160.1,-0.261,
South Korea,2023-04-04,10160.1,-0.261,
South Korea,2023-04-05,10160.1,-0.261,
South Korea,2023-04-06,10160.1,-0.261,
South Korea,2023-04-07,10160.1,-0.261,
South Korea,2023-04-08,10160.1,-0.261,
South Korea,2023-04-09,10525.4,-0.255,
South Korea,2023-04-10,10525.4,-0.255,
South Korea,2023-04-11,10525.4,-0.255,
South Korea,2023-04-12,10525.4,-0.255,
South Korea,2023-04-13,10525.4,-0.255,
South Korea,2023-04-14,10525.4,-0.255,
South Korea,2023-04-15,10525.4,-0.255,
South Korea,2023-04-16,10726.7,-0.252,
South Korea,2023-04-17,10726.7,-0.252,
South Korea,2023-04-18,10726.7,-0.252,
South Korea,2023-04-19,10726.7,-0.252,
South Korea,2023-04-20,10726.7,-0.252,
South Korea,2023-04-21,10726.7,-0.252,
South Korea,2023-04-22,10726.7,-0.252,
South Korea,2023-04-23,12773.9,-0.217,
South Korea,2023-04-24,12773.9,-0.217,
South Korea,2023-04-25,12773.9,-0.217,
South Korea,2023-04-26,12773.9,-0.217,
South Korea,2023-04-27,12773.9,-0.217,
South Korea,2023-04-28,12773.9,-0.217,
South Korea,2023-04-29,12773.9,-0.217,
South Korea,2023-04-30,13189.6,-0.21,
South Korea,2023-05-01,13189.6,-0.21,
South Korea,2023-05-02,13189.6,-0.21,
South Korea,2023-05-03,13189.6,-0.21,
South Korea,2023-05-04,13189.6,-0.21,
South Korea,2023-05-05,13189.6,-0.21,
Sweden,2020-01-10,0.0,-0.44,
Sweden,2020-01-11,0.0,-0.44,
Sweden,2020-01-12,0.0,-0.44,
Sweden,2020-01-13,0.0,-0.44,
Sweden,2020-01-14,0.0,-0.44,
Sweden,2020-01-15,0.0,-0.44,
Sweden,2020-01-16,0.0,-0.44,
Sweden,2020-01-17,0.0,-0.44,
Sweden,2020-01-18,0.0,-0.44,
Sweden,2020-01-19,0.0,-0.44,
Sweden,2020-01-20,0.0,-0.44,
Sweden,2020-01-21,0.0,-0.44,
Sweden,2020-01-22,0.0,-0.44,
Sweden,2020-01-23,0.0,-0.44,
Sweden,2020-01-24,0.0,-0.44,
Sweden,2020-01-25,0.0,-0.44,
Sweden,2020-01-26,0.0,-0.44,
Sweden,2020-01-27,0.0,-0.44,
Sweden,2020-01-28,0.0,-0.44,
Sweden,2020-01-29,0.0,-0.44,
Sweden,2020-01-30,0.0,-0.44,
Sweden,2020-01-31,0.0,-0.44,
Sweden,2020-02-01,0.0,-0.44,
Sweden,2020-02-02,0.0,-0.44,
Sweden,2020-02-03,0.0,-0.44,
Sweden,2020-02-04,0.0,-0.44,
Sweden,2020-02-05,0.0,-0.44,
Sweden,2020-02-06,0.0,-0.44,
Sweden,2020-02-07,0.0,-0.44,
Sweden,2020-02-08,0.0,-0.44,
Sweden,2020-02-09,0.1,-0.44,
Sweden,2020-02-10,0.1,-0.44,
Sweden,2020-02-11,0.1,-0.44,
Sweden,2020-02-12,0.1,-0.44,
Sweden,2020-02-13,0.1,-0.44,
Sweden,2020-02-14,0.1,-0.44,
Sweden,2020-02-15,0.1,-0.44,
Sweden,2020-02-16,0.0,-0.44,
Sweden,2020-02-17,0.0,-0.44,
Sweden,2020-02-18,0.0,-0.44,
Sweden,2020-02-19,0.0,-0.44,
Sweden,2020-02-20,0.0,-0.44,
Sweden,2020-02-21,0.0,-0.44,
Sweden,2020-02-22,0.0,-0.44,
Sweden,2020-02-23,0.0,-0.44,
Sweden,2020-02-24,0.0,-0.44,
Sweden,2020-02-25,0.0,-0.44,
Sweden,2020-02-26,0.0,-0.44,
Sweden,2020-02-27,0.0,-0.44,
Sweden,2020-02-28,0.0,-0.44,
Sweden,2020-02-29,0.0,-0.44,
Sweden,2020-03-01,1.9,-0.439,
Sweden,2020-03-02,1.9,-0.439,
Sweden,2020-03-03,1.9,-0.439,
Sweden,2020-03-04,1.9,-0.439,
Sweden,2020-03-05,1.9,-0.439,
Sweden,2020-03-06,1.9,-0.439,
Sweden,2020-03-07,1.9,-0.439,
Sweden,2020-03-08,23.6,-0.435,
Sweden,2020-03-09,23.6,-0.435,
Sweden,2020-03-10,23.6,-0.435,
Sweden,2020-03-11,23.6,-0.435,
Sweden,2020-03-12,23.6,-0.435,
Sweden,2020-03-13,23.6,-0.435,
Sweden,2020-03-14,23.6,-0.435,
Sweden,2020-03-15,116.4,-0.417,
Sweden,2020-03-16,116.4,-0.417,
Sweden,2020-03-17,116.4,-0.417,
Sweden,2020-03-18,116.4,-0.417,
Sweden,2020-03-19,116.4,-0.417,
Sweden,2020-03-20,116.4,-0.417,
Sweden,2020-03-21,116.4,-0.417,
Sweden,2020-03-22,125.0,-0.415,
Sweden,2020-03-23,125.0,-0.415,
Sweden,2020-03-24,125.0,-0.415,
Sweden,2020-03-25,125.0,-0.415,
Sweden,2020-03-26,125.0,-0.415,
Sweden,2020-03-27,125.0,-0.415,
Sweden,2020-03-28,125.0,-0.415,
Sweden,2020-03-29,256.4,-0.389,
Sweden,2020-03-30,256.4,-0.389,
Sweden,2020-03-31,256.4,-0.389,
Sweden,2020-04-01,256.4,-0.389,
Sweden,2020-04-02,256.4,-0.389,
Sweden,2020-04-03,256.4,-0.389,
Sweden,2020-04-04,256.4,-0.389,
Sweden,2020-04-05,452.7,-0.351,
Sweden,2020-04-06,452.7,-0.351,
Sweden,2020-04-07,452.7,-0.351,
Sweden,2020-04-08,452.7,-0.351,
Sweden,2020-04-09,452.7,-0.351,
Sweden,2020-04-10,452.7,-0.351,
Sweden,2020-04-11,452.7,-0.351,
Sweden,2020-04-12,516.6,-0.338,
Sweden,2020-04-13,516.6,-0.338,
Sweden,2020-04-14,516.6,-0.338,
Sweden,2020-04-15,516.6,-0.338,
Sweden,2020-04-16,516.6,-0.338,
Sweden,2020-04-17,516.6,-0.338,
Sweden,2020-04-18,516.6,-0.338,
Sweden,2020-04-19,546.9,-0.332,
Sweden,2020-04-20,546.9,-0.332,
Sweden,2020-04-21,546.9,-0.332,
Sweden,2020-04-22,546.9,-0.332,
Sweden,2020-04-23,546.9,-0.332,
Sweden,2020-04-24,546.9,-0.332,
Sweden,2020-04-25,546.9,-0.332,
Sweden,2020-04-26,613.0,-0.319,
Sweden,2020-04-27,613.0,-0.319,
Sweden,2020-04-28,613.0,-0.319,
Sweden,2020-04-29,613.0,-0.319,
Sweden,2020-04-30,613.0,-0.319,
Sweden,2020-05-01,613.0,-0.319,
Sweden,2020-05-02,613.0,-0.319,
Sweden,2020-05-03,553.0,-0.331,
Sweden,2020-05-04,553.0,-0.331,
Sweden,2020-05-05,553.0,-0.331,
Sweden,2020-05-06,553.0,-0.331,
Sweden,2020-05-07,553.0,-0.331,
Sweden,2020-05-08,553.0,-0.331,
Sweden,2020-05-09,553.0,-0.331,
Sweden,2020-05-10,590.7,-0.323,
Sweden,2020-05-11,590.7,-0.323,
Sweden,2020-05-12,590.7,-0.323,
Sweden,2020-05-13,590.7,-0.323,
Sweden,2020-05-14,590.7,-0.323,
Sweden,2020-05-15,590.7,-0.323,
Sweden,2020-05-16,590.7,-0.323,
Sweden,2020-05-17,555.6,-0.33,
Sweden,2020-05-18,555.6,-0.33,
Sweden,2020-05-19,555.6,-0.33,
Sweden,2020-05-20,555.6,-0.33,
Sweden,2020-05-21,555.6,-0.33,
Sweden,2020-05-22,555.6,-0.33,
Sweden,2020-05-23,555.6,-0.33,
Sweden,2020-05-24,529.7,-0.335,
Sweden,2020-05-25,529.7,-0.335,
Sweden,2020-05-26,529.7,-0.335,
Sweden,2020-05-27,529.7,-0.335,
Sweden,2020-05-28,529.7,-0.335,
Sweden,2020-05-29,529.7,-0.335,
Sweden,2020-05-30,529.7,-0.335,
Sweden,2020-05-31,603.6,-0.321,
Sweden,2020-06-01,603.6,-0.321,
Sweden,2020-06-02,603.6,-0.321,
Sweden,2020-06-03,603.6,-0.321,
Sweden,2020-06-04,603.6,-0.321,
Sweden,2020-06-05,603.6,-0.321,
Sweden,2020-06-06,603.6,-0.321,
Sweden,2020-06-07,832.0,-0.276,
Sweden,2020-06-08,832.0,-0.276,
Sweden,2020-06-09,832.0,-0.276,
Sweden,2020-06-10,832.0,-0.276,
Sweden,2020-06-11,832.0,-0.276,
Sweden,2020-06-12,832.0,-0.276,
Sweden,2020-06-13,832.0,-0.276,
Sweden,2020-06-14,1023.9,-0.238,
Sweden,2020-06-15,1023.9,-0.238,
Sweden,2020-06-16,1023.9,-0.238,
Sweden,2020-06-17,1023.9,-0.238,
Sweden,2020-06-18,1023.9,-0.238,
Sweden,2020-06-19,1023.9,-0.238,
Sweden,2020-06-20,1023.9,-0.238,
Sweden,2020-06-21,1024.3,-0.238,
Sweden,2020-06-22,1024.3,-0.238,
Sweden,2020-06-23,1024.3,-0.238,
Sweden,2020-06-24,1024.3,-0.238,
Sweden,2020-06-25,1024.3,-0.238,
Sweden,2020-06-26,1024.3,-0.238,
Sweden,2020-06-27,1024.3,-0.238,
Sweden,2020-06-28,1051.6,-0.233,
Sweden,2020-06-29,1051.6,-0.233,
Sweden,2020-06-30,1051.6,-0.233,
Sweden,2020-07-01,1051.6,-0.233,
Sweden,2020-07-02,1051.6,-0.233,
Sweden,2020-07-03,1051.6,-0.233,
Sweden,2020-07-04,1051.6,-0.233,
Sweden,2020-07-05,625.6,-0.317,
Sweden,2020-07-06,625.6,-0.317,
Sweden,2020-07-07,625.6,-0.317,
Sweden,2020-07-08,625.6,-0.317,
Sweden,2020-07-09,625.6,-0.317,
Sweden,2020-07-10,625.6,-0.317,
Sweden,2020-07-11,625.6,-0.317,
Sweden,2020-07-12,341.1,-0.373,
Sweden,2020-07-13,341.1,-0.373,
Sweden,2020-07-14,341.1,-0.373,
Sweden,2020-07-15,341.1,-0.373,
Sweden,2020-07-16,341.1,-0.373,
Sweden,2020-07-17,341.1,-0.373,
Sweden,2020-07-18,341.1,-0.373,
Sweden,2020-07-19,231.1,-0.394,
Sweden,2020-07-20,231.1,-0.394,
Sweden,2020-07-21,231.1,-0.394,
Sweden,2020-07-22,231.1,-0.394,
Sweden,2020-07-23,231.1,-0.394,
Sweden,2020-07-24,231.1,-0.394,
Sweden,2020-07-25,231.1,-0.394,
Sweden,2020-07-26,197.7,-0.401,
Sweden,2020-07-27,197.7,-0.401,
Sweden,2020-07-28,197.7,-0.401,
Sweden,2020-07-29,197.7,-0.401,
Sweden,2020-07-30,197.7,-0.401,
Sweden,2020-07-31,197.7,-0.401,
Sweden,2020-08-01,197.7,-0.401,
Sweden,2020-08-02,222.9,-0.396,
Sweden,2020-08-03,222.9,-0.396,
Sweden,2020-08-04,222.9,-0.396,
Sweden,2020-08-05,222.9,-0.396,
Sweden,2020-08-06,222.9,-0.396,
Sweden,2020-08-07,222.9,-0.396,
Sweden,2020-08-08,222.9,-0.396,
Sweden,2020-08-09,282.7,-0.384,
Sweden,2020-08-10,282.7,-0.384,
Sweden,2020-08-11,282.7,-0.384,
Sweden,2020-08-12,282.7,-0.384,
Sweden,2020-08-13,282.7,-0.384,
Sweden,2020-08-14,282.7,-0.384,
Sweden,2020-08-15,282.7,-0.384,
Sweden,2020-08-16,294.6,-0.382,
Sweden,2020-08-17,294.6,-0.382,
Sweden,2020-08-18,294.6,-0.382,
Sweden,2020-08-19,294.6,-0.382,
Sweden,2020-08-20,294.6,-0.382,
Sweden,2020-08-21,294.6,-0.382,
Sweden,2020-08-22,294.6,-0.382,
Sweden,2020-08-23,241.9,-0.392,
Sweden,2020-08-24,241.9,-0.392,
Sweden,2020-08-25,241.9,-0.392,
Sweden,2020-08-26,241.9,-0.392,
Sweden,2020-08-27,241.9,-0.392,
Sweden,2020-08-28,241.9,-0.392,
Sweden,2020-08-29,241.9,-0.392,
Sweden,2020-08-30,172.7,-0.406,
Sweden,2020-08-31,172.7,-0.406,
Sweden,2020-09-01,172.7,-0.406,
Sweden,2020-09-02,172.7,-0.406,
Sweden,2020-09-03,172.7,-0.406,
Sweden,2020-09-04,172.7,-0.406,
Sweden,2020-09-05,172.7,-0.406,
Sweden,2020-09-06,187.6,-0.403,
Sweden,2020-09-07,187.6,-0.403,
Sweden,2020-09-08,187.6,-0.403,
Sweden,2020-09-09,187.6,-0.403,
Sweden,2020-09-10,187.6,-0.403,
Sweden,2020-09-11,187.6,-0.403,
Sweden,2020-09-12,187.6,-0.403,
Sweden,2020-09-13,221.9,-0.396,
Sweden,2020-09-14,221.9,-0.396,
Sweden,2020-09-15,221.9,-0.396,
Sweden,2020-09-16,221.9,-0.396,
Sweden,2020-09-17,221.9,-0.396,
Sweden,2020-09-18,221.9,-0.396,
Sweden,2020-09-19,221.9,-0.396,
Sweden,2020-09-20,293.3,-0.382,
Sweden,2020-09-21,293.3,-0.382,
Sweden,2020-09-22,293.3,-0.382,
Sweden,2020-09-23,293.3,-0.382,
Sweden,2020-09-24,293.3,-0.382,
Sweden,2020-09-25,293.3,-0.382,
Sweden,2020-09-26,293.3,-0.382,
Sweden,2020-09-27,412.1,-0.359,
Sweden,2020-09-28,412.1,-0.359,
Sweden,2020-09-29,412.1,-0.359,
Sweden,2020-09-30,412.1,-0.359,
Sweden,2020-10-01,412.1,-0.359,
Sweden,2020-10-02,412.1,-0.359,
Sweden,2020-10-03,412.1,-0.359,
Sweden,2020-10-04,521.9,-0.337,
Sweden,2020-10-05,521.9,-0.337,
Sweden,2020-10-06,521.9,-0.337,
Sweden,2020-10-07,521.9,-0.337,
Sweden,2020-10-08,521.9,-0.337,
Sweden,2020-10-09,521.9,-0.337,
Sweden,2020-10-10,521.9,-0.337,
Sweden,2020-10-11,610.4,-0.32,
Sweden,2020-10-12,610.4,-0.32,
Sweden,2020-10-13,610.4,-0.32,
Sweden,2020-10-14,610.4,-0.32,
Sweden,2020-10-15,610.4,-0.32,
Sweden,2020-10-16,610.4,-0.32,
Sweden,2020-10-17,610.4,-0.32,
Sweden,2020-10-18,780.0,-0.286,
Sweden,2020-10-19,780.0,-0.286,
Sweden,2020-10-20,780.0,-0.286,
Sweden,2020-10-21,780.0,-0.286,
Sweden,2020-10-22,780.0,-0.286,
Sweden,2020-10-23,780.0,-0.286,
Sweden,2020-10-24,780.0,-0.286,
Sweden,2020-10-25,1280.3,-0.188,
Sweden,2020-10-26,1280.3,-0.188,
Sweden,2020-10-27,1280.3,-0.188,
Sweden,2020-10-28,1280.3,-0.188,
Sweden,2020-10-29,1280.3,-0.188,
Sweden,2020-10-30,1280.3,-0.188,
Sweden,2020-10-31,1280.3,-0.188,
Sweden,2020-11-01,2527.3,0.058,
Sweden,2020-11-02,2527.3,0.058,
Sweden,2020-11-03,2527.3,0.058,
Sweden,2020-11-04,2527.3,0.058,
Sweden,2020-11-05,2527.3,0.058,
Sweden,2020-11-06,2527.3,0.058,
Sweden,2020-11-07,2527.3,0.058,
Sweden,2020-11-08,3515.0,0.253,
Sweden,2020-11-09,3515.0,0.253,
Sweden,2020-11-10,3515.0,0.253,
Sweden,2020-11-11,3515.0,0.253,
Sweden,2020-11-12,3515.0,0.253,
Sweden,2020-11-13,3515.0,0.253,
Sweden,2020-11-14,3515.0,0.253,
Sweden,2020-11-15,4547.9,0.456,
Sweden,2020-11-16,4547.9,0.456,
Sweden,2020-11-17,4547.9,0.456,
Sweden,2020-11-18,4547.9,0.456,
Sweden,2020-11-19,4547.9,0.456,
Sweden,2020-11-20,4547.9,0.456,
Sweden,2020-11-21,4547.9,0.456,
Sweden,2020-11-22,4443.3,0.435,
Sweden,2020-11-23,4443.3,0.435,
Sweden,2020-11-24,4443.3,0.435,
Sweden,2020-11-25,4443.3,0.435,
Sweden,2020-11-26,4443.3,0.435,
Sweden,2020-11-27,4443.3,0.435,
Sweden,2020-11-28,4443.3,0.435,
Sweden,2020-11-29,5032.7,0.552,
Sweden,2020-11-30,5032.7,0.552,
Sweden,2020-12-01,5032.7,0.552,
Sweden,2020-12-02,5032.7,0.552,
Sweden,2020-12-03,5032.7,0.552,
Sweden,2020-12-04,5032.7,0.552,
Sweden,2020-12-05,5032.7,0.552,
Sweden,2020-12-06,5398.1,0.624,
Sweden,2020-12-07,5398.1,0.624,
Sweden,2020-12-08,5398.1,0.624,
Sweden,2020-12-09,5398.1,0.624,
Sweden,2020-12-10,5398.1,0.624,
Sweden,2020-12-11,5398.1,0.624,
Sweden,2020-12-12,5398.1,0.624,
Sweden,2020-12-13,6053.9,0.753,
Sweden,2020-12-14,6053.9,0.753,
Sweden,2020-12-15,6053.9,0.753,
Sweden,2020-12-16,6053.9,0.753,
Sweden,2020-12-17,6053.9,0.753,
Sweden,2020-12-18,6053.9,0.753,
Sweden,2020-12-19,6053.9,0.753,
Sweden,2020-12-20,6497.4,0.84,
Sweden,2020-12-21,6497.4,0.84,
Sweden,2020-12-22,6497.4,0.84,
Sweden,2020-12-23,6497.4,0.84,
Sweden,2020-12-24,6497.4,0.84,
Sweden,2020-12-25,6497.4,0.84,
Sweden,2020-12-26,6497.4,0.84,
Sweden,2020-12-27,5382.6,0.62,
Sweden,2020-12-28,5382.6,0.62,
Sweden,2020-12-29,5382.6,0.62,
Sweden,2020-12-30,5382.6,0.62,
Sweden,2020-12-31,5382.6,0.62,
Sweden,2021-01-01,5382.6,0.62,
Sweden,2021-01-02,5382.6,0.62,
Sweden,2021-01-03,5968.1,0.736,
Sweden,2021-01-04,5968.1,0.736,
Sweden,2021-01-05,5968.1,0.736,
Sweden,2021-01-06,5968.1,0.736,
Sweden,2021-01-07,5968.1,0.736,
Sweden,2021-01-08,5968.1,0.736,
Sweden,2021-01-09,5968.1,0.736,
Sweden,2021-01-10,5697.6,0.682,
Sweden,2021-01-11,5697.6,0.682,
Sweden,2021-01-12,5697.6,0.682,
Sweden,2021-01-13,5697.6,0.682,
Sweden,2021-01-14,5697.6,0.682,
Sweden,2021-01-15,5697.6,0.682,
Sweden,2021-01-16,5697.6,0.682,
Sweden,2021-01-17,4286.0,0.404,
Sweden,2021-01-18,4286.0,0.404,
Sweden,2021-01-19,4286.0,0.404,
Sweden,2021-01-20,4286.0,0.404,
Sweden,2021-01-21,4286.0,0.404,
Sweden,2021-01-22,4286.0,0.404,
Sweden,2021-01-23,4286.0,0.404,
Sweden,2021-01-24,3332.1,0.217,
Sweden,2021-01-25,3332.1,0.217,
Sweden,2021-01-26,3332.1,0.217,
Sweden,2021-01-27,3332.1,0.217,
Sweden,2021-01-28,3332.1,0.217,
Sweden,2021-01-29,3332.1,0.217,
Sweden,2021-01-30,3332.1,0.217,
Sweden,2021-01-31,2948.3,0.141,
Sweden,2021-02-01,2948.3,0.141,
Sweden,2021-02-02,2948.3,0.141,
Sweden,2021-02-03,2948.3,0.141,
Sweden,2021-02-04,2948.3,0.141,
Sweden,2021-02-05,2948.3,0.141,
Sweden,2021-02-06,2948.3,0.141,
Sweden,2021-02-07,2822.1,0.116,
Sweden,2021-02-08,2822.1,0.116,
Sweden,2021-02-09,2822.1,0.116,
Sweden,2021-02-10,2822.1,0.116,
Sweden,2021-02-11,2822.1,0.116,
Sweden,2021-02-12,2822.1,0.116,
Sweden,2021-02-13,2822.1,0.116,
Sweden,2021-02-14,3011.9,0.153,
Sweden,2021-02-15,3011.9,0.153,
Sweden,2021-02-16,3011.9,0.153,
Sweden,2021-02-17,3011.9,0.153,
Sweden,2021-02-18,3011.9,0.153,
Sweden,2021-02-19,3011.9,0.153,
Sweden,2021-02-20,3011.9,0.153,
Sweden,2021-02-21,3317.9,0.214,
Sweden,2021-02-22,3317.9,0.214,
Sweden,2021-02-23,3317.9,0.214,
Sweden,2021-02-24,3317.9,0.214,
Sweden,2021-02-25,3317.9,0.214,
Sweden,2021-02-26,3317.9,0.214,
Sweden,2021-02-27,3317.9,0.214,
Sweden,2021-02-28,3862.4,0.321,
Sweden,2021-03-01,3862.4,0.321,
Sweden,2021-03-02,3862.4,0.321,
Sweden,2021-03-03,3862.4,0.321,
Sweden,2021-03-04,3862.4,0.321,
Sweden,2021-03-05,3862.4,0.321,
Sweden,2021-03-06,3862.4,0.321,
Sweden,2021-03-07,3933.0,0.335,
Sweden,2021-03-08,3933.0,0.335,
Sweden,2021-03-09,3933.0,0.335,
Sweden,2021-03-10,3933.0,0.335,
Sweden,2021-03-11,3933.0,0.335,
Sweden,2021-03-12,3933.0,0.335,
Sweden,2021-03-13,3933.0,0.335,
Sweden,2021-03-14,4138.0,0.375,
Sweden,2021-03-15,4138.0,0.375,
Sweden,2021-03-16,4138.0,0.375,
Sweden,2021-03-17,4138.0,0.375,
Sweden,2021-03-18,4138.0,0.375,
Sweden,2021-03-19,4138.0,0.375,
Sweden,2021-03-20,4138.0,0.375,
Sweden,2021-03-21,4641.9,0.475,
Sweden,2021-03-22,4641.9,0.475,
Sweden,2021-03-23,4641.9,0.475,
Sweden,2021-03-24,4641.9,0.475,
Sweden,2021-03-25,4641.9,0.475,
Sweden,2021-03-26,4641.9,0.475,
Sweden,2021-03-27,4641.9,0.475,
Sweden,2021-03-28,5354.1,0.615,
Sweden,2021-03-29,5354.1,0.615,
Sweden,2021-03-30,5354.1,0.615,
Sweden,2021-03-31,5354.1,0.615,
Sweden,2021-04-01,5354.1,0.615,
Sweden,2021-04-02,5354.1,0.615,
Sweden,2021-04-03,5354.1,0.615,
Sweden,2021-04-04,5559.1,0.655,
Sweden,2021-04-05,5559.1,0.655,
Sweden,2021-04-06,5559.1,0.655,
Sweden,2021-04-07,5559.1,0.655,
Sweden,2021-04-08,5559.1,0.655,
Sweden,2021-04-09,5559.1,0.655,
Sweden,2021-04-10,5559.1,0.655,
Sweden,2021-04-11,5742.9,0.691,
Sweden,2021-04-12,5742.9,0.691,
Sweden,2021-04-13,5742.9,0.691,
Sweden,2021-04-14,5742.9,0.691,
Sweden,2021-04-15,5742.9,0.691,
Sweden,2021-04-16,5742.9,0.691,
Sweden,2021-04-17,5742.9,0.691,
Sweden,2021-04-18,5844.4,0.711,
Sweden,2021-04-19,5844.4,0.711,
Sweden,2021-04-20,5844.4,0.711,
Sweden,2021-04-21,5844.4,0.711,
Sweden,2021-04-22,5844.4,0.711,
Sweden,2021-04-23,5844.4,0.711,
Sweden,2021-04-24,5844.4,0.711,
Sweden,2021-04-25,5255.4,0.595,
Sweden,2021-04-26,5255.4,0.595,
Sweden,2021-04-27,5255.4,0.595,
Sweden,2021-04-28,5255.4,0.595,
Sweden,2021-04-29,5255.4,0.595,
Sweden,2021-04-30,5255.4,0.595,
Sweden,2021-05-01,5255.4,0.595,
Sweden,2021-05-02,5049.1,0.555,
Sweden,2021-05-03,5049.1,0.555,
Sweden,2021-05-04,5049.1,0.555,
Sweden,2021-05-05,5049.1,0.555,
Sweden,2021-05-06,5049.1,0.555,
Sweden,2021-05-07,5049.1,0.555,
Sweden,2021-05-08,5049.1,0.555,
Sweden,2021-05-09,4819.7,0.51,
Sweden,2021-05-10,4819.7,0.51,
Sweden,2021-05-11,4819.7,0.51,
Sweden,2021-05-12,4819.7,0.51,
Sweden,2021-05-13,4819.7,0.51,
Sweden,2021-05-14,4819.7,0.51,
Sweden,2021-05-15,4819.7,0.51,
Sweden,2021-05-16,3737.9,0.296,
Sweden,2021-05-17,3737.9,0.296,
Sweden,2021-05-18,3737.9,0.296,
Sweden,2021-05-19,3737.9,0.296,
Sweden,2021-05-20,3737.9,0.296,
Sweden,2021-05-21,3737.9,0.296,
Sweden,2021-05-22,3737.9,0.296,
Sweden,2021-05-23,2708.6,0.094,
Sweden,2021-05-24,2708.6,0.094,
Sweden,2021-05-25,2708.6,0.094,
Sweden,2021-05-26,2708.6,0.094,
Sweden,2021-05-27,2708.6,0.094,
Sweden,2021-05-28,2708.6,0.094,
Sweden,2021-05-29,2708.6,0.094,
Sweden,2021-05-30,949.3,-0.253,
Sweden,2021-05-31,949.3,-0.253,
Sweden,2021-06-01,949.3,-0.253,
Sweden,2021-06-02,949.3,-0.253,
Sweden,2021-06-03,949.3,-0.253,
Sweden,2021-06-04,949.3,-0.253,
Sweden,2021-06-05,949.3,-0.253,
Sweden,2021-06-06,1545.9,-0.135,
Sweden,2021-06-07,1545.9,-0.135,
Sweden,2021-06-08,1545.9,-0.135,
Sweden,2021-06-09,1545.9,-0.135,
Sweden,2021-06-10,1545.9,-0.135,
Sweden,2021-06-11,1545.9,-0.135,
Sweden,2021-06-12,1545.9,-0.135,
Sweden,2021-06-13,637.0,-0.314,
Sweden,2021-06-14,637.0,-0.314,
Sweden,2021-06-15,637.0,-0.314,
Sweden,2021-06-16,637.0,-0.314,
Sweden,2021-06-17,637.0,-0.314,
Sweden,2021-06-18,637.0,-0.314,
Sweden,2021-06-19,637.0,-0.314,
Sweden,2021-06-20,429.4,-0.355,
Sweden,2021-06-21,429.4,-0.355,
Sweden,2021-06-22,429.4,-0.355,
Sweden,2021-06-23,429.4,-0.355,
Sweden,2021-06-24,429.4,-0.355,
Sweden,2021-06-25,429.4,-0.355,
Sweden,2021-06-26,429.4,-0.355,
Sweden,2021-06-27,282.3,-0.384,
Sweden,2021-06-28,282.3,-0.384,
Sweden,2021-06-29,282.3,-0.384,
Sweden,2021-06-30,282.3,-0.384,
Sweden,2021-07-01,282.3,-0.384,
Sweden,2021-07-02,282.3,-0.384,
Sweden,2021-07-03,282.3,-0.384,
Sweden,2021-07-04,268.1,-0.387,
Sweden,2021-07-05,268.1,-0.387,
Sweden,2021-07-06,268.1,-0.387,
Sweden,2021-07-07,268.1,-0.387,
Sweden,2021-07-08,268.1,-0.387,
Sweden,2021-07-09,268.1,-0.387,
Sweden,2021-07-10,268.1,-0.387,
Sweden,2021-07-11,216.6,-0.397,
Sweden,2021-07-12,216.6,-0.397,
Sweden,2021-07-13,216.6,-0.397,
Sweden,2021-07-14,216.6,-0.397,
Sweden,2021-07-15,216.6,-0.397,
Sweden,2021-07-16,216.6,-0.397,
Sweden,2021-07-17,216.6,-0.397,
Sweden,2021-07-18,268.1,-0.387,
Sweden,2021-07-19,268.1,-0.387,
Sweden,2021-07-20,268.1,-0.387,
Sweden,2021-07-21,268.1,-0.387,
Sweden,2021-07-22,268.1,-0.387,
Sweden,2021-07-23,268.1,-0.387,
Sweden,2021-07-24,268.1,-0.387,
Sweden,2021-07-25,380.7,-0.365,
Sweden,2021-07-26,380.7,-0.365,
Sweden,2021-07-27,380.7,-0.365,
Sweden,2021-07-28,380.7,-0.365,
Sweden,2021-07-29,380.7,-0.365,
Sweden,2021-07-30,380.7,-0.365,
Sweden,2021-07-31,380.7,-0.365,
Sweden,2021-08-01,494.6,-0.342,
Sweden,2021-08-02,494.6,-0.342,
Sweden,2021-08-03,494.6,-0.342,
Sweden,2021-08-04,494.6,-0.342,
Sweden,2021-08-05,494.6,-0.342,
Sweden,2021-08-06,494.6,-0.342,
Sweden,2021-08-07,494.6,-0.342,
Sweden,2021-08-08,658.4,-0.31,
Sweden,2021-08-09,658.4,-0.31,
Sweden,2021-08-10,658.4,-0.31,
Sweden,2021-08-11,658.4,-0.31,
Sweden,2021-08-12,658.4,-0.31,
Sweden,2021-08-13,658.4,-0.31,
Sweden,2021-08-14,658.4,-0.31,
Sweden,2021-08-15,830.3,-0.276,
Sweden,2021-08-16,830.3,-0.276,
Sweden,2021-08-17,830.3,-0.276,
Sweden,2021-08-18,830.3,-0.276,
Sweden,2021-08-19,830.3,-0.276,
Sweden,2021-08-20,830.3,-0.276,
Sweden,2021-08-21,830.3,-0.276,
Sweden,2021-08-22,924.4,-0.258,
Sweden,2021-08-23,924.4,-0.258,
Sweden,2021-08-24,924.4,-0.258,
Sweden,2021-08-25,924.4,-0.258,
Sweden,2021-08-26,924.4,-0.258,
Sweden,2021-08-27,924.4,-0.258,
Sweden,2021-08-28,924.4,-0.258,
Sweden,2021-08-29,955.1,-0.252,
Sweden,2021-08-30,955.1,-0.252,
Sweden,2021-08-31,955.1,-0.252,
Sweden,2021-09-01,955.1,-0.252,
Sweden,2021-09-02,955.1,-0.252,
Sweden,2021-09-03,955.1,-0.252,
Sweden,2021-09-04,955.1,-0.252,
Sweden,2021-09-05,1033.6,-0.236,
Sweden,2021-09-06,1033.6,-0.236,
Sweden,2021-09-07,1033.6,-0.236,
Sweden,2021-09-08,1033.6,-0.236,
Sweden,2021-09-09,1033.6,-0.236,
Sweden,2021-09-10,1033.6,-0.236,
Sweden,2021-09-11,1033.6,-0.236,
Sweden,2021-09-12,1140.6,-0.215,
Sweden,2021-09-13,1140.6,-0.215,
Sweden,2021-09-14,1140.6,-0.215,
Sweden,2021-09-15,1140.6,-0.215,
Sweden,2021-09-16,1140.6,-0.215,
Sweden,2021-09-17,1140.6,-0.215,
Sweden,2021-09-18,1140.6,-0.215,
Sweden,2021-09-19,895.4,-0.263,
Sweden,2021-09-20,895.4,-0.263,
Sweden,2021-09-21,895.4,-0.263,
Sweden,2021-09-22,895.4,-0.263,
Sweden,2021-09-23,895.4,-0.263,
Sweden,2021-09-24,895.4,-0.263,
Sweden,2021-09-25,895.4,-0.263,
Sweden,2021-09-26,614.9,-0.319,
Sweden,2021-09-27,614.9,-0.319,
Sweden,2021-09-28,614.9,-0.319,
Sweden,2021-09-29,614.9,-0.319,
Sweden,2021-09-30,614.9,-0.319,
Sweden,2021-10-01,614.9,-0.319,
Sweden,2021-10-02,614.9,-0.319,
Sweden,2021-10-03,606.3,-0.32,
Sweden,2021-10-04,606.3,-0.32,
Sweden,2021-10-05,606.3,-0.32,
Sweden,2021-10-06,606.3,-0.32,
Sweden,2021-10-07,606.3,-0.32,
Sweden,2021-10-08,606.3,-0.32,
Sweden,2021-10-09,606.3,-0.32,
Sweden,2021-10-10,590.3,-0.323,
Sweden,2021-10-11,590.3,-0.323,
Sweden,2021-10-12,590.3,-0.323,
Sweden,2021-10-13,590.3,-0.323,
Sweden,2021-10-14,590.3,-0.323,
Sweden,2021-10-15,590.3,-0.323,
Sweden,2021-10-16,590.3,-0.323,
Sweden,2021-10-17,583.3,-0.325,
Sweden,2021-10-18,583.3,-0.325,
Sweden,2021-10-19,583.3,-0.325,
Sweden,2021-10-20,583.3,-0.325,
Sweden,2021-10-21,583.3,-0.325,
Sweden,2021-10-22,583.3,-0.325,
Sweden,2021-10-23,583.3,-0.325,
Sweden,2021-10-24,697.7,-0.302,
Sweden,2021-10-25,697.7,-0.302,
Sweden,2021-10-26,697.7,-0.302,
Sweden,2021-10-27,697.7,-0.302,
Sweden,2021-10-28,697.7,-0.302,
Sweden,2021-10-29,697.7,-0.302,
Sweden,2021-10-30,697.7,-0.302,
Sweden,2021-10-31,847.6,-0.273,
Sweden,2021-11-01,847.6,-0.273,
Sweden,2021-11-02,847.6,-0.273,
Sweden,2021-11-03,847.6,-0.273,
Sweden,2021-11-04,847.6,-0.273,
Sweden,2021-11-05,847.6,-0.273,
Sweden,2021-11-06,847.6,-0.273,
Sweden,2021-11-07,726.9,-0.297,
Sweden,2021-11-08,726.9,-0.297,
Sweden,2021-11-09,726.9,-0.297,
Sweden,2021-11-10,726.9,-0.297,
Sweden,2021-11-11,726.9,-0.297,
Sweden,2021-11-12,726.9,-0.297,
Sweden,2021-11-13,726.9,-0.297,
Sweden,2021-11-14,827.4,-0.277,
Sweden,2021-11-15,827.4,-0.277,
Sweden,2021-11-16,827.4,-0.277,
Sweden,2021-11-17,827.4,-0.277,
Sweden,2021-11-18,827.4,-0.277,
Sweden,2021-11-19,827.4,-0.277,
Sweden,2021-11-20,827.4,-0.277,
Sweden,2021-11-21,990.1,-0.245,
Sweden,2021-11-22,990.1,-0.245,
Sweden,2021-11-23,990.1,-0.245,
Sweden,2021-11-24,990.1,-0.245,
Sweden,2021-11-25,990.1,-0.245,
Sweden,2021-11-26,990.1,-0.245,
Sweden,2021-11-27,990.1,-0.245,
Sweden,2021-11-28,1646.1,-0.116,
Sweden,2021-11-29,1646.1,-0.116,
Sweden,2021-11-30,1646.1,-0.116,
Sweden,2021-12-01,1646.1,-0.116,
Sweden,2021-12-02,1646.1,-0.116,
Sweden,2021-12-03,1646.1,-0.116,
Sweden,2021-12-04,1646.1,-0.116,
Sweden,2021-12-05,1965.7,-0.053,
Sweden,2021-12-06,1965.7,-0.053,
Sweden,2021-12-07,1965.7,-0.053,
Sweden,2021-12-08,1965.7,-0.053,
Sweden,2021-12-09,1965.7,-0.053,
Sweden,2021-12-10,1965.7,-0.053,
Sweden,2021-12-11,1965.7,-0.053,
Sweden,2021-12-12,2587.4,0.07,
Sweden,2021-12-13,2587.4,0.07,
Sweden,2021-12-14,2587.4,0.07,
Sweden,2021-12-15,2587.4,0.07,
Sweden,2021-12-16,2587.4,0.07,
Sweden,2021-12-17,2587.4,0.07,
Sweden,2021-12-18,2587.4,0.07,
Sweden,2021-12-19,3422.6,0.234,
Sweden,2021-12-20,3422.6,0.234,
Sweden,2021-12-21,3422.6,0.234,
Sweden,2021-12-22,3422.6,0.234,
Sweden,2021-12-23,3422.6,0.234,
Sweden,2021-12-24,3422.6,0.234,
Sweden,2021-12-25,3422.6,0.234,
Sweden,2021-12-26,4021.7,0.352,
Sweden,2021-12-27,4021.7,0.352,
Sweden,2021-12-28,4021.7,0.352,
Sweden,2021-12-29,4021.7,0.352,
Sweden,2021-12-30,4021.7,0.352,
Sweden,2021-12-31,4021.7,0.352,
Sweden,2022-01-01,4021.7,0.352,
Sweden,2022-01-02,7920.4,1.12,
Sweden,2022-01-03,7920.4,1.12,
Sweden,2022-01-04,7920.4,1.12,
Sweden,2022-01-05,7920.4,1.12,
Sweden,2022-01-06,7920.4,1.12,
Sweden,2022-01-07,7920.4,1.12,
Sweden,2022-01-08,7920.4,1.12,
Sweden,2022-01-09,16369.1,2.784,Y
Sweden,2022-01-10,16369.1,2.784,Y
Sweden,2022-01-11,16369.1,2.784,Y
Sweden,2022-01-12,16369.1,2.784,Y
Sweden,2022-01-13,16369.1,2.784,Y
Sweden,2022-01-14,16369.1,2.784,Y
Sweden,2022-01-15,16369.1,2.784,Y
Sweden,2022-01-16,22753.1,4.042,Y
Sweden,2022-01-17,22753.1,4.042,Y
Sweden,2022-01-18,22753.1,4.042,Y
Sweden,2022-01-19,22753.1,4.042,Y
Sweden,2022-01-20,22753.1,4.042,Y
Sweden,2022-01-21,22753.1,4.042,Y
Sweden,2022-01-22,22753.1,4.042,Y
Sweden,2022-01-23,35353.3,6.524,Y
Sweden,2022-01-24,35353.3,6.524,Y
Sweden,2022-01-25,35353.3,6.524,Y
Sweden,2022-01-26,35353.3,6.524,Y
Sweden,2022-01-27,35353.3,6.524,Y
Sweden,2022-01-28,35353.3,6.524,Y
Sweden,2022-01-29,35353.3,6.524,Y
Sweden,2022-01-30,40148.3,7.468,Y
Sweden,2022-01-31,40148.3,7.468,Y
Sweden,2022-02-01,40148.3,7.468,Y
Sweden,2022-02-02,40148.3,7.468,Y
Sweden,2022-02-03,40148.3,7.468,Y
Sweden,2022-02-04,40148.3,7.468,Y
Sweden,2022-02-05,40148.3,7.468,Y
Sweden,2022-02-06,27247.0,4.927,Y
Sweden,2022-02-07,27247.0,4.927,Y
Sweden,2022-02-08,27247.0,4.927,Y
Sweden,2022-02-09,27247.0,4.927,Y
Sweden,2022-02-10,27247.0,4.927,Y
Sweden,2022-02-11,27247.0,4.927,Y
Sweden,2022-02-12,27247.0,4.927,Y
Sweden,2022-02-13,10180.3,1.565,
Sweden,2022-02-14,10180.3,1.565,
Sweden,2022-02-15,10180.3,1.565,
Sweden,2022-02-16,10180.3,1.565,
Sweden,2022-02-17,10180.3,1.565,
Sweden,2022-02-18,10180.3,1.565,
Sweden,2022-02-19,10180.3,1.565,
Sweden,2022-02-20,3180.4,0.187,
Sweden,2022-02-21,3180.4,0.187,
Sweden,2022-02-22,3180.4,0.187,
Sweden,2022-02-23,3180.4,0.187,
Sweden,2022-02-24,3180.4,0.187,
Sweden,2022-02-25,3180.4,0.187,
Sweden,2022-02-26,3180.4,0.187,
Sweden,2022-02-27,2527.9,0.058,
Sweden,2022-02-28,2527.9,0.058,
Sweden,2022-03-01,2527.9,0.058,
Sweden,2022-03-02,2527.9,0.058,
Sweden,2022-03-03,2527.9,0.058,
Sweden,2022-03-04,2527.9,0.058,
Sweden,2022-03-05,2527.9,0.058,
Sweden,2022-03-06,1929.0,-0.06,
Sweden,2022-03-07,1929.0,-0.06,
Sweden,2022-03-08,1929.0,-0.06,
Sweden,2022-03-09,1929.0,-0.06,
Sweden,2022-03-10,1929.0,-0.06,
Sweden,2022-03-11,1929.0,-0.06,
Sweden,2022-03-12,1929.0,-0.06,
Sweden,2022-03-13,1433.6,-0.157,
Sweden,2022-03-14,1433.6,-0.157,
Sweden,2022-03-15,1433.6,-0.157,
Sweden,2022-03-16,1433.6,-0.157,
Sweden,2022-03-17,1433.6,-0.157,
Sweden,2022-03-18,1433.6,-0.157,
Sweden,2022-03-19,1433.6,-0.157,
Sweden,2022-03-20,1224.0,-0.199,
Sweden,2022-03-21,1224.0,-0.199,
Sweden,2022-03-22,1224.0,-0.199,
Sweden,2022-03-23,1224.0,-0.199,
Sweden,2022-03-24,1224.0,-0.199,
Sweden,2022-03-25,1224.0,-0.199,
Sweden,2022-03-26,1224.0,-0.199,
Sweden,2022-03-27,1019.7,-0.239,
Sweden,2022-03-28,1019.7,-0.239,
Sweden,2022-03-29,1019.7,-0.239,
Sweden,2022-03-30,1019.7,-0.239,
Sweden,2022-03-31,1019.7,-0.239,
Sweden,2022-04-01,1019.7,-0.239,
Sweden,2022-04-02,1019.7,-0.239,
Sweden,2022-04-03,716.7,-0.299,
Sweden,2022-04-04,716.7,-0.299,
Sweden,2022-04-05,716.7,-0.299,
Sweden,2022-04-06,716.7,-0.299,
Sweden,2022-04-07,716.7,-0.299,
Sweden,2022-04-08,716.7,-0.299,
Sweden,2022-04-09,716.7,-0.299,
Sweden,2022-04-10,584.1,-0.325,
Sweden,2022-04-11,584.1,-0.325,
Sweden,2022-04-12,584.1,-0.325,
Sweden,2022-04-13,584.1,-0.325,
Sweden,2022-04-14,584.1,-0.325,
Sweden,2022-04-15,584.1,-0.325,
Sweden,2022-04-16,584.1,-0.325,
Sweden,2022-04-17,449.6,-0.351,
Sweden,2022-04-18,449.6,-0.351,
Sweden,2022-04-19,449.6,-0.351,
Sweden,2022-04-20,449.6,-0.351,
Sweden,2022-04-21,449.6,-0.351,
Sweden,2022-04-22,449.6,-0.351,
Sweden,2022-04-23,449.6,-0.351,
Sweden,2022-04-24,366.9,-0.368,
Sweden,2022-04-25,366.9,-0.368,
Sweden,2022-04-26,366.9,-0.368,
Sweden,2022-04-27,366.9,-0.368,
Sweden,2022-04-28,366.9,-0.368,
Sweden,2022-04-29,366.9,-0.368,
Sweden,2022-04-30,366.9,-0.368,
Sweden,2022-05-01,328.9,-0.375,
Sweden,2022-05-02,328.9,-0.375,
Sweden,2022-05-03,328.9,-0.375,
Sweden,2022-05-04,328.9,-0.375,
Sweden,2022-05-05,328.9,-0.375,
Sweden,2022-05-06,328.9,-0.375,
Sweden,2022-05-07,328.9,-0.375,
Sweden,2022-05-08,281.7,-0.384,
Sweden,2022-05-09,281.7,-0.384,
Sweden,2022-05-10,281.7,-0.384,
Sweden,2022-05-11,281.7,-0.384,
Sweden,2022-05-12,281.7,-0.384,
Sweden,2022-05-13,281.7,-0.384,
Sweden,2022-05-14,281.7,-0.384,
Sweden,2022-05-15,234.7,-0.394,
Sweden,2022-05-16,234.7,-0.394,
Sweden,2022-05-17,234.7,-0.394,
Sweden,2022-05-18,234.7,-0.394,
Sweden,2022-05-19,234.7,-0.394,
Sweden,2022-05-20,234.7,-0.394,
Sweden,2022-05-21,234.7,-0.394,
Sweden,2022-05-22,261.4,-0.388,
Sweden,2022-05-23,261.4,-0.388,
Sweden,2022-05-24,261.4,-0.388,
Sweden,2022-05-25,261.4,-0.388,
Sweden,2022-05-26,261.4,-0.388,
Sweden,2022-05-27,261.4,-0.388,
Sweden,2022-05-28,261.4,-0.388,
Sweden,2022-05-29,189.1,-0.403,
Sweden,2022-05-30,189.1,-0.403,
Sweden,2022-05-31,189.1,-0.403,
Sweden,2022-06-01,189.1,-0.403,
Sweden,2022-06-02,189.1,-0.403,
Sweden,2022-06-03,189.1,-0.403,
Sweden,2022-06-04,189.1,-0.403,
Sweden,2022-06-05,179.4,-0.404,
Sweden,2022-06-06,179.4,-0.404,
Sweden,2022-06-07,179.4,-0.404,
Sweden,2022-06-08,179.4,-0.404,
Sweden,2022-06-09,179.4,-0.404,
Sweden,2022-06-10,179.4,-0.404,
Sweden,2022-06-11,179.4,-0.404,
Sweden,2022-06-12,266.4,-0.387,
Sweden,2022-06-13,266.4,-0.387,
Sweden,2022-06-14,266.4,-0.387,
Sweden,2022-06-15,266.4,-0.387,
Sweden,2022-06-16,266.4,-0.387,
Sweden,2022-06-17,266.4,-0.387,
Sweden,2022-06-18,266.4,-0.387,
Sweden,2022-06-19,300.4,-0.381,
Sweden,2022-06-20,300.4,-0.381,
Sweden,2022-06-21,300.4,-0.381,
Sweden,2022-06-22,300.4,-0.381,
Sweden,2022-06-23,300.4,-0.381,
Sweden,2022-06-24,300.4,-0.381,
Sweden,2022-06-25,300.4,-0.381,
Sweden,2022-06-26,441.6,-0.353,
Sweden,2022-06-27,441.6,-0.353,
Sweden,2022-06-28,441.6,-0.353,
Sweden,2022-06-29,441.6,-0.353,
Sweden,2022-06-30,441.6,-0.353,
Sweden,2022-07-01,441.6,-0.353,
Sweden,2022-07-02,441.6,-0.353,
Sweden,2022-07-03,582.0,-0.325,
Sweden,2022-07-04,582.0,-0.325,
Sweden,2022-07-05,582.0,-0.325,
Sweden,2022-07-06,582.0,-0.325,
Sweden,2022-07-07,582.0,-0.325,
Sweden,2022-07-08,582.0,-0.325,
Sweden,2022-07-09,582.0,-0.325,
Sweden,2022-07-10,595.9,-0.322,
Sweden,2022-07-11,595.9,-0.322,
Sweden,2022-07-12,595.9,-0.322,
Sweden,2022-07-13,595.9,-0.322,
Sweden,2022-07-14,595.9,-0.322,
Sweden,2022-07-15,595.9,-0.322,
Sweden,2022-07-16,595.9,-0.322,
Sweden,2022-07-17,773.9,-0.287,
Sweden,2022-07-18,773.9,-0.287,
Sweden,2022-07-19,773.9,-0.287,
Sweden,2022-07-20,773.9,-0.287,
Sweden,2022-07-21,773.9,-0.287,
Sweden,2022-07-22,773.9,-0.287,
Sweden,2022-07-23,773.9,-0.287,
Sweden,2022-07-24,853.4,-0.272,
Sweden,2022-07-25,853.4,-0.272,
Sweden,2022-07-26,853.4,-0.272,
Sweden,2022-07-27,853.4,-0.272,
Sweden,2022-07-28,853.4,-0.272,
Sweden,2022-07-29,853.4,-0.272,
Sweden,2022-07-30,853.4,-0.272,
Sweden,2022-07-31,815.6,-0.279,
Sweden,2022-08-01,815.6,-0.279,
Sweden,2022-08-02,815.6,-0.279,
Sweden,2022-08-03,815.6,-0.279,
Sweden,2022-08-04,815.6,-0.279,
Sweden,2022-08-05,815.6,-0.279,
Sweden,2022-08-06,815.6,-0.279,
Sweden,2022-08-07,889.0,-0.265,
Sweden,2022-08-08,889.0,-0.265,
Sweden,2022-08-09,889.0,-0.265,
Sweden,2022-08-10,889.0,-0.265,
Sweden,2022-08-11,889.0,-0.265,
Sweden,2022-08-12,889.0,-0.265,
Sweden,2022-08-13,889.0,-0.265,
Sweden,2022-08-14,949.1,-0.253,
Sweden,2022-08-15,949.1,-0.253,
Sweden,2022-08-16,949.1,-0.253,
Sweden,2022-08-17,949.1,-0.253,
Sweden,2022-08-18,949.1,-0.253,
Sweden,2022-08-19,949.1,-0.253,
Sweden,2022-08-20,949.1,-0.253,
Sweden,2022-08-21,948.6,-0.253,
Sweden,2022-08-22,948.6,-0.253,
Sweden,2022-08-23,948.6,-0.253,
Sweden,2022-08-24,948.6,-0.253,
Sweden,2022-08-25,948.6,-0.253,
Sweden,2022-08-26,948.6,-0.253,
Sweden,2022-08-27,948.6,-0.253,
Sweden,2022-08-28,723.9,-0.297,
Sweden,2022-08-29,723.9,-0.297,
Sweden,2022-08-30,723.9,-0.297,
Sweden,2022-08-31,723.9,-0.297,
Sweden,2022-09-01,723.9,-0.297,
Sweden,2022-09-02,723.9,-0.297,
Sweden,2022-09-03,723.9,-0.297,
Sweden,2022-09-04,681.4,-0.306,
Sweden,2022-09-05,681.4,-0.306,
Sweden,2022-09-06,681.4,-0.306,
Sweden,2022-09-07,681.4,-0.306,
Sweden,2022-09-08,681.4,-0.306,
Sweden,2022-09-09,681.4,-0.306,
Sweden,2022-09-10,681.4,-0.306,
Sweden,2022-09-11,725.3,-0.297,
Sweden,2022-09-12,725.3,-0.297,
Sweden,2022-09-13,725.3,-0.297,
Sweden,2022-09-14,725.3,-0.297,
Sweden,2022-09-15,725.3,-0.297,
Sweden,2022-09-16,725.3,-0.297,
Sweden,2022-09-17,725.3,-0.297,
Sweden,2022-09-18,722.1,-0.298,
Sweden,2022-09-19,722.1,-0.298,
Sweden,2022-09-20,722.1,-0.298,
Sweden,2022-09-21,722.1,-0.298,
Sweden,2022-09-22,722.1,-0.298,
Sweden,2022-09-23,722.1,-0.298,
Sweden,2022-09-24,722.1,-0.298,
Sweden,2022-09-25,709.0,-0.3,
Sweden,2022-09-26,709.0,-0.3,
Sweden,2022-09-27,709.0,-0.3,
Sweden,2022-09-28,709.0,-0.3,
Sweden,2022-09-29,709.0,-0.3,
Sweden,2022-09-30,709.0,-0.3,
Sweden,2022-10-01,709.0,-0.3,
Sweden,2022-10-02,1939.9,-0.058,
Sweden,2022-10-03,1939.9,-0.058,
Sweden,2022-10-04,1939.9,-0.058,
Sweden,2022-10-05,1939.9,-0.058,
Sweden,2022-10-06,1939.9,-0.058,
Sweden,2022-10-07,1939.9,-0.058,
Sweden,2022-10-08,1939.9,-0.058,
Sweden,2022-10-09,566.4,-0.328,
Sweden,2022-10-10,566.4,-0.328,
Sweden,2022-10-11,566.4,-0.328,
Sweden,2022-10-12,566.4,-0.328,
Sweden,2022-10-13,566.4,-0.328,
Sweden,2022-10-14,566.4,-0.328,
Sweden,2022-10-15,566.4,-0.328,
Sweden,2022-10-16,489.6,-0.343,
Sweden,2022-10-17,489.6,-0.343,
Sweden,2022-10-18,489.6,-0.343,
Sweden,2022-10-19,489.6,-0.343,
Sweden,2022-10-20,489.6,-0.343,
Sweden,2022-10-21,489.6,-0.343,
Sweden,2022-10-22,489.6,-0.343,
Sweden,2022-10-23,471.0,-0.347,
Sweden,2022-10-24,471.0,-0.347,
Sweden,2022-10-25,471.0,-0.347,
Sweden,2022-10-26,471.0,-0.347,
Sweden,2022-10-27,471.0,-0.347,
Sweden,2022-10-28,471.0,-0.347,
Sweden,2022-10-29,471.0,-0.347,
Sweden,2022-10-30,497.4,-0.342,
Sweden,2022-10-31,497.4,-0.342,
Sweden,2022-11-01,497.4,-0.342,
Sweden,2022-11-02,497.4,-0.342,
Sweden,2022-11-03,497.4,-0.342,
Sweden,2022-11-04,497.4,-0.342,
Sweden,2022-11-05,497.4,-0.342,
Sweden,2022-11-06,487.4,-0.344,
Sweden,2022-11-07,487.4,-0.344,
Sweden,2022-11-08,487.4,-0.344,
Sweden,2022-11-09,487.4,-0.344,
Sweden,2022-11-10,487.4,-0.344,
Sweden,2022-11-11,487.4,-0.344,
Sweden,2022-11-12,487.4,-0.344,
Sweden,2022-11-13,537.0,-0.334,
Sweden,2022-11-14,537.0,-0.334,
Sweden,2022-11-15,537.0,-0.334,
Sweden,2022-11-16,537.0,-0.334,
Sweden,2022-11-17,537.0,-0.334,
Sweden,2022-11-18,537.0,-0.334,
Sweden,2022-11-19,537.0,-0.334,
Sweden,2022-11-20,518.9,-0.338,
Sweden,2022-11-21,518.9,-0.338,
Sweden,2022-11-22,518.9,-0.338,
Sweden,2022-11-23,518.9,-0.338,
Sweden,2022-11-24,518.9,-0.338,
Sweden,2022-11-25,518.9,-0.338,
Sweden,2022-11-26,518.9,-0.338,
Sweden,2022-11-27,604.4,-0.321,
Sweden,2022-11-28,604.4,-0.321,
Sweden,2022-11-29,604.4,-0.321,
Sweden,2022-11-30,604.4,-0.321,
Sweden,2022-12-01,604.4,-0.321,
Sweden,2022-12-02,604.4,-0.321,
Sweden,2022-12-03,604.4,-0.321,
Sweden,2022-12-04,937.4,-0.255,
Sweden,2022-12-05,937.4,-0.255,
Sweden,2022-12-06,937.4,-0.255,
Sweden,2022-12-07,937.4,-0.255,
Sweden,2022-12-08,937.4,-0.255,
Sweden,2022-12-09,937.4,-0.255,
Sweden,2022-12-10,937.4,-0.255,
Sweden,2022-12-11,1376.7,-0.169,
Sweden,2022-12-12,1376.7,-0.169,
Sweden,2022-12-13,1376.7,-0.169,
Sweden,2022-12-14,1376.7,-0.169,
Sweden,2022-12-15,1376.7,-0.169,
Sweden,2022-12-16,1376.7,-0.169,
Sweden,2022-12-17,1376.7,-0.169,
Sweden,2022-12-18,1802.3,-0.085,
Sweden,2022-12-19,1802.3,-0.085,
Sweden,2022-12-20,1802.3,-0.085,
Sweden,2022-12-21,1802.3,-0.085,
Sweden,2022-12-22,1802.3,-0.085,
Sweden,2022-12-23,1802.3,-0.085,
Sweden,2022-12-24,1802.3,-0.085,
Sweden,2022-12-25,1811.4,-0.083,
Sweden,2022-12-26,1811.4,-0.083,
Sweden,2022-12-27,1811.4,-0.083,
Sweden,2022-12-28,1811.4,-0.083,
Sweden,2022-12-29,1811.4,-0.083,
Sweden,2022-12-30,1811.4,-0.083,
Sweden,2022-12-31,1811.4,-0.083,
Sweden,2023-01-01,1313.9,-0.181,
Sweden,2023-01-02,1313.9,-0.181,
Sweden,2023-01-03,1313.9,-0.181,
Sweden,2023-01-04,1313.9,-0.181,
Sweden,2023-01-05,1313.9,-0.181,
Sweden,2023-01-06,1313.9,-0.181,
Sweden,2023-01-07,1313.9,-0.181,
Sweden,2023-01-08,850.4,-0.272,
Sweden,2023-01-09,850.4,-0.272,
Sweden,2023-01-10,850.4,-0.272,
Sweden,2023-01-11,850.4,-0.272,
Sweden,2023-01-12,850.4,-0.272,
Sweden,2023-01-13,850.4,-0.272,
Sweden,2023-01-14,850.4,-0.272,
Sweden,2023-01-15,545.0,-0.332,
Sweden,2023-01-16,545.0,-0.332,
Sweden,2023-01-17,545.0,-0.332,
Sweden,2023-01-18,545.0,-0.332,
Sweden,2023-01-19,545.0,-0.332,
Sweden,2023-01-20,545.0,-0.332,
Sweden,2023-01-21,545.0,-0.332,
Sweden,2023-01-22,286.0,-0.383,
Sweden,2023-01-23,286.0,-0.383,
Sweden,2023-01-24,286.0,-0.383,
Sweden,2023-01-25,286.0,-0.383,
Sweden,2023-01-26,286.0,-0.383,
Sweden,2023-01-27,286.0,-0.383,
Sweden,2023-01-28,286.0,-0.383,
Sweden,2023-01-29,201.6,-0.4,
Sweden,2023-01-30,201.6,-0.4,
Sweden,2023-01-31,201.6,-0.4,
Sweden,2023-02-01,201.6,-0.4,
Sweden,2023-02-02,201.6,-0.4,
Sweden,2023-02-03,201.6,-0.4,
Sweden,2023-02-04,201.6,-0.4,
Sweden,2023-02-05,191.3,-0.402,
Sweden,2023-02-06,191.3,-0.402,
Sweden,2023-02-07,191.3,-0.402,
Sweden,2023-02-08,191.3,-0.402,
Sweden,2023-02-09,191.3,-0.402,
Sweden,2023-02-10,191.3,-0.402,
Sweden,2023-02-11,191.3,-0.402,
Sweden,2023-02-12,152.3,-0.41,
Sweden,2023-02-13,152.3,-0.41,
Sweden,2023-02-14,152.3,-0.41,
Sweden,2023-02-15,152.3,-0.41,
Sweden,2023-02-16,152.3,-0.41,
Sweden,2023-02-17,152.3,-0.41,
Sweden,2023-02-18,152.3,-0.41,
Sweden,2023-02-19,117.6,-0.417,
Sweden,2023-02-20,117.6,-0.417,
Sweden,2023-02-21,117.6,-0.417,
Sweden,2023-02-22,117.6,-0.417,
Sweden,2023-02-23,117.6,-0.417,
Sweden,2023-02-24,117.6,-0.417,
Sweden,2023-02-25,117.6,-0.417,
Sweden,2023-02-26,91.7,-0.422,
Sweden,2023-02-27,91.7,-0.422,
Sweden,2023-02-28,91.7,-0.422,
Sweden,2023-03-01,91.7,-0.422,
Sweden,2023-03-02,91.7,-0.422,
Sweden,2023-03-03,91.7,-0.422,
Sweden,2023-03-04,91.7,-0.422,
Sweden,2023-03-05,101.4,-0.42,
Sweden,2023-03-06,101.4,-0.42,
Sweden,2023-03-07,101.4,-0.42,
Sweden,2023-03-08,101.4,-0.42,
Sweden,2023-03-09,101.4,-0.42,
Sweden,2023-03-10,101.4,-0.42,
Sweden,2023-03-11,101.4,-0.42,
Sweden,2023-03-12,122.6,-0.416,
Sweden,2023-03-13,122.6,-0.416,
Sweden,2023-03-14,122.6,-0.416,
Sweden,2023-03-15,122.6,-0.416,
Sweden,2023-03-16,122.6,-0.416,
Sweden,2023-03-17,122.6,-0.416,
Sweden,2023-03-18,122.6,-0.416,
Sweden,2023-03-19,125.4,-0.415,
Sweden,2023-03-20,125.4,-0.415,
Sweden,2023-03-21,125.4,-0.415,
Sweden,2023-03-22,125.4,-0.415,
Sweden,2023-03-23,125.4,-0.415,
Sweden,2023-03-24,125.4,-0.415,
Sweden,2023-03-25,125.4,-0.415,
Sweden,2023-03-26,9.1,-0.438,
Sweden,2023-03-27,9.1,-0.438,
Sweden,2023-03-28,9.1,-0.438,
Sweden,2023-03-29,9.1,-0.438,
Sweden,2023-03-30,9.1,-0.438,
Sweden,2023-03-31,9.1,-0.438,
Sweden,2023-04-01,9.1,-0.438,
Sweden,2023-04-02,149.7,-0.41,
Sweden,2023-04-03,149.7,-0.41,
Sweden,2023-04-04,149.7,-0.41,
Sweden,2023-04-05,149.7,-0.41,
Sweden,2023-04-06,149.7,-0.41,
Sweden,2023-04-07,149.7,-0.41,
Sweden,2023-04-08,149.7,-0.41,
Sweden,2023-04-09,145.1,-0.411,
Sweden,2023-04-10,145.1,-0.411,
Sweden,2023-04-11,145.1,-0.411,
Sweden,2023-04-12,145.1,-0.411,
Sweden,2023-04-13,145.1,-0.411,
Sweden,2023-04-14,145.1,-0.411,
Sweden,2023-04-15,145.1,-0.411,
Sweden,2023-04-16,149.7,-0.41,
Sweden,2023-04-17,149.7,-0.41,
Sweden,2023-04-18,149.7,-0.41,
Sweden,2023-04-19,149.7,-0.41,
Sweden,2023-04-20,149.7,-0.41,
Sweden,2023-04-21,149.7,-0.41,
Sweden,2023-04-22,149.7,-0.41,
Sweden,2023-04-23,171.0,-0.406,
Sweden,2023-04-24,171.0,-0.406,
Sweden,2023-04-25,171.0,-0.406,
Sweden,2023-04-26,171.0,-0.406,
Sweden,2023-04-27,171.0,-0.406,
Sweden,2023-04-28,171.0,-0.406,
Sweden,2023-04-29,171.0,-0.406,
Sweden,2023-04-30,167.3,-0.407,
Sweden,2023-05-01,167.3,-0.407,
Sweden,2023-05-02,167.3,-0.407,
Sweden,2023-05-03,167.3,-0.407,
Sweden,2023-05-04,167.3,-0.407,
Sweden,2023-05-05,167.3,-0.407,
United Kingdom,2020-01-10,0.0,-0.681,
United Kingdom,2020-01-11,0.0,-0.681,
United Kingdom,2020-01-12,0.0,-0.681,
United Kingdom,2020-01-13,0.0,-0.681,
United Kingdom,2020-01-14,0.0,-0.681,
United Kingdom,2020-01-15,0.0,-0.681,
United Kingdom,2020-01-16,0.0,-0.681,
United Kingdom,2020-01-17,0.0,-0.681,
United Kingdom,2020-01-18,0.0,-0.681,
United Kingdom,2020-01-19,0.0,-0.681,
United Kingdom,2020-01-20,0.0,-0.681,
United Kingdom,2020-01-21,0.0,-0.681,
United Kingdom,2020-01-22,0.0,-0.681,
United Kingdom,2020-01-23,0.0,-0.681,
United Kingdom,2020-01-24,0.0,-0.681,
United Kingdom,2020-01-25,0.0,-0.681,
United Kingdom,2020-01-26,0.0,-0.681,
United Kingdom,2020-01-27,0.0,-0.681,
United Kingdom,2020-01-28,0.0,-0.681,
United Kingdom,2020-01-29,0.0,-0.681,
United Kingdom,2020-01-30,0.0,-0.681,
United Kingdom,2020-01-31,0.0,-0.681,
United Kingdom,2020-02-01,0.0,-0.681,
United Kingdom,2020-02-02,0.1,-0.681,
United Kingdom,2020-02-03,0.1,-0.681,
United Kingdom,2020-02-04,0.1,-0.681,
United Kingdom,2020-02-05,0.1,-0.681,
United Kingdom,2020-02-06,0.1,-0.681,
United Kingdom,2020-02-07,0.1,-0.681,
United Kingdom,2020-02-08,0.1,-0.681,
United Kingdom,2020-02-09,2.9,-0.681,
United Kingdom,2020-02-10,2.9,-0.681,
United Kingdom,2020-02-11,2.9,-0.681,
United Kingdom,2020-02-12,2.9,-0.681,
United Kingdom,2020-02-13,2.9,-0.681,
United Kingdom,2020-02-14,2.9,-0.681,
United Kingdom,2020-02-15,2.9,-0.681,
United Kingdom,2020-02-16,1.6,-0.681,
United Kingdom,2020-02-17,1.6,-0.681,
United Kingdom,2020-02-18,1.6,-0.681,
United Kingdom,2020-02-19,1.6,-0.681,
United Kingdom,2020-02-20,1.6,-0.681,
United Kingdom,2020-02-21,1.6,-0.681,
United Kingdom,2020-02-22,1.6,-0.681,
United Kingdom,2020-02-23,0.4,-0.681,
United Kingdom,2020-02-24,0.4,-0.681,
United Kingdom,2020-02-25,0.4,-0.681,
United Kingdom,2020-02-26,0.4,-0.681,
United Kingdom,2020-02-27,0.4,-0.681,
United Kingdom,2020-02-28,0.4,-0.681,
United Kingdom,2020-02-29,0.4,-0.681,
United Kingdom,2020-03-01,4.7,-0.681,
United Kingdom,2020-03-02,4.7,-0.681,
United Kingdom,2020-03-03,4.7,-0.681,
United Kingdom,2020-03-04,4.7,-0.681,
United Kingdom,2020-03-05,4.7,-0.681,
United Kingdom,2020-03-06,4.7,-0.681,
United Kingdom,2020-03-07,4.7,-0.681,
United Kingdom,2020-03-08,44.4,-0.68,
United Kingdom,2020-03-09,44.4,-0.68,
United Kingdom,2020-03-10,44.4,-0.68,
United Kingdom,2020-03-11,44.4,-0.68,
United Kingdom,2020-03-12,44.4,-0.68,
United Kingdom,2020-03-13,44.4,-0.68,
United Kingdom,2020-03-14,44.4,-0.68,
United Kingdom,2020-03-15,271.6,-0.672,
United Kingdom,2020-03-16,271.6,-0.672,
United Kingdom,2020-03-17,271.6,-0.672,
United Kingdom,2020-03-18,271.6,-0.672,
United Kingdom,2020-03-19,271.6,-0.672,
United Kingdom,2020-03-20,271.6,-0.672,
United Kingdom,2020-03-21,271.6,-0.672,
United Kingdom,2020-03-22,779.3,-0.655,
United Kingdom,2020-03-23,779.3,-0.655,
United Kingdom,2020-03-24,779.3,-0.655,
United Kingdom,2020-03-25,779.3,-0.655,
United Kingdom,2020-03-26,779.3,-0.655,
United Kingdom,2020-03-27,779.3,-0.655,
United Kingdom,2020-03-28,779.3,-0.655,
United Kingdom,2020-03-29,2292.3,-0.604,
United Kingdom,2020-03-30,2292.3,-0.604,
United Kingdom,2020-03-31,2292.3,-0.604,
United Kingdom,2020-04-01,2292.3,-0.604,
United Kingdom,2020-04-02,2292.3,-0.604,
United Kingdom,2020-04-03,2292.3,-0.604,
United Kingdom,2020-04-04,2292.3,-0.604,
United Kingdom,2020-04-05,4116.9,-0.543,
United Kingdom,2020-04-06,4116.9,-0.543,
United Kingdom,2020-04-07,4116.9,-0.543,
United Kingdom,2020-04-08,4116.9,-0.543,
United Kingdom,2020-04-09,4116.9,-0.543,
United Kingdom,2020-04-10,4116.9,-0.543,
United Kingdom,2020-04-11,4116.9,-0.543,
United Kingdom,2020-04-12,4661.4,-0.525,
United Kingdom,2020-04-13,4661.4,-0.525,
United Kingdom,2020-04-14,4661.4,-0.525,
United Kingdom,2020-04-15,4661.4,-0.525,
United Kingdom,2020-04-16,4661.4,-0.525,
United Kingdom,2020-04-17,4661.4,-0.525,
United Kingdom,2020-04-18,4661.4,-0.525,
United Kingdom,2020-04-19,4424.1,-0.533,
United Kingdom,2020-04-20,4424.1,-0.533,
United Kingdom,2020-04-21,4424.1,-0.533,
United Kingdom,2020-04-22,4424.1,-0.533,
United Kingdom,2020-04-23,4424.1,-0.533,
United Kingdom,2020-04-24,4424.1,-0.533,
United Kingdom,2020-04-25,4424.1,-0.533,
United Kingdom,2020-04-26,4786.6,-0.521,
United Kingdom,2020-04-27,4786.6,-0.521,
United Kingdom,2020-04-28,4786.6,-0.521,
United Kingdom,2020-04-29,4786.6,-0.521,
United Kingdom,2020-04-30,4786.6,-0.521,
United Kingdom,2020-05-01,4786.6,-0.521,
United Kingdom,2020-05-02,4786.6,-0.521,
United Kingdom,2020-05-03,4550.1,-0.528,
United Kingdom,2020-05-04,4550.1,-0.528,
United Kingdom,2020-05-05,4550.1,-0.528,
United Kingdom,2020-05-06,4550.1,-0.528,
United Kingdom,2020-05-07,4550.1,-0.528,
United Kingdom,2020-05-08,4550.1,-0.528,
United Kingdom,2020-05-09,4550.1,-0.528,
United Kingdom,2020-05-10,3432.4,-0.566,
United Kingdom,2020-05-11,3432.4,-0.566,
United Kingdom,2020-05-12,3432.4,-0.566,
United Kingdom,2020-05-13,3432.4,-0.566,
United Kingdom,2020-05-14,3432.4,-0.566,
United Kingdom,2020-05-15,3432.4,-0.566,
United Kingdom,2020-05-16,3432.4,-0.566,
United Kingdom,2020-05-17,2859.9,-0.585,
United Kingdom,2020-05-18,2859.9,-0.585,
United Kingdom,2020-05-19,2859.9,-0.585,
United Kingdom,2020-05-20,2859.9,-0.585,
United Kingdom,2020-05-21,2859.9,-0.585,
United Kingdom,2020-05-22,2859.9,-0.585,
United Kingdom,2020-05-23,2859.9,-0.585,
United Kingdom,2020-05-24,2415.1,-0.6,
United Kingdom,2020-05-25,2415.1,-0.6,
United Kingdom,2020-05-26,2415.1,-0.6,
United Kingdom,2020-05-27,2415.1,-0.6,
United Kingdom,2020-05-28,2415.1,-0.6,
United Kingdom,2020-05-29,2415.1,-0.6,
United Kingdom,2020-05-30,2415.1,-0.6,
United Kingdom,2020-05-31,1673.3,-0.625,
United Kingdom,2020-06-01,1673.3,-0.625,
United Kingdom,2020-06-02,1673.3,-0.625,
United Kingdom,2020-06-03,1673.3,-0.625,
United Kingdom,2020-06-04,1673.3,-0.625,
United Kingdom,2020-06-05,1673.3,-0.625,
United Kingdom,2020-06-06,1673.3,-0.625,
United Kingdom,2020-06-07,1269.1,-0.639,
United Kingdom,2020-06-08,1269.1,-0.639,
United Kingdom,2020-06-09,1269.1,-0.639,
United Kingdom,2020-06-10,1269.1,-0.639,
United Kingdom,2020-06-11,1269.1,-0.639,
United Kingdom,2020-06-12,1269.1,-0.639,
United Kingdom,2020-06-13,1269.1,-0.639,
United Kingdom,2020-06-14,1007.4,-0.647,
United Kingdom,2020-06-15,1007.4,-0.647,
United Kingdom,2020-06-16,1007.4,-0.647,
United Kingdom,2020-06-17,1007.4,-0.647,
United Kingdom,2020-06-18,1007.4,-0.647,
United Kingdom,2020-06-19,1007.4,-0.647,
United Kingdom,2020-06-20,1007.4,-0.647,
United Kingdom,2020-06-21,984.6,-0.648,
United Kingdom,2020-06-22,984.6,-0.648,
United Kingdom,2020-06-23,984.6,-0.648,
United Kingdom,2020-06-24,984.6,-0.648,
United Kingdom,2020-06-25,984.6,-0.648,
United Kingdom,2020-06-26,984.6,-0.648,
United Kingdom,2020-06-27,984.6,-0.648,
United Kingdom,2020-06-28,752.9,-0.656,
United Kingdom,2020-06-29,752.9,-0.656,
United Kingdom,2020-06-30,752.9,-0.656,
United Kingdom,2020-07-01,752.9,-0.656,
United Kingdom,2020-07-02,752.9,-0.656,
United Kingdom,2020-07-03,752.9,-0.656,
United Kingdom,2020-07-04,752.9,-0.656,
United Kingdom,2020-07-05,610.7,-0.661,
United Kingdom,2020-07-06,610.7,-0.661,
United Kingdom,2020-07-07,610.7,-0.661,
United Kingdom,2020-07-08,610.7,-0.661,
United Kingdom,2020-07-09,610.7,-0.661,
United Kingdom,2020-07-10,610.7,-0.661,
United Kingdom,2020-07-11,610.7,-0.661,
United Kingdom,2020-07-12,611.9,-0.661,
United Kingdom,2020-07-13,611.9,-0.661,
United Kingdom,2020-07-14,611.9,-0.661,
United Kingdom,2020-07-15,611.9,-0.661,
United Kingdom,2020-07-16,611.9,-0.661,
United Kingdom,2020-07-17,611.9,-0.661,
United Kingdom,2020-07-18,611.9,-0.661,
United Kingdom,2020-07-19,620.0,-0.66,
United Kingdom,2020-07-20,620.0,-0.66,
United Kingdom,2020-07-21,620.0,-0.66,
United Kingdom,2020-07-22,620.0,-0.66,
United Kingdom,2020-07-23,620.0,-0.66,
United Kingdom,2020-07-24,620.0,-0.66,
United Kingdom,2020-07-25,620.0,-0.66,
United Kingdom,2020-07-26,709.9,-0.657,
United Kingdom,2020-07-27,709.9,-0.657,
United Kingdom,2020-07-28,709.9,-0.657,
United Kingdom,2020-07-29,709.9,-0.657,
United Kingdom,2020-07-30,709.9,-0.657,
United Kingdom,2020-07-31,709.9,-0.657,
United Kingdom,2020-08-01,709.9,-0.657,
United Kingdom,2020-08-02,789.1,-0.655,
United Kingdom,2020-08-03,789.1,-0.655,
United Kingdom,2020-08-04,789.1,-0.655,
United Kingdom,2020-08-05,789.1,-0.655,
United Kingdom,2020-08-06,789.1,-0.655,
United Kingdom,2020-08-07,789.1,-0.655,
United Kingdom,2020-08-08,789.1,-0.655,
United Kingdom,2020-08-09,916.9,-0.65,
United Kingdom,2020-08-10,916.9,-0.65,
United Kingdom,2020-08-11,916.9,-0.65,
United Kingdom,2020-08-12,916.9,-0.65,
United Kingdom,2020-08-13,916.9,-0.65,
United Kingdom,2020-08-14,916.9,-0.65,
United Kingdom,2020-08-15,916.9,-0.65,
United Kingdom,2020-08-16,1113.9,-0.644,
United Kingdom,2020-08-17,1113.9,-0.644,
United Kingdom,2020-08-18,1113.9,-0.644,
United Kingdom,2020-08-19,1113.9,-0.644,
United Kingdom,2020-08-20,1113.9,-0.644,
United Kingdom,2020-08-21,1113.9,-0.644,
United Kingdom,2020-08-22,1113.9,-0.644,
United Kingdom,2020-08-23,1104.0,-0.644,
United Kingdom,2020-08-24,1104.0,-0.644,
United Kingdom,2020-08-25,1104.0,-0.644,
United Kingdom,2020-08-26,1104.0,-0.644,
United Kingdom,2020-08-27,1104.0,-0.644,
United Kingdom,2020-08-28,1104.0,-0.644,
United Kingdom,2020-08-29,1104.0,-0.644,
United Kingdom,2020-08-30,1264.9,-0.639,
United Kingdom,2020-08-31,1264.9,-0.639,
United Kingdom,2020-09-01,1264.9,-0.639,
United Kingdom,2020-09-02,1264.9,-0.639,
United Kingdom,2020-09-03,1264.9,-0.639,
United Kingdom,2020-09-04,1264.9,-0.639,
United Kingdom,2020-09-05,1264.9,-0.639,
United Kingdom,2020-09-06,2217.6,-0.607,
United Kingdom,2020-09-07,2217.6,-0.607,
United Kingdom,2020-09-08,2217.6,-0.607,
United Kingdom,2020-09-09,2217.6,-0.607,
United Kingdom,2020-09-10,2217.6,-0.607,
United Kingdom,2020-09-11,2217.6,-0.607,
United Kingdom,2020-09-12,2217.6,-0.607,
United Kingdom,2020-09-13,3233.4,-0.573,
United Kingdom,2020-09-14,3233.4,-0.573,
United Kingdom,2020-09-15,3233.4,-0.573,
United Kingdom,2020-09-16,3233.4,-0.573,
United Kingdom,2020-09-17,3233.4,-0.573,
United Kingdom,2020-09-18,3233.4,-0.573,
United Kingdom,2020-09-19,3233.4,-0.573,
United Kingdom,2020-09-20,3692.9,-0.557,
United Kingdom,2020-09-21,3692.9,-0.557,
United Kingdom,2020-09-22,3692.9,-0.557,
United Kingdom,2020-09-23,3692.9,-0.557,
United Kingdom,2020-09-24,3692.9,-0.557,
United Kingdom,2020-09-25,3692.9,-0.557,
United Kingdom,2020-09-26,3692.9,-0.557,
United Kingdom,2020-09-27,6341.9,-0.468,
United Kingdom,2020-09-28,6341.9,-0.468,
United Kingdom,2020-09-29,6341.9,-0.468,
United Kingdom,2020-09-30,6341.9,-0.468,
United Kingdom,2020-10-01,6341.9,-0.468,
United Kingdom,2020-10-02,6341.9,-0.468,
United Kingdom,2020-10-03,6341.9,-0.468,
United Kingdom,2020-10-04,10587.1,-0.326,
United Kingdom,2020-10-05,10587.1,-0.326,
United Kingdom,2020-10-06,10587.1,-0.326,
United Kingdom,2020-10-07,10587.1,-0.326,
United Kingdom,2020-10-08,10587.1,-0.326,
United Kingdom,2020-10-09,10587.1,-0.326,
United Kingdom,2020-10-10,10587.1,-0.326,
United Kingdom,2020-10-11,15787.7,-0.151,
United Kingdom,2020-10-12,15787.7,-0.151,
United Kingdom,2020-10-13,15787.7,-0.151,
United Kingdom,2020-10-14,15787.7,-0.151,
United Kingdom,2020-10-15,15787.7,-0.151,
United Kingdom,2020-10-16,15787.7,-0.151,
United Kingdom,2020-10-17,15787.7,-0.151,
United Kingdom,2020-10-18,17154.0,-0.105,
United Kingdom,2020-10-19,17154.0,-0.105,
United Kingdom,2020-10-20,17154.0,-0.105,
United Kingdom,2020-10-21,17154.0,-0.105,
United Kingdom,2020-10-22,17154.0,-0.105,
United Kingdom,2020-10-23,17154.0,-0.105,
United Kingdom,2020-10-24,17154.0,-0.105,
United Kingdom,2020-10-25,21651.6,0.046,
United Kingdom,2020-10-26,21651.6,0.046,
United Kingdom,2020-10-27,21651.6,0.046,
United Kingdom,2020-10-28,21651.6,0.046,
United Kingdom,2020-10-29,21651.6,0.046,
United Kingdom,2020-10-30,21651.6,0.046,
United Kingdom,2020-10-31,21651.6,0.046,
United Kingdom,2020-11-01,21984.6,0.057,
United Kingdom,2020-11-02,21984.6,0.057,
United Kingdom,2020-11-03,21984.6,0.057,
United Kingdom,2020-11-04,21984.6,0.057,
United Kingdom,2020-11-05,21984.6,0.057,
United Kingdom,2020-11-06,21984.6,0.057,
United Kingdom,2020-11-07,21984.6,0.057,
United Kingdom,2020-11-08,23180.0,0.097,
United Kingdom,2020-11-09,23180.0,0.097,
United Kingdom,2020-11-10,23180.0,0.097,
United Kingdom,2020-11-11,23180.0,0.097,
United Kingdom,2020-11-12,23180.0,0.097,
United Kingdom,2020-11-13,23180.0,0.097,
United Kingdom,2020-11-14,23180.0,0.097,
United Kingdom,2020-11-15,25040.0,0.16,
United Kingdom,2020-11-16,25040.0,0.16,
United Kingdom,2020-11-17,25040.0,0.16,
United Kingdom,2020-11-18,25040.0,0.16,
United Kingdom,2020-11-19,25040.0,0.16,
United Kingdom,2020-11-20,25040.0,0.16,
United Kingdom,2020-11-21,25040.0,0.16,
United Kingdom,2020-11-22,20159.0,-0.004,
United Kingdom,2020-11-23,20159.0,-0.004,
United Kingdom,2020-11-24,20159.0,-0.004,
United Kingdom,2020-11-25,20159.0,-0.004,
United Kingdom,2020-11-26,20159.0,-0.004,
United Kingdom,2020-11-27,20159.0,-0.004,
United Kingdom,2020-11-28,20159.0,-0.004,
United Kingdom,2020-11-29,15180.0,-0.171,
United Kingdom,2020-11-30,15180.0,-0.171,
United Kingdom,2020-12-01,15180.0,-0.171,
United Kingdom,2020-12-02,15180.0,-0.171,
United Kingdom,2020-12-03,15180.0,-0.171,
United Kingdom,2020-12-04,15180.0,-0.171,
United Kingdom,2020-12-05,15180.0,-0.171,
United Kingdom,2020-12-06,15027.1,-0.177,
United Kingdom,2020-12-07,15027.1,-0.177,
United Kingdom,2020-12-08,15027.1,-0.177,
United Kingdom,2020-12-09,15027.1,-0.177,
United Kingdom,2020-12-10,15027.1,-0.177,
United Kingdom,2020-12-11,15027.1,-0.177,
United Kingdom,2020-12-12,15027.1,-0.177,
United Kingdom,2020-12-13,19784.0,-0.017,
United Kingdom,2020-12-14,19784.0,-0.017,
United Kingdom,2020-12-15,19784.0,-0.017,
United Kingdom,2020-12-16,19784.0,-0.017,
United Kingdom,2020-12-17,19784.0,-0.017,
United Kingdom,2020-12-18,19784.0,-0.017,
United Kingdom,2020-12-19,19784.0,-0.017,
United Kingdom,2020-12-20,31101.7,0.363,
United Kingdom,2020-12-21,31101.7,0.363,
United Kingdom,2020-12-22,31101.7,0.363,
United Kingdom,2020-12-23,31101.7,0.363,
United Kingdom,2020-12-24,31101.7,0.363,
United Kingdom,2020-12-25,31101.7,0.363,
United Kingdom,2020-12-26,31101.7,0.363,
United Kingdom,2020-12-27,34724.1,0.485,
United Kingdom,2020-12-28,34724.1,0.485,
United Kingdom,2020-12-29,34724.1,0.485,
United Kingdom,2020-12-30,34724.1,0.485,
United Kingdom,2020-12-31,34724.1,0.485,
United Kingdom,2021-01-01,34724.1,0.485,
United Kingdom,2021-01-02,34724.1,0.485,
United Kingdom,2021-01-03,53959.7,1.131,
United Kingdom,2021-01-04,53959.7,1.131,
United Kingdom,2021-01-05,53959.7,1.131,
United Kingdom,2021-01-06,53959.7,1.131,
United Kingdom,2021-01-07,53959.7,1.131,
United Kingdom,2021-01-08,53959.7,1.131,
United Kingdom,2021-01-09,53959.7,1.131,
United Kingdom,2021-01-10,60382.1,1.347,
United Kingdom,2021-01-11,60382.1,1.347,
United Kingdom,2021-01-12,60382.1,1.347,
United Kingdom,2021-01-13,60382.1,1.347,
United Kingdom,2021-01-14,60382.1,1.347,
United Kingdom,2021-01-15,60382.1,1.347,
United Kingdom,2021-01-16,60382.1,1.347,
United Kingdom,2021-01-17,45411.6,0.844,
United Kingdom,2021-01-18,45411.6,0.844,
United Kingdom,2021-01-19,45411.6,0.844,
United Kingdom,2021-01-20,45411.6,0.844,
United Kingdom,2021-01-21,45411.6,0.844,
United Kingdom,2021-01-22,45411.6,0.844,
United Kingdom,2021-01-23,45411.6,0.844,
United Kingdom,2021-01-24,35163.1,0.5,
United Kingdom,2021-01-25,35163.1,0.5,
United Kingdom,2021-01-26,35163.1,0.5,
United Kingdom,2021-01-27,35163.1,0.5,
United Kingdom,2021-01-28,35163.1,0.5,
United Kingdom,2021-01-29,35163.1,0.5,
United Kingdom,2021-01-30,35163.1,0.5,
United Kingdom,2021-01-31,24553.6,0.143,
United Kingdom,2021-02-01,24553.6,0.143,
United Kingdom,2021-02-02,24553.6,0.143,
United Kingdom,2021-02-03,24553.6,0.143,
United Kingdom,2021-02-04,24553.6,0.143,
United Kingdom,2021-02-05,24553.6,0.143,
United Kingdom,2021-02-06,24553.6,0.143,
United Kingdom,2021-02-07,18700.1,-0.053,
United Kingdom,2021-02-08,18700.1,-0.053,
United Kingdom,2021-02-09,18700.1,-0.053,
United Kingdom,2021-02-10,18700.1,-0.053,
United Kingdom,2021-02-11,18700.1,-0.053,
United Kingdom,2021-02-12,18700.1,-0.053,
United Kingdom,2021-02-13,18700.1,-0.053,
United Kingdom,2021-02-14,13430.6,-0.23,
United Kingdom,2021-02-15,13430.6,-0.23,
United Kingdom,2021-02-16,13430.6,-0.23,
United Kingdom,2021-02-17,13430.6,-0.23,
United Kingdom,2021-02-18,13430.6,-0.23,
United Kingdom,2021-02-19,13430.6,-0.23,
United Kingdom,2021-02-20,13430.6,-0.23,
United Kingdom,2021-02-21,11452.4,-0.297,
United Kingdom,2021-02-22,11452.4,-0.297,
United Kingdom,2021-02-23,11452.4,-0.297,
United Kingdom,2021-02-24,11452.4,-0.297,
United Kingdom,2021-02-25,11452.4,-0.297,
United Kingdom,2021-02-26,11452.4,-0.297,
United Kingdom,2021-02-27,11452.4,-0.297,
United Kingdom,2021-02-28,8783.4,-0.386,
United Kingdom,2021-03-01,8783.4,-0.386,
United Kingdom,2021-03-02,8783.4,-0.386,
United Kingdom,2021-03-03,8783.4,-0.386,
United Kingdom,2021-03-04,8783.4,-0.386,
United Kingdom,2021-03-05,8783.4,-0.386,
United Kingdom,2021-03-06,8783.4,-0.386,
United Kingdom,2021-03-07,5929.7,-0.482,
United Kingdom,2021-03-08,5929.7,-0.482,
United Kingdom,2021-03-09,5929.7,-0.482,
United Kingdom,2021-03-10,5929.7,-0.482,
United Kingdom,2021-03-11,5929.7,-0.482,
United Kingdom,2021-03-12,5929.7,-0.482,
United Kingdom,2021-03-13,5929.7,-0.482,
United Kingdom,2021-03-14,5759.4,-0.488,
United Kingdom,2021-03-15,5759.4,-0.488,
United Kingdom,2021-03-16,5759.4,-0.488,
United Kingdom,2021-03-17,5759.4,-0.488,
United Kingdom,2021-03-18,5759.4,-0.488,
United Kingdom,2021-03-19,5759.4,-0.488,
United Kingdom,2021-03-20,5759.4,-0.488,
United Kingdom,2021-03-21,5451.7,-0.498,
United Kingdom,2021-03-22,5451.7,-0.498,
United Kingdom,2021-03-23,5451.7,-0.498,
United Kingdom,2021-03-24,5451.7,-0.498,
United Kingdom,2021-03-25,5451.7,-0.498,
United Kingdom,2021-03-26,5451.7,-0.498,
United Kingdom,2021-03-27,5451.7,-0.498,
United Kingdom,2021-03-28,5426.7,-0.499,
United Kingdom,2021-03-29,5426.7,-0.499,
United Kingdom,2021-03-30,5426.7,-0.499,
United Kingdom,2021-03-31,5426.7,-0.499,
United Kingdom,2021-04-01,5426.7,-0.499,
United Kingdom,2021-04-02,5426.7,-0.499,
United Kingdom,2021-04-03,5426.7,-0.499,
United Kingdom,2021-04-04,3874.7,-0.551,
United Kingdom,2021-04-05,3874.7,-0.551,
United Kingdom,2021-04-06,3874.7,-0.551,
United Kingdom,2021-04-07,3874.7,-0.551,
United Kingdom,2021-04-08,3874.7,-0.551,
United Kingdom,2021-04-09,3874.7,-0.551,
United Kingdom,2021-04-10,3874.7,-0.551,
United Kingdom,2021-04-11,2904.3,-0.584,
United Kingdom,2021-04-12,2904.3,-0.584,
United Kingdom,2021-04-13,2904.3,-0.584,
United Kingdom,2021-04-14,2904.3,-0.584,
United Kingdom,2021-04-15,2904.3,-0.584,
United Kingdom,2021-04-16,2904.3,-0.584,
United Kingdom,2021-04-17,2904.3,-0.584,
United Kingdom,2021-04-18,2476.6,-0.598,
United Kingdom,2021-04-19,2476.6,-0.598,
United Kingdom,2021-04-20,2476.6,-0.598,
United Kingdom,2021-04-21,2476.6,-0.598,
United Kingdom,2021-04-22,2476.6,-0.598,
United Kingdom,2021-04-23,2476.6,-0.598,
United Kingdom,2021-04-24,2476.6,-0.598,
United Kingdom,2021-04-25,2388.9,-0.601,
United Kingdom,2021-04-26,2388.9,-0.601,
United Kingdom,2021-04-27,2388.9,-0.601,
United Kingdom,2021-04-28,2388.9,-0.601,
United Kingdom,2021-04-29,2388.9,-0.601,
United Kingdom,2021-04-30,2388.9,-0.601,
United Kingdom,2021-05-01,2388.9,-0.601,
United Kingdom,2021-05-02,2148.7,-0.609,
United Kingdom,2021-05-03,2148.7,-0.609,
United Kingdom,2021-05-04,2148.7,-0.609,
United Kingdom,2021-05-05,2148.7,-0.609,
United Kingdom,2021-05-06,2148.7,-0.609,
United Kingdom,2021-05-07,2148.7,-0.609,
United Kingdom,2021-05-08,2148.7,-0.609,
United Kingdom,2021-05-09,2066.9,-0.612,
United Kingdom,2021-05-10,2066.9,-0.612,
United Kingdom,2021-05-11,2066.9,-0.612,
United Kingdom,2021-05-12,2066.9,-0.612,
United Kingdom,2021-05-13,2066.9,-0.612,
United Kingdom,2021-05-14,2066.9,-0.612,
United Kingdom,2021-05-15,2066.9,-0.612,
United Kingdom,2021-05-16,2215.6,-0.607,
United Kingdom,2021-05-17,2215.6,-0.607,
United Kingdom,2021-05-18,2215.6,-0.607,
United Kingdom,2021-05-19,2215.6,-0.607,
United Kingdom,2021-05-20,2215.6,-0.607,
United Kingdom,2021-05-21,2215.6,-0.607,
United Kingdom,2021-05-22,2215.6,-0.607,
United Kingdom,2021-05-23,2416.9,-0.6,
United Kingdom,2021-05-24,2416.9,-0.6,
United Kingdom,2021-05-25,2416.9,-0.6,
United Kingdom,2021-05-26,2416.9,-0.6,
United Kingdom,2021-05-27,2416.9,-0.6,
United Kingdom,2021-05-28,2416.9,-0.6,
United Kingdom,2021-05-29,2416.9,-0.6,
United Kingdom,2021-05-30,3197.1,-0.574,
United Kingdom,2021-05-31,3197.1,-0.574,
United Kingdom,2021-06-01,3197.1,-0.574,
United Kingdom,2021-06-02,3197.1,-0.574,
United Kingdom,2021-06-03,3197.1,-0.574,
United Kingdom,2021-06-04,3197.1,-0.574,
United Kingdom,2021-06-05,3197.1,-0.574,
United Kingdom,2021-06-06,4825.6,-0.519,
United Kingdom,2021-06-07,4825.6,-0.519,
United Kingdom,2021-06-08,4825.6,-0.519,
United Kingdom,2021-06-09,4825.6,-0.519,
United Kingdom,2021-06-10,4825.6,-0.519,
United Kingdom,2021-06-11,4825.6,-0.519,
United Kingdom,2021-06-12,4825.6,-0.519,
United Kingdom,2021-06-13,7139.9,-0.441,
United Kingdom,2021-06-14,7139.9,-0.441,
United Kingdom,2021-06-15,7139.9,-0.441,
United Kingdom,2021-06-16,7139.9,-0.441,
United Kingdom,2021-06-17,7139.9,-0.441,
United Kingdom,2021-06-18,7139.9,-0.441,
United Kingdom,2021-06-19,7139.9,-0.441,
United Kingdom,2021-06-20,9579.9,-0.36,
United Kingdom,2021-06-21,9579.9,-0.36,
United Kingdom,2021-06-22,9579.9,-0.36,
United Kingdom,2021-06-23,9579.9,-0.36,
United Kingdom,2021-06-24,9579.9,-0.36,
United Kingdom,2021-06-25,9579.9,-0.36,
United Kingdom,2021-06-26,9579.9,-0.36,
United Kingdom,2021-06-27,15354.0,-0.166,
United Kingdom,2021-06-28,15354.0,-0.166,
United Kingdom,2021-06-29,15354.0,-0.166,
United Kingdom,2021-06-30,15354.0,-0.166,
United Kingdom,2021-07-01,15354.0,-0.166,
United Kingdom,2021-07-02,15354.0,-0.166,
United Kingdom,2021-07-03,15354.0,-0.166,
United Kingdom,2021-07-04,25068.0,0.161,
United Kingdom,2021-07-05,25068.0,0.161,
United Kingdom,2021-07-06,25068.0,0.161,
United Kingdom,2021-07-07,25068.0,0.161,
United Kingdom,2021-07-08,25068.0,0.161,
United Kingdom,2021-07-09,25068.0,0.161,
United Kingdom,2021-07-10,25068.0,0.161,
United Kingdom,2021-07-11,32225.7,0.401,
United Kingdom,2021-07-12,32225.7,0.401,
United Kingdom,2021-07-13,32225.7,0.401,
United Kingdom,2021-07-14,32225.7,0.401,
United Kingdom,2021-07-15,32225.7,0.401,
United Kingdom,2021-07-16,32225.7,0.401,
United Kingdom,2021-07-17,32225.7,0.401,
United Kingdom,2021-07-18,46182.0,0.87,
United Kingdom,2021-07-19,46182.0,0.87,
United Kingdom,2021-07-20,46182.0,0.87,
United Kingdom,2021-07-21,46182.0,0.87,
United Kingdom,2021-07-22,46182.0,0.87,
United Kingdom,2021-07-23,46182.0,0.87,
United Kingdom,2021-07-24,46182.0,0.87,
United Kingdom,2021-07-25,36728.7,0.552,
United Kingdom,2021-07-26,36728.7,0.552,
United Kingdom,2021-07-27,36728.7,0.552,
United Kingdom,2021-07-28,36728.7,0.552,
United Kingdom,2021-07-29,36728.7,0.552,
United Kingdom,2021-07-30,36728.7,0.552,
United Kingdom,2021-07-31,36728.7,0.552,
United Kingdom,2021-08-01,26860.0,0.221,
United Kingdom,2021-08-02,26860.0,0.221,
United Kingdom,2021-08-03,26860.0,0.221,
United Kingdom,2021-08-04,26860.0,0.221,
United Kingdom,2021-08-05,26860.0,0.221,
United Kingdom,2021-08-06,26860.0,0.221,
United Kingdom,2021-08-07,26860.0,0.221,
United Kingdom,2021-08-08,27700.1,0.249,
United Kingdom,2021-08-09,27700.1,0.249,
United Kingdom,2021-08-10,27700.1,0.249,
United Kingdom,2021-08-11,27700.1,0.249,
United Kingdom,2021-08-12,27700.1,0.249,
United Kingdom,2021-08-13,27700.1,0.249,
United Kingdom,2021-08-14,27700.1,0.249,
United Kingdom,2021-08-15,29022.4,0.293,
United Kingdom,2021-08-16,29022.4,0.293,
United Kingdom,2021-08-17,29022.4,0.293,
United Kingdom,2021-08-18,29022.4,0.293,
United Kingdom,2021-08-19,29022.4,0.293,
United Kingdom,2021-08-20,29022.4,0.293,
United Kingdom,2021-08-21,29022.4,0.293,
United Kingdom,2021-08-22,33240.3,0.435,
United Kingdom,2021-08-23,33240.3,0.435,
United Kingdom,2021-08-24,33240.3,0.435,
United Kingdom,2021-08-25,33240.3,0.435,
United Kingdom,2021-08-26,33240.3,0.435,
United Kingdom,2021-08-27,33240.3,0.435,
United Kingdom,2021-08-28,33240.3,0.435,
United Kingdom,2021-08-29,34973.0,0.493,
United Kingdom,2021-08-30,34973.0,0.493,
United Kingdom,2021-08-31,34973.0,0.493,
United Kingdom,2021-09-01,34973.0,0.493,
United Kingdom,2021-09-02,34973.0,0.493,
United Kingdom,2021-09-03,34973.0,0.493,
United Kingdom,2021-09-04,34973.0,0.493,
United Kingdom,2021-09-05,36888.0,0.558,
United Kingdom,2021-09-06,36888.0,0.558,
United Kingdom,2021-09-07,36888.0,0.558,
United Kingdom,2021-09-08,36888.0,0.558,
United Kingdom,2021-09-09,36888.0,0.558,
United Kingdom,2021-09-10,36888.0,0.558,
United Kingdom,2021-09-11,36888.0,0.558,
United Kingdom,2021-09-12,35167.3,0.5,
United Kingdom,2021-09-13,35167.3,0.5,
United Kingdom,2021-09-14,35167.3,0.5,
United Kingdom,2021-09-15,35167.3,0.5,
United Kingdom,2021-09-16,35167.3,0.5,
United Kingdom,2021-09-17,35167.3,0.5,
United Kingdom,2021-09-18,35167.3,0.5,
United Kingdom,2021-09-19,29041.3,0.294,
United Kingdom,2021-09-20,29041.3,0.294,
United Kingdom,2021-09-21,29041.3,0.294,
United Kingdom,2021-09-22,29041.3,0.294,
United Kingdom,2021-09-23,29041.3,0.294,
United Kingdom,2021-09-24,29041.3,0.294,
United Kingdom,2021-09-25,29041.3,0.294,
United Kingdom,2021-09-26,34580.0,0.48,
United Kingdom,2021-09-27,34580.0,0.48,
United Kingdom,2021-09-28,34580.0,0.48,
United Kingdom,2021-09-29,34580.0,0.48,
United Kingdom,2021-09-30,34580.0,0.48,
United Kingdom,2021-10-01,34580.0,0.48,
United Kingdom,2021-10-02,34580.0,0.48,
United Kingdom,2021-10-03,33612.3,0.448,
United Kingdom,2021-10-04,33612.3,0.448,
United Kingdom,2021-10-05,33612.3,0.448,
United Kingdom,2021-10-06,33612.3,0.448,
United Kingdom,2021-10-07,33612.3,0.448,
United Kingdom,2021-10-08,33612.3,0.448,
United Kingdom,2021-10-09,33612.3,0.448,
United Kingdom,2021-10-10,36389.7,0.541,
United Kingdom,2021-10-11,36389.7,0.541,
United Kingdom,2021-10-12,36389.7,0.541,
United Kingdom,2021-10-13,36389.7,0.541,
United Kingdom,2021-10-14,36389.7,0.541,
United Kingdom,2021-10-15,36389.7,0.541,
United Kingdom,2021-10-16,36389.7,0.541,
United Kingdom,2021-10-17,43586.1,0.783,
United Kingdom,2021-10-18,43586.1,0.783,
United Kingdom,2021-10-19,43586.1,0.783,
United Kingdom,2021-10-20,43586.1,0.783,
United Kingdom,2021-10-21,43586.1,0.783,
United Kingdom,2021-10-22,43586.1,0.783,
United Kingdom,2021-10-23,43586.1,0.783,
United Kingdom,2021-10-24,47060.1,0.899,
United Kingdom,2021-10-25,47060.1,0.899,
United Kingdom,2021-10-26,47060.1,0.899,
United Kingdom,2021-10-27,47060.1,0.899,
United Kingdom,2021-10-28,47060.1,0.899,
United Kingdom,2021-10-29,47060.1,0.899,
United Kingdom,2021-10-30,47060.1,0.899,
United Kingdom,2021-10-31,40734.7,0.687,
United Kingdom,2021-11-01,40734.7,0.687,
United Kingdom,2021-11-02,40734.7,0.687,
United Kingdom,2021-11-03,40734.7,0.687,
United Kingdom,2021-11-04,40734.7,0.687,
United Kingdom,2021-11-05,40734.7,0.687,
United Kingdom,2021-11-06,40734.7,0.687,
United Kingdom,2021-11-07,35925.3,0.525,
United Kingdom,2021-11-08,35925.3,0.525,
United Kingdom,2021-11-09,35925.3,0.525,
United Kingdom,2021-11-10,35925.3,0.525,
United Kingdom,2021-11-11,35925.3,0.525,
United Kingdom,2021-11-12,35925.3,0.525,
United Kingdom,2021-11-13,35925.3,0.525,
United Kingdom,2021-11-14,38014.0,0.595,
United Kingdom,2021-11-15,38014.0,0.595,
United Kingdom,2021-11-16,38014.0,0.595,
United Kingdom,2021-11-17,38014.0,0.595,
United Kingdom,2021-11-18,38014.0,0.595,
United Kingdom,2021-11-19,38014.0,0.595,
United Kingdom,2021-11-20,38014.0,0.595,
United Kingdom,2021-11-21,42194.0,0.736,
United Kingdom,2021-11-22,42194.0,0.736,
United Kingdom,2021-11-23,42194.0,0.736,
United Kingdom,2021-11-24,42194.0,0.736,
United Kingdom,2021-11-25,42194.0,0.736,
United Kingdom,2021-11-26,42194.0,0.736,
United Kingdom,2021-11-27,42194.0,0.736,
United Kingdom,2021-11-28,43006.0,0.763,
United Kingdom,2021-11-29,43006.0,0.763,
United Kingdom,2021-11-30,43006.0,0.763,
United Kingdom,2021-12-01,43006.0,0.763,
United Kingdom,2021-12-02,43006.0,0.763,
United Kingdom,2021-12-03,43006.0,0.763,
United Kingdom,2021-12-04,43006.0,0.763,
United Kingdom,2021-12-05,47971.3,0.93,
United Kingdom,2021-12-06,47971.3,0.93,
United Kingdom,2021-12-07,47971.3,0.93,
United Kingdom,2021-12-08,47971.3,0.93,
United Kingdom,2021-12-09,47971.3,0.93,
United Kingdom,2021-12-10,47971.3,0.93,
United Kingdom,2021-12-11,47971.3,0.93,
United Kingdom,2021-12-12,52014.4,1.066,
United Kingdom,2021-12-13,52014.4,1.066,
United Kingdom,2021-12-14,52014.4,1.066,
United Kingdom,2021-12-15,52014.4,1.066,
United Kingdom,2021-12-16,52014.4,1.066,
United Kingdom,2021-12-17,52014.4,1.066,
United Kingdom,2021-12-18,52014.4,1.066,
United Kingdom,2021-12-19,86623.4,2.228,Y
United Kingdom,2021-12-20,86623.4,2.228,Y
United Kingdom,2021-12-21,86623.4,2.228,Y
United Kingdom,2021-12-22,86623.4,2.228,Y
United Kingdom,2021-12-23,86623.4,2.228,Y
United Kingdom,2021-12-24,86623.4,2.228,Y
United Kingdom,2021-12-25,86623.4,2.228,Y
United Kingdom,2021-12-26,131676.6,3.741,Y
United Kingdom,2021-12-27,131676.6,3.741,Y
United Kingdom,2021-12-28,131676.6,3.741,Y
United Kingdom,2021-12-29,131676.6,3.741,Y
United Kingdom,2021-12-30,131676.6,3.741,Y
United Kingdom,2021-12-31,131676.6,3.741,Y
United Kingdom,2022-01-01,131676.6,3.741,Y
United Kingdom,2022-01-02,184581.6,5.518,Y
United Kingdom,2022-01-03,184581.6,5.518,Y
United Kingdom,2022-01-04,184581.6,5.518,Y
United Kingdom,2022-01-05,184581.6,5.518,Y
United Kingdom,2022-01-06,184581.6,5.518,Y
United Kingdom,2022-01-07,184581.6,5.518,Y
United Kingdom,2022-01-08,184581.6,5.518,Y
United Kingdom,2022-01-09,188618.9,5.653,Y
United Kingdom,2022-01-10,188618.9,5.653,Y
United Kingdom,2022-01-11,188618.9,5.653,Y
United Kingdom,2022-01-12,188618.9,5.653,Y
United Kingdom,2022-01-13,188618.9,5.653,Y
United Kingdom,2022-01-14,188618.9,5.653,Y
United Kingdom,2022-01-15,188618.9,5.653,Y
United Kingdom,2022-01-16,103366.4,2.79,Y
United Kingdom,2022-01-17,103366.4,2.79,Y
United Kingdom,2022-01-18,103366.4,2.79,Y
United Kingdom,2022-01-19,103366.4,2.79,Y
United Kingdom,2022-01-20,103366.4,2.79,Y
United Kingdom,2022-01-21,103366.4,2.79,Y
United Kingdom,2022-01-22,103366.4,2.79,Y
United Kingdom,2022-01-23,104318.9,2.822,Y
United Kingdom,2022-01-24,104318.9,2.822,Y
United Kingdom,2022-01-25,104318.9,2.822,Y
United Kingdom,2022-01-26,104318.9,2.822,Y
United Kingdom,2022-01-27,104318.9,2.822,Y
United Kingdom,2022-01-28,104318.9,2.822,Y
United Kingdom,2022-01-29,104318.9,2.822,Y
United Kingdom,2022-01-30,101937.0,2.742,Y
United Kingdom,2022-01-31,101937.0,2.742,Y
United Kingdom,2022-02-01,101937.0,2.742,Y
United Kingdom,2022-02-02,101937.0,2.742,Y
United Kingdom,2022-02-03,101937.0,2.742,Y
United Kingdom,2022-02-04,101937.0,2.742,Y
United Kingdom,2022-02-05,101937.0,2.742,Y
United Kingdom,2022-02-06,84077.1,2.142,Y
United Kingdom,2022-02-07,84077.1,2.142,Y
United Kingdom,2022-02-08,84077.1,2.142,Y
United Kingdom,2022-02-09,84077.1,2.142,Y
United Kingdom,2022-02-10,84077.1,2.142,Y
United Kingdom,2022-02-11,84077.1,2.142,Y
United Kingdom,2022-02-12,84077.1,2.142,Y
United Kingdom,2022-02-13,60027.4,1.335,
United Kingdom,2022-02-14,60027.4,1.335,
United Kingdom,2022-02-15,60027.4,1.335,
United Kingdom,2022-02-16,60027.4,1.335,
United Kingdom,2022-02-17,60027.4,1.335,
United Kingdom,2022-02-18,60027.4,1.335,
United Kingdom,2022-02-19,60027.4,1.335,
United Kingdom,2022-02-20,45151.4,0.835,
United Kingdom,2022-02-21,45151.4,0.835,
United Kingdom,2022-02-22,45151.4,0.835,
United Kingdom,2022-02-23,45151.4,0.835,
United Kingdom,2022-02-24,45151.4,0.835,
United Kingdom,2022-02-25,45151.4,0.835,
United Kingdom,2022-02-26,45151.4,0.835,
United Kingdom,2022-02-27,35947.3,0.526,
United Kingdom,2022-02-28,35947.3,0.526,
United Kingdom,2022-03-01,35947.3,0.526,
United Kingdom,2022-03-02,35947.3,0.526,
United Kingdom,2022-03-03,35947.3,0.526,
United Kingdom,2022-03-04,35947.3,0.526,
United Kingdom,2022-03-05,35947.3,0.526,
United Kingdom,2022-03-06,39605.9,0.649,
United Kingdom,2022-03-07,39605.9,0.649,
United Kingdom,2022-03-08,39605.9,0.649,
United Kingdom,2022-03-09,39605.9,0.649,
United Kingdom,2022-03-10,39605.9,0.649,
United Kingdom,2022-03-11,39605.9,0.649,
United Kingdom,2022-03-12,39605.9,0.649,
United Kingdom,2022-03-13,62498.3,1.418,
United Kingdom,2022-03-14,62498.3,1.418,
United Kingdom,2022-03-15,62498.3,1.418,
United Kingdom,2022-03-16,62498.3,1.418,
United Kingdom,2022-03-17,62498.3,1.418,
United Kingdom,2022-03-18,62498.3,1.418,
United Kingdom,2022-03-19,62498.3,1.418,
United Kingdom,2022-03-20,83035.4,2.107,Y
United Kingdom,2022-03-21,83035.4,2.107,Y
United Kingdom,2022-03-22,83035.4,2.107,Y
United Kingdom,2022-03-23,83035.4,2.107,Y
United Kingdom,2022-03-24,83035.4,2.107,Y
United Kingdom,2022-03-25,83035.4,2.107,Y
United Kingdom,2022-03-26,83035.4,2.107,Y
United Kingdom,2022-03-27,86624.6,2.228,Y
United Kingdom,2022-03-28,86624.6,2.228,Y
United Kingdom,2022-03-29,86624.6,2.228,Y
United Kingdom,2022-03-30,86624.6,2.228,Y
United Kingdom,2022-03-31,86624.6,2.228,Y
United Kingdom,2022-04-01,86624.6,2.228,Y
United Kingdom,2022-04-02,86624.6,2.228,Y
United Kingdom,2022-04-03,68381.6,1.615,
United Kingdom,2022-04-04,68381.6,1.615,
United Kingdom,2022-04-05,68381.6,1.615,
United Kingdom,2022-04-06,68381.6,1.615,
United Kingdom,2022-04-07,68381.6,1.615,
United Kingdom,2022-04-08,68381.6,1.615,
United Kingdom,2022-04-09,68381.6,1.615,
United Kingdom,2022-04-10,42720.9,0.753,
United Kingdom,2022-04-11,42720.9,0.753,
United Kingdom,2022-04-12,42720.9,0.753,
United Kingdom,2022-04-13,42720.9,0.753,
United Kingdom,2022-04-14,42720.9,0.753,
United Kingdom,2022-04-15,42720.9,0.753,
United Kingdom,2022-04-16,42720.9,0.753,
United Kingdom,2022-04-17,29988.6,0.326,
United Kingdom,2022-04-18,29988.6,0.326,
United Kingdom,2022-04-19,29988.6,0.326,
United Kingdom,2022-04-20,29988.6,0.326,
United Kingdom,2022-04-21,29988.6,0.326,
United Kingdom,2022-04-22,29988.6,0.326,
United Kingdom,2022-04-23,29988.6,0.326,
United Kingdom,2022-04-24,20955.4,0.023,
United Kingdom,2022-04-25,20955.4,0.023,
United Kingdom,2022-04-26,20955.4,0.023,
United Kingdom,2022-04-27,20955.4,0.023,
United Kingdom,2022-04-28,20955.4,0.023,
United Kingdom,2022-04-29,20955.4,0.023,
United Kingdom,2022-04-30,20955.4,0.023,
United Kingdom,2022-05-01,13467.0,-0.229,
United Kingdom,2022-05-02,13467.0,-0.229,
United Kingdom,2022-05-03,13467.0,-0.229,
United Kingdom,2022-05-04,13467.0,-0.229,
United Kingdom,2022-05-05,13467.0,-0.229,
United Kingdom,2022-05-06,13467.0,-0.229,
United Kingdom,2022-05-07,13467.0,-0.229,
United Kingdom,2022-05-08,10494.3,-0.329,
United Kingdom,2022-05-09,10494.3,-0.329,
United Kingdom,2022-05-10,10494.3,-0.329,
United Kingdom,2022-05-11,10494.3,-0.329,
United Kingdom,2022-05-12,10494.3,-0.329,
United Kingdom,2022-05-13,10494.3,-0.329,
United Kingdom,2022-05-14,10494.3,-0.329,
United Kingdom,2022-05-15,8619.7,-0.392,
United Kingdom,2022-05-16,8619.7,-0.392,
United Kingdom,2022-05-17,8619.7,-0.392,
United Kingdom,2022-05-18,8619.7,-0.392,
United Kingdom,2022-05-19,8619.7,-0.392,
United Kingdom,2022-05-20,8619.7,-0.392,
United Kingdom,2022-05-21,8619.7,-0.392,
United Kingdom,2022-05-22,7439.3,-0.431,
United Kingdom,2022-05-23,7439.3,-0.431,
United Kingdom,2022-05-24,7439.3,-0.431,
United Kingdom,2022-05-25,7439.3,-0.431,
United Kingdom,2022-05-26,7439.3,-0.431,
United Kingdom,2022-05-27,7439.3,-0.431,
United Kingdom,2022-05-28,7439.3,-0.431,
United Kingdom,2022-05-29,6066.1,-0.478,
United Kingdom,2022-05-30,6066.1,-0.478,
United Kingdom,2022-05-31,6066.1,-0.478,
United Kingdom,2022-06-01,6066.1,-0.478,
United Kingdom,2022-06-02,6066.1,-0.478,
United Kingdom,2022-06-03,6066.1,-0.478,
United Kingdom,2022-06-04,6066.1,-0.478,
United Kingdom,2022-06-05,6390.1,-0.467,
United Kingdom,2022-06-06,6390.1,-0.467,
United Kingdom,2022-06-07,6390.1,-0.467,
United Kingdom,2022-06-08,6390.1,-0.467,
United Kingdom,2022-06-09,6390.1,-0.467,
United Kingdom,2022-06-10,6390.1,-0.467,
United Kingdom,2022-06-11,6390.1,-0.467,
United Kingdom,2022-06-12,10621.7,-0.325,
United Kingdom,2022-06-13,10621.7,-0.325,
United Kingdom,2022-06-14,10621.7,-0.325,
United Kingdom,2022-06-15,10621.7,-0.325,
United Kingdom,2022-06-16,10621.7,-0.325,
United Kingdom,2022-06-17,10621.7,-0.325,
United Kingdom,2022-06-18,10621.7,-0.325,
United Kingdom,2022-06-19,13737.7,-0.22,
United Kingdom,2022-06-20,13737.7,-0.22,
United Kingdom,2022-06-21,13737.7,-0.22,
United Kingdom,2022-06-22,13737.7,-0.22,
United Kingdom,2022-06-23,13737.7,-0.22,
United Kingdom,2022-06-24,13737.7,-0.22,
United Kingdom,2022-06-25,13737.7,-0.22,
United Kingdom,2022-06-26,18610.1,-0.056,
United Kingdom,2022-06-27,18610.1,-0.056,
United Kingdom,2022-06-28,18610.1,-0.056,
United Kingdom,2022-06-29,18610.1,-0.056,
United Kingdom,2022-06-30,18610.1,-0.056,
United Kingdom,2022-07-01,18610.1,-0.056,
United Kingdom,2022-07-02,18610.1,-0.056,
United Kingdom,2022-07-03,22887.7,0.087,
United Kingdom,2022-07-04,22887.7,0.087,
United Kingdom,2022-07-05,22887.7,0.087,
United Kingdom,2022-07-06,22887.7,0.087,
United Kingdom,2022-07-07,22887.7,0.087,
United Kingdom,2022-07-08,22887.7,0.087,
United Kingdom,2022-07-09,22887.7,0.087,
United Kingdom,2022-07-10,27946.1,0.257,
United Kingdom,2022-07-11,27946.1,0.257,
United Kingdom,2022-07-12,27946.1,0.257,
United Kingdom,2022-07-13,27946.1,0.257,
United Kingdom,2022-07-14,27946.1,0.257,
United Kingdom,2022-07-15,27946.1,0.257,
United Kingdom,2022-07-16,27946.1,0.257,
United Kingdom,2022-07-17,23775.6,0.117,
United Kingdom,2022-07-18,23775.6,0.117,
United Kingdom,2022-07-19,23775.6,0.117,
United Kingdom,2022-07-20,23775.6,0.117,
United Kingdom,2022-07-21,23775.6,0.117,
United Kingdom,2022-07-22,23775.6,0.117,
United Kingdom,2022-07-23,23775.6,0.117,
United Kingdom,2022-07-24,15763.7,-0.152,
United Kingdom,2022-07-25,15763.7,-0.152,
United Kingdom,2022-07-26,15763.7,-0.152,
United Kingdom,2022-07-27,15763.7,-0.152,
United Kingdom,2022-07-28,15763.7,-0.152,
United Kingdom,2022-07-29,15763.7,-0.152,
United Kingdom,2022-07-30,15763.7,-0.152,
United Kingdom,2022-07-31,10659.1,-0.323,
United Kingdom,2022-08-01,10659.1,-0.323,
United Kingdom,2022-08-02,10659.1,-0.323,
United Kingdom,2022-08-03,10659.1,-0.323,
United Kingdom,2022-08-04,10659.1,-0.323,
United Kingdom,2022-08-05,10659.1,-0.323,
United Kingdom,2022-08-06,10659.1,-0.323,
United Kingdom,2022-08-07,8136.1,-0.408,
United Kingdom,2022-08-08,8136.1,-0.408,
United Kingdom,2022-08-09,8136.1,-0.408,
United Kingdom,2022-08-10,8136.1,-0.408,
United Kingdom,2022-08-11,8136.1,-0.408,
United Kingdom,2022-08-12,8136.1,-0.408,
United Kingdom,2022-08-13,8136.1,-0.408,
United Kingdom,2022-08-14,6517.7,-0.462,
United Kingdom,2022-08-15,6517.7,-0.462,
United Kingdom,2022-08-16,6517.7,-0.462,
United Kingdom,2022-08-17,6517.7,-0.462,
United Kingdom,2022-08-18,6517.7,-0.462,
United Kingdom,2022-08-19,6517.7,-0.462,
United Kingdom,2022-08-20,6517.7,-0.462,
United Kingdom,2022-08-21,5064.1,-0.511,
United Kingdom,2022-08-22,5064.1,-0.511,
United Kingdom,2022-08-23,5064.1,-0.511,
United Kingdom,2022-08-24,5064.1,-0.511,
United Kingdom,2022-08-25,5064.1,-0.511,
United Kingdom,2022-08-26,5064.1,-0.511,
United Kingdom,2022-08-27,5064.1,-0.511,
United Kingdom,2022-08-28,4198.6,-0.54,
United Kingdom,2022-08-29,4198.6,-0.54,
United Kingdom,2022-08-30,4198.6,-0.54,
United Kingdom,2022-08-31,4198.6,-0.54,
United Kingdom,2022-09-01,4198.6,-0.54,
United Kingdom,2022-09-02,4198.6,-0.54,
United Kingdom,2022-09-03,4198.6,-0.54,
United Kingdom,2022-09-04,4173.3,-0.541,
United Kingdom,2022-09-05,4173.3,-0.541,
United Kingdom,2022-09-06,4173.3,-0.541,
United Kingdom,2022-09-07,4173.3,-0.541,
United Kingdom,2022-09-08,4173.3,-0.541,
United Kingdom,2022-09-09,4173.3,-0.541,
United Kingdom,2022-09-10,4173.3,-0.541,
United Kingdom,2022-09-11,4134.7,-0.542,
United Kingdom,2022-09-12,4134.7,-0.542,
United Kingdom,2022-09-13,4134.7,-0.542,
United Kingdom,2022-09-14,4134.7,-0.542,
United Kingdom,2022-09-15,4134.7,-0.542,
United Kingdom,2022-09-16,4134.7,-0.542,
United Kingdom,2022-09-17,4134.7,-0.542,
United Kingdom,2022-09-18,4544.6,-0.529,
United Kingdom,2022-09-19,4544.6,-0.529,
United Kingdom,2022-09-20,4544.6,-0.529,
United Kingdom,2022-09-21,4544.6,-0.529,
United Kingdom,2022-09-22,4544.6,-0.529,
United Kingdom,2022-09-23,4544.6,-0.529,
United Kingdom,2022-09-24,4544.6,-0.529,
United Kingdom,2022-09-25,6101.0,-0.476,
United Kingdom,2022-09-26,6101.0,-0.476,
United Kingdom,2022-09-27,6101.0,-0.476,
United Kingdom,2022-09-28,6101.0,-0.476,
United Kingdom,2022-09-29,6101.0,-0.476,
United Kingdom,2022-09-30,6101.0,-0.476,
United Kingdom,2022-10-01,6101.0,-0.476,
United Kingdom,2022-10-02,7679.3,-0.423,
United Kingdom,2022-10-03,7679.3,-0.423,
United Kingdom,2022-10-04,7679.3,-0.423,
United Kingdom,2022-10-05,7679.3,-0.423,
United Kingdom,2022-10-06,7679.3,-0.423,
United Kingdom,2022-10-07,7679.3,-0.423,
United Kingdom,2022-10-08,7679.3,-0.423,
United Kingdom,2022-10-09,9642.3,-0.357,
United Kingdom,2022-10-10,9642.3,-0.357,
United Kingdom,2022-10-11,9642.3,-0.357,
United Kingdom,2022-10-12,9642.3,-0.357,
United Kingdom,2022-10-13,9642.3,-0.357,
United Kingdom,2022-10-14,9642.3,-0.357,
United Kingdom,2022-10-15,9642.3,-0.357,
United Kingdom,2022-10-16,8634.6,-0.391,
United Kingdom,2022-10-17,8634.6,-0.391,
United Kingdom,2022-10-18,8634.6,-0.391,
United Kingdom,2022-10-19,8634.6,-0.391,
United Kingdom,2022-10-20,8634.6,-0.391,
United Kingdom,2022-10-21,8634.6,-0.391,
United Kingdom,2022-10-22,8634.6,-0.391,
United Kingdom,2022-10-23,7561.4,-0.427,
United Kingdom,2022-10-24,7561.4,-0.427,
United Kingdom,2022-10-25,7561.4,-0.427,
United Kingdom,2022-10-26,7561.4,-0.427,
United Kingdom,2022-10-27,7561.4,-0.427,
United Kingdom,2022-10-28,7561.4,-0.427,
United Kingdom,2022-10-29,7561.4,-0.427,
United Kingdom,2022-10-30,5381.1,-0.501,
United Kingdom,2022-10-31,5381.1,-0.501,
United Kingdom,2022-11-01,5381.1,-0.501,
United Kingdom,2022-11-02,5381.1,-0.501,
United Kingdom,2022-11-03,5381.1,-0.501,
United Kingdom,2022-11-04,5381.1,-0.501,
United Kingdom,2022-11-05,5381.1,-0.501,
United Kingdom,2022-11-06,4047.3,-0.545,
United Kingdom,2022-11-07,4047.3,-0.545,
United Kingdom,2022-11-08,4047.3,-0.545,
United Kingdom,2022-11-09,4047.3,-0.545,
United Kingdom,2022-11-10,4047.3,-0.545,
United Kingdom,2022-11-11,4047.3,-0.545,
United Kingdom,2022-11-12,4047.3,-0.545,
United Kingdom,2022-11-13,3393.7,-0.567,
United Kingdom,2022-11-14,3393.7,-0.567,
United Kingdom,2022-11-15,3393.7,-0.567,
United Kingdom,2022-11-16,3393.7,-0.567,
United Kingdom,2022-11-17,3393.7,-0.567,
United Kingdom,2022-11-18,3393.7,-0.567,
United Kingdom,2022-11-19,3393.7,-0.567,
United Kingdom,2022-11-20,3124.6,-0.576,
United Kingdom,2022-11-21,3124.6,-0.576,
United Kingdom,2022-11-22,3124.6,-0.576,
United Kingdom,2022-11-23,3124.6,-0.576,
United Kingdom,2022-11-24,3124.6,-0.576,
United Kingdom,2022-11-25,3124.6,-0.576,
United Kingdom,2022-11-26,3124.6,-0.576,
United Kingdom,2022-11-27,3273.0,-0.571,
United Kingdom,2022-11-28,3273.0,-0.571,
United Kingdom,2022-11-29,3273.0,-0.571,
United Kingdom,2022-11-30,3273.0,-0.571,
United Kingdom,2022-12-01,3273.0,-0.571,
United Kingdom,2022-12-02,3273.0,-0.571,
United Kingdom,2022-12-03,3273.0,-0.571,
United Kingdom,2022-12-04,3729.3,-0.556,
United Kingdom,2022-12-05,3729.3,-0.556,
United Kingdom,2022-12-06,3729.3,-0.556,
United Kingdom,2022-12-07,3729.3,-0.556,
United Kingdom,2022-12-08,3729.3,-0.556,
United Kingdom,2022-12-09,3729.3,-0.556,
United Kingdom,2022-12-10,3729.3,-0.556,
United Kingdom,2022-12-11,4435.4,-0.532,
United Kingdom,2022-12-12,4435.4,-0.532,
United Kingdom,2022-12-13,4435.4,-0.532,
United Kingdom,2022-12-14,4435.4,-0.532,
United Kingdom,2022-12-15,4435.4,-0.532,
United Kingdom,2022-12-16,4435.4,-0.532,
United Kingdom,2022-12-17,4435.4,-0.532,
United Kingdom,2022-12-18,5858.4,-0.485,
United Kingdom,2022-12-19,5858.4,-0.485,
United Kingdom,2022-12-20,5858.4,-0.485,
United Kingdom,2022-12-21,5858.4,-0.485,
United Kingdom,2022-12-22,5858.4,-0.485,
United Kingdom,2022-12-23,5858.4,-0.485,
United Kingdom,2022-12-24,5858.4,-0.485,
United Kingdom,2022-12-25,6948.4,-0.448,
United Kingdom,2022-12-26,6948.4,-0.448,
United Kingdom,2022-12-27,6948.4,-0.448,
United Kingdom,2022-12-28,6948.4,-0.448,
United Kingdom,2022-12-29,6948.4,-0.448,
United Kingdom,2022-12-30,6948.4,-0.448,
United Kingdom,2022-12-31,6948.4,-0.448,
United Kingdom,2023-01-01,5949.1,-0.481,
United Kingdom,2023-01-02,5949.1,-0.481,
United Kingdom,2023-01-03,5949.1,-0.481,
United Kingdom,2023-01-04,5949.1,-0.481,
United Kingdom,2023-01-05,5949.1,-0.481,
United Kingdom,2023-01-06,5949.1,-0.481,
United Kingdom,2023-01-07,5949.1,-0.481,
United Kingdom,2023-01-08,4770.0,-0.521,
United Kingdom,2023-01-09,4770.0,-0.521,
United Kingdom,2023-01-10,4770.0,-0.521,
United Kingdom,2023-01-11,4770.0,-0.521,
United Kingdom,2023-01-12,4770.0,-0.521,
United Kingdom,2023-01-13,4770.0,-0.521,
United Kingdom,2023-01-14,4770.0,-0.521,
United Kingdom,2023-01-15,2790.4,-0.588,
United Kingdom,2023-01-16,2790.4,-0.588,
United Kingdom,2023-01-17,2790.4,-0.588,
United Kingdom,2023-01-18,2790.4,-0.588,
United Kingdom,2023-01-19,2790.4,-0.588,
United Kingdom,2023-01-20,2790.4,-0.588,
United Kingdom,2023-01-21,2790.4,-0.588,
United Kingdom,2023-01-22,2019.4,-0.613,
United Kingdom,2023-01-23,2019.4,-0.613,
United Kingdom,2023-01-24,2019.4,-0.613,
United Kingdom,2023-01-25,2019.4,-0.613,
United Kingdom,2023-01-26,2019.4,-0.613,
United Kingdom,2023-01-27,2019.4,-0.613,
United Kingdom,2023-01-28,2019.4,-0.613,
United Kingdom,2023-01-29,2357.3,-0.602,
United Kingdom,2023-01-30,2357.3,-0.602,
United Kingdom,2023-01-31,2357.3,-0.602,
United Kingdom,2023-02-01,2357.3,-0.602,
United Kingdom,2023-02-02,2357.3,-0.602,
United Kingdom,2023-02-03,2357.3,-0.602,
United Kingdom,2023-02-04,2357.3,-0.602,
United Kingdom,2023-02-05,3027.1,-0.58,
United Kingdom,2023-02-06,3027.1,-0.58,
United Kingdom,2023-02-07,3027.1,-0.58,
United Kingdom,2023-02-08,3027.1,-0.58,
United Kingdom,2023-02-09,3027.1,-0.58,
United Kingdom,2023-02-10,3027.1,-0.58,
United Kingdom,2023-02-11,3027.1,-0.58,
United Kingdom,2023-02-12,3317.9,-0.57,
United Kingdom,2023-02-13,3317.9,-0.57,
United Kingdom,2023-02-14,3317.9,-0.57,
United Kingdom,2023-02-15,3317.9,-0.57,
United Kingdom,2023-02-16,3317.9,-0.57,
United Kingdom,2023-02-17,3317.9,-0.57,
United Kingdom,2023-02-18,3317.9,-0.57,
United Kingdom,2023-02-19,3993.7,-0.547,
United Kingdom,2023-02-20,3993.7,-0.547,
United Kingdom,2023-02-21,3993.7,-0.547,
United Kingdom,2023-02-22,3993.7,-0.547,
United Kingdom,2023-02-23,3993.7,-0.547,
United Kingdom,2023-02-24,3993.7,-0.547,
United Kingdom,2023-02-25,3993.7,-0.547,
United Kingdom,2023-02-26,3977.6,-0.548,
United Kingdom,2023-02-27,3977.6,-0.548,
United Kingdom,2023-02-28,3977.6,-0.548,
United Kingdom,2023-03-01,3977.6,-0.548,
United Kingdom,2023-03-02,3977.6,-0.548,
United Kingdom,2023-03-03,3977.6,-0.548,
United Kingdom,2023-03-04,3977.6,-0.548,
United Kingdom,2023-03-05,3891.1,-0.551,
United Kingdom,2023-03-06,3891.1,-0.551,
United Kingdom,2023-03-07,3891.1,-0.551,
United Kingdom,2023-03-08,3891.1,-0.551,
United Kingdom,2023-03-09,3891.1,-0.551,
United Kingdom,2023-03-10,3891.1,-0.551,
United Kingdom,2023-03-11,3891.1,-0.551,
United Kingdom,2023-03-12,4202.6,-0.54,
United Kingdom,2023-03-13,4202.6,-0.54,
United Kingdom,2023-03-14,4202.6,-0.54,
United Kingdom,2023-03-15,4202.6,-0.54,
United Kingdom,2023-03-16,4202.6,-0.54,
United Kingdom,2023-03-17,4202.6,-0.54,
United Kingdom,2023-03-18,4202.6,-0.54,
United Kingdom,2023-03-19,4763.0,-0.521,
United Kingdom,2023-03-20,4763.0,-0.521,
United Kingdom,2023-03-21,4763.0,-0.521,
United Kingdom,2023-03-22,4763.0,-0.521,
United Kingdom,2023-03-23,4763.0,-0.521,
United Kingdom,2023-03-24,4763.0,-0.521,
United Kingdom,2023-03-25,4763.0,-0.521,
United Kingdom,2023-03-26,4521.3,-0.529,
United Kingdom,2023-03-27,4521.3,-0.529,
United Kingdom,2023-03-28,4521.3,-0.529,
United Kingdom,2023-03-29,4521.3,-0.529,
United Kingdom,2023-03-30,4521.3,-0.529,
United Kingdom,2023-03-31,4521.3,-0.529,
United Kingdom,2023-04-01,4521.3,-0.529,
United Kingdom,2023-04-02,3596.0,-0.561,
United Kingdom,2023-04-03,3596.0,-0.561,
United Kingdom,2023-04-04,3596.0,-0.561,
United Kingdom,2023-04-05,3596.0,-0.561,
United Kingdom,2023-04-06,3596.0,-0.561,
United Kingdom,2023-04-07,3596.0,-0.561,
United Kingdom,2023-04-08,3596.0,-0.561,
United Kingdom,2023-04-09,2413.4,-0.6,
United Kingdom,2023-04-10,2413.4,-0.6,
United Kingdom,2023-04-11,2413.4,-0.6,
United Kingdom,2023-04-12,2413.4,-0.6,
United Kingdom,2023-04-13,2413.4,-0.6,
United Kingdom,2023-04-14,2413.4,-0.6,
United Kingdom,2023-04-15,2413.4,-0.6,
United Kingdom,2023-04-16,2131.0,-0.61,
United Kingdom,2023-04-17,2131.0,-0.61,
United Kingdom,2023-04-18,2131.0,-0.61,
United Kingdom,2023-04-19,2131.0,-0.61,
United Kingdom,2023-04-20,2131.0,-0.61,
United Kingdom,2023-04-21,2131.0,-0.61,
United Kingdom,2023-04-22,2131.0,-0.61,
United Kingdom,2023-04-23,1831.9,-0.62,
United Kingdom,2023-04-24,1831.9,-0.62,
United Kingdom,2023-04-25,1831.9,-0.62,
United Kingdom,2023-04-26,1831.9,-0.62,
United Kingdom,2023-04-27,1831.9,-0.62,
United Kingdom,2023-04-28,1831.9,-0.62,
United Kingdom,2023-04-29,1831.9,-0.62,
United Kingdom,2023-04-30,1641.7,-0.626,
United Kingdom,2023-05-01,1641.7,-0.626,
United Kingdom,2023-05-02,1641.7,-0.626,
United Kingdom,2023-05-03,1641.7,-0.626,
United Kingdom,2023-05-04,1641.7,-0.626,
United Kingdom,2023-05-05,1641.7,-0.626,
United States,2020-01-10,0.0,-0.769,
United States,2020-01-11,0.0,-0.769,
United States,2020-01-12,0.0,-0.769,
United States,2020-01-13,0.0,-0.769,
United States,2020-01-14,0.0,-0.769,
United States,2020-01-15,0.0,-0.769,
United States,2020-01-16,0.0,-0.769,
United States,2020-01-17,0.0,-0.769,
United States,2020-01-18,0.0,-0.769,
United States,2020-01-19,0.0,-0.769,
United States,2020-01-20,0.0,-0.769,
United States,2020-01-21,0.0,-0.769,
United States,2020-01-22,0.0,-0.769,
United States,2020-01-23,0.0,-0.769,
United States,2020-01-24,0.0,-0.769,
United States,2020-01-25,0.0,-0.769,
United States,2020-01-26,1.0,-0.769,
United States,2020-01-27,1.0,-0.769,
United States,2020-01-28,1.0,-0.769,
United States,2020-01-29,1.0,-0.769,
United States,2020-01-30,1.0,-0.769,
United States,2020-01-31,1.0,-0.769,
United States,2020-02-01,1.0,-0.769,
United States,2020-02-02,0.3,-0.769,
United States,2020-02-03,0.3,-0.769,
United States,2020-02-04,0.3,-0.769,
United States,2020-02-05,0.3,-0.769,
United States,2020-02-06,0.3,-0.769,
United States,2020-02-07,0.3,-0.769,
United States,2020-02-08,0.3,-0.769,
United States,2020-02-09,1.6,-0.769,
United States,2020-02-10,1.6,-0.769,
United States,2020-02-11,1.6,-0.769,
United States,2020-02-12,1.6,-0.769,
United States,2020-02-13,1.6,-0.769,
United States,2020-02-14,1.6,-0.769,
United States,2020-02-15,1.6,-0.769,
United States,2020-02-16,0.6,-0.769,
United States,2020-02-17,0.6,-0.769,
United States,2020-02-18,0.6,-0.769,
United States,2020-02-19,0.6,-0.769,
United States,2020-02-20,0.6,-0.769,
United States,2020-02-21,0.6,-0.769,
United States,2020-02-22,0.6,-0.769,
United States,2020-02-23,2.3,-0.769,
United States,2020-02-24,2.3,-0.769,
United States,2020-02-25,2.3,-0.769,
United States,2020-02-26,2.3,-0.769,
United States,2020-02-27,2.3,-0.769,
United States,2020-02-28,2.3,-0.769,
United States,2020-02-29,2.3,-0.769,
United States,2020-03-01,4.7,-0.769,
United States,2020-03-02,4.7,-0.769,
United States,2020-03-03,4.7,-0.769,
United States,2020-03-04,4.7,-0.769,
United States,2020-03-05,4.7,-0.769,
United States,2020-03-06,4.7,-0.769,
United States,2020-03-07,4.7,-0.769,
United States,2020-03-08,55.9,-0.768,
United States,2020-03-09,55.9,-0.768,
United States,2020-03-10,55.9,-0.768,
United States,2020-03-11,55.9,-0.768,
United States,2020-03-12,55.9,-0.768,
United States,2020-03-13,55.9,-0.768,
United States,2020-03-14,55.9,-0.768,
United States,2020-03-15,495.0,-0.764,
United States,2020-03-16,495.0,-0.764,
United States,2020-03-17,495.0,-0.764,
United States,2020-03-18,495.0,-0.764,
United States,2020-03-19,495.0,-0.764,
United States,2020-03-20,495.0,-0.764,
United States,2020-03-21,495.0,-0.764,
United States,2020-03-22,3926.6,-0.733,
United States,2020-03-23,3926.6,-0.733,
United States,2020-03-24,3926.6,-0.733,
United States,2020-03-25,3926.6,-0.733,
United States,2020-03-26,3926.6,-0.733,
United States,2020-03-27,3926.6,-0.733,
United States,2020-03-28,3926.6,-0.733,
United States,2020-03-29,13556.3,-0.647,
United States,2020-03-30,13556.3,-0.647,
United States,2020-03-31,13556.3,-0.647,
United States,2020-04-01,13556.3,-0.647,
United States,2020-04-02,13556.3,-0.647,
United States,2020-04-03,13556.3,-0.647,
United States,2020-04-04,13556.3,-0.647,
United States,2020-04-05,25164.4,-0.542,
United States,2020-04-06,25164.4,-0.542,
United States,2020-04-07,25164.4,-0.542,
United States,2020-04-08,25164.4,-0.542,
United States,2020-04-09,25164.4,-0.542,
United States,2020-04-10,25164.4,-0.542,
United States,2020-04-11,25164.4,-0.542,
United States,2020-04-12,31310.3,-0.486,
United States,2020-04-13,31310.3,-0.486,
United States,2020-04-14,31310.3,-0.486,
United States,2020-04-15,31310.3,-0.486,
United States,2020-04-16,31310.3,-0.486,
United States,2020-04-17,31310.3,-0.486,
United States,2020-04-18,31310.3,-0.486,
United States,2020-04-19,28021.4,-0.516,
United States,2020-04-20,28021.4,-0.516,
United States,2020-04-21,28021.4,-0.516,
United States,2020-04-22,28021.4,-0.516,
United States,2020-04-23,28021.4,-0.516,
United States,2020-04-24,28021.4,-0.516,
United States,2020-04-25,28021.4,-0.516,
United States,2020-04-26,29309.3,-0.504,
United States,2020-04-27,29309.3,-0.504,
United States,2020-04-28,29309.3,-0.504,
United States,2020-04-29,29309.3,-0.504,
United States,2020-04-30,29309.3,-0.504,
United States,2020-05-01,29309.3,-0.504,
United States,2020-05-02,29309.3,-0.504,
United States,2020-05-03,28348.0,-0.513,
United States,2020-05-04,28348.0,-0.513,
United States,2020-05-05,28348.0,-0.513,
United States,2020-05-06,28348.0,-0.513,
United States,2020-05-07,28348.0,-0.513,
United States,2020-05-08,28348.0,-0.513,
United States,2020-05-09,28348.0,-0.513,
United States,2020-05-10,26035.1,-0.534,
United States,2020-05-11,26035.1,-0.534,
United States,2020-05-12,26035.1,-0.534,
United States,2020-05-13,26035.1,-0.534,
United States,2020-05-14,26035.1,-0.534,
United States,2020-05-15,26035.1,-0.534,
United States,2020-05-16,26035.1,-0.534,
United States,2020-05-17,24147.4,-0.551,
United States,2020-05-18,24147.4,-0.551,
United States,2020-05-19,24147.4,-0.551,
United States,2020-05-20,24147.4,-0.551,
United States,2020-05-21,24147.4,-0.551,
United States,2020-05-22,24147.4,-0.551,
United States,2020-05-23,24147.4,-0.551,
United States,2020-05-24,23760.7,-0.554,
United States,2020-05-25,23760.7,-0.554,
United States,2020-05-26,23760.7,-0.554,
United States,2020-05-27,23760.7,-0.554,
United States,2020-05-28,23760.7,-0.554,
United States,2020-05-29,23760.7,-0.554,
United States,2020-05-30,23760.7,-0.554,
United States,2020-05-31,20919.4,-0.58,
United States,2020-06-01,20919.4,-0.58,
United States,2020-06-02,20919.4,-0.58,
United States,2020-06-03,20919.4,-0.58,
United States,2020-06-04,20919.4,-0.58,
United States,2020-06-05,20919.4,-0.58,
United States,2020-06-06,20919.4,-0.58,
United States,2020-06-07,21397.1,-0.576,
United States,2020-06-08,21397.1,-0.576,
United States,2020-06-09,21397.1,-0.576,
United States,2020-06-10,21397.1,-0.576,
United States,2020-06-11,21397.1,-0.576,
United States,2020-06-12,21397.1,-0.576,
United States,2020-06-13,21397.1,-0.576,
United States,2020-06-14,21696.6,-0.573,
United States,2020-06-15,21696.6,-0.573,
United States,2020-06-16,21696.6,-0.573,
United States,2020-06-17,21696.6,-0.573,
United States,2020-06-18,21696.6,-0.573,
United States,2020-06-19,21696.6,-0.573,
United States,2020-06-20,21696.6,-0.573,
United States,2020-06-21,25717.3,-0.537,
United States,2020-06-22,25717.3,-0.537,
United States,2020-06-23,25717.3,-0.537,
United States,2020-06-24,25717.3,-0.537,
United States,2020-06-25,25717.3,-0.537,
United States,2020-06-26,25717.3,-0.537,
United States,2020-06-27,25717.3,-0.537,
United States,2020-06-28,36896.9,-0.436,
United States,2020-06-29,36896.9,-0.436,
United States,2020-06-30,36896.9,-0.436,
United States,2020-07-01,36896.9,-0.436,
United States,2020-07-02,36896.9,-0.436,
United States,2020-07-03,36896.9,-0.436,
United States,2020-07-04,36896.9,-0.436,
United States,2020-07-05,48880.9,-0.328,
United States,2020-07-06,48880.9,-0.328,
United States,2020-07-07,48880.9,-0.328,
United States,2020-07-08,48880.9,-0.328,
United States,2020-07-09,48880.9,-0.328,
United States,2020-07-10,48880.9,-0.328,
United States,2020-07-11,48880.9,-0.328,
United States,2020-07-12,56029.3,-0.263,
United States,2020-07-13,56029.3,-0.263,
United States,2020-07-14,56029.3,-0.263,
United States,2020-07-15,56029.3,-0.263,
United States,2020-07-16,56029.3,-0.263,
United States,2020-07-17,56029.3,-0.263,
United States,2020-07-18,56029.3,-0.263,
United States,2020-07-19,66609.6,-0.168,
United States,2020-07-20,66609.6,-0.168,
United States,2020-07-21,66609.6,-0.168,
United States,2020-07-22,66609.6,-0.168,
United States,2020-07-23,66609.6,-0.168,
United States,2020-07-24,66609.6,-0.168,
United States,2020-07-25,66609.6,-0.168,
United States,2020-07-26,66843.0,-0.166,
United States,2020-07-27,66843.0,-0.166,
United States,2020-07-28,66843.0,-0.166,
United States,2020-07-29,66843.0,-0.166,
United States,2020-07-30,66843.0,-0.166,
United States,2020-07-31,66843.0,-0.166,
United States,2020-08-01,66843.0,-0.166,
United States,2020-08-02,61607.1,-0.213,
United States,2020-08-03,61607.1,-0.213,
United States,2020-08-04,61607.1,-0.213,
United States,2020-08-05,61607.1,-0.213,
United States,2020-08-06,61607.1,-0.213,
United States,2020-08-07,61607.1,-0.213,
United States,2020-08-08,61607.1,-0.213,
United States,2020-08-09,53701.3,-0.284,
United States,2020-08-10,53701.3,-0.284,
United States,2020-08-11,53701.3,-0.284,
United States,2020-08-12,53701.3,-0.284,
United States,2020-08-13,53701.3,-0.284,
United States,2020-08-14,53701.3,-0.284,
United States,2020-08-15,53701.3,-0.284,
United States,2020-08-16,51808.9,-0.301,
United States,2020-08-17,51808.9,-0.301,
United States,2020-08-18,51808.9,-0.301,
United States,2020-08-19,51808.9,-0.301,
United States,2020-08-20,51808.9,-0.301,
United States,2020-08-21,51808.9,-0.301,
United States,2020-08-22,51808.9,-0.301,
United States,2020-08-23,45112.6,-0.362,
United States,2020-08-24,45112.6,-0.362,
United States,2020-08-25,45112.6,-0.362,
United States,2020-08-26,45112.6,-0.362,
United States,2020-08-27,45112.6,-0.362,
United States,2020-08-28,45112.6,-0.362,
United States,2020-08-29,45112.6,-0.362,
United States,2020-08-30,42135.1,-0.389,
United States,2020-08-31,42135.1,-0.389,
United States,2020-09-01,42135.1,-0.389,
United States,2020-09-02,42135.1,-0.389,
United States,2020-09-03,42135.1,-0.389,
United States,2020-09-04,42135.1,-0.389,
United States,2020-09-05,42135.1,-0.389,
United States,2020-09-06,42179.0,-0.388,
United States,2020-09-07,42179.0,-0.388,
United States,2020-09-08,42179.0,-0.388,
United States,2020-09-09,42179.0,-0.388,
United States,2020-09-10,42179.0,-0.388,
United States,2020-09-11,42179.0,-0.388,
United States,2020-09-12,42179.0,-0.388,
United States,2020-09-13,35088.7,-0.452,
United States,2020-09-14,35088.7,-0.452,
United States,2020-09-15,35088.7,-0.452,
United States,2020-09-16,35088.7,-0.452,
United States,2020-09-17,35088.7,-0.452,
United States,2020-09-18,35088.7,-0.452,
United States,2020-09-19,35088.7,-0.452,
United States,2020-09-20,40139.6,-0.407,
United States,2020-09-21,40139.6,-0.407,
United States,2020-09-22,40139.6,-0.407,
United States,2020-09-23,40139.6,-0.407,
United States,2020-09-24,40139.6,-0.407,
United States,2020-09-25,40139.6,-0.407,
United States,2020-09-26,40139.6,-0.407,
United States,2020-09-27,43539.1,-0.376,
United States,2020-09-28,43539.1,-0.376,
United States,2020-09-29,43539.1,-0.376,
United States,2020-09-30,43539.1,-0.376,
United States,2020-10-01,43539.1,-0.376,
United States,2020-10-02,43539.1,-0.376,
United States,2020-10-03,43539.1,-0.376,
United States,2020-10-04,42621.1,-0.384,
United States,2020-10-05,42621.1,-0.384,
United States,2020-10-06,42621.1,-0.384,
United States,2020-10-07,42621.1,-0.384,
United States,2020-10-08,42621.1,-0.384,
United States,2020-10-09,42621.1,-0.384,
United States,2020-10-10,42621.1,-0.384,
United States,2020-10-11,47749.9,-0.338,
United States,2020-10-12,47749.9,-0.338,
United States,2020-10-13,47749.9,-0.338,
United States,2020-10-14,47749.9,-0.338,
United States,2020-10-15,47749.9,-0.338,
United States,2020-10-16,47749.9,-0.338,
United States,2020-10-17,47749.9,-0.338,
United States,2020-10-18,55376.3,-0.269,
United States,2020-10-19,55376.3,-0.269,
United States,2020-10-20,55376.3,-0.269,
United States,2020-10-21,55376.3,-0.269,
United States,2020-10-22,55376.3,-0.269,
United States,2020-10-23,55376.3,-0.269,
United States,2020-10-24,55376.3,-0.269,
United States,2020-10-25,64205.4,-0.189,
United States,2020-10-26,64205.4,-0.189,
United States,2020-10-27,64205.4,-0.189,
United States,2020-10-28,64205.4,-0.189,
United States,2020-10-29,64205.4,-0.189,
United States,2020-10-30,64205.4,-0.189,
United States,2020-10-31,64205.4,-0.189,
United States,2020-11-01,79913.4,-0.048,
United States,2020-11-02,79913.4,-0.048,
United States,2020-11-03,79913.4,-0.048,
United States,2020-11-04,79913.4,-0.048,
United States,2020-11-05,79913.4,-0.048,
United States,2020-11-06,79913.4,-0.048,
United States,2020-11-07,79913.4,-0.048,
United States,2020-11-08,112870.6,0.25,
United States,2020-11-09,112870.6,0.25,
United States,2020-11-10,112870.6,0.25,
United States,2020-11-11,112870.6,0.25,
United States,2020-11-12,112870.6,0.25,
United States,2020-11-13,112870.6,0.25,
United States,2020-11-14,112870.6,0.25,
United States,2020-11-15,143549.3,0.527,
United States,2020-11-16,143549.3,0.527,
United States,2020-11-17,143549.3,0.527,
United States,2020-11-18,143549.3,0.527,
United States,2020-11-19,143549.3,0.527,
United States,2020-11-20,143549.3,0.527,
United States,2020-11-21,143549.3,0.527,
United States,2020-11-22,167926.1,0.747,
United States,2020-11-23,167926.1,0.747,
United States,2020-11-24,167926.1,0.747,
United States,2020-11-25,167926.1,0.747,
United States,2020-11-26,167926.1,0.747,
United States,2020-11-27,167926.1,0.747,
United States,2020-11-28,167926.1,0.747,
United States,2020-11-29,166057.3,0.73,
United States,2020-11-30,166057.3,0.73,
United States,2020-12-01,166057.3,0.73,
United States,2020-12-02,166057.3,0.73,
United States,2020-12-03,166057.3,0.73,
United States,2020-12-04,166057.3,0.73,
United States,2020-12-05,166057.3,0.73,
United States,2020-12-06,182990.3,0.883,
United States,2020-12-07,182990.3,0.883,
United States,2020-12-08,182990.3,0.883,
United States,2020-12-09,182990.3,0.883,
United States,2020-12-10,182990.3,0.883,
United States,2020-12-11,182990.3,0.883,
United States,2020-12-12,182990.3,0.883,
United States,2020-12-13,209783.1,1.124,
United States,2020-12-14,209783.1,1.124,
United States,2020-12-15,209783.1,1.124,
United States,2020-12-16,209783.1,1.124,
United States,2020-12-17,209783.1,1.124,
United States,2020-12-18,209783.1,1.124,
United States,2020-12-19,209783.1,1.124,
United States,2020-12-20,216846.9,1.188,
United States,2020-12-21,216846.9,1.188,
United States,2020-12-22,216846.9,1.188,
United States,2020-12-23,216846.9,1.188,
United States,2020-12-24,216846.9,1.188,
United States,2020-12-25,216846.9,1.188,
United States,2020-12-26,216846.9,1.188,
United States,2020-12-27,194303.1,0.985,
United States,2020-12-28,194303.1,0.985,
United States,2020-12-29,194303.1,0.985,
United States,2020-12-30,194303.1,0.985,
United States,2020-12-31,194303.1,0.985,
United States,2021-01-01,194303.1,0.985,
United States,2021-01-02,194303.1,0.985,
United States,2021-01-03,197285.0,1.012,
United States,2021-01-04,197285.0,1.012,
United States,2021-01-05,197285.0,1.012,
United States,2021-01-06,197285.0,1.012,
United States,2021-01-07,197285.0,1.012,
United States,2021-01-08,197285.0,1.012,
United States,2021-01-09,197285.0,1.012,
United States,2021-01-10,238164.4,1.381,
United States,2021-01-11,238164.4,1.381,
United States,2021-01-12,238164.4,1.381,
United States,2021-01-13,238164.4,1.381,
United States,2021-01-14,238164.4,1.381,
United States,2021-01-15,238164.4,1.381,
United States,2021-01-16,238164.4,1.381,
United States,2021-01-17,227136.4,1.281,
United States,2021-01-18,227136.4,1.281,
United States,2021-01-19,227136.4,1.281,
United States,2021-01-20,227136.4,1.281,
United States,2021-01-21,227136.4,1.281,
United States,2021-01-22,227136.4,1.281,
United States,2021-01-23,227136.4,1.281,
United States,2021-01-24,180837.3,0.863,
United States,2021-01-25,180837.3,0.863,
United States,2021-01-26,180837.3,0.863,
United States,2021-01-27,180837.3,0.863,
United States,2021-01-28,180837.3,0.863,
United States,2021-01-29,180837.3,0.863,
United States,2021-01-30,180837.3,0.863,
United States,2021-01-31,152660.7,0.609,
United States,2021-02-01,152660.7,0.609,
United States,2021-02-02,152660.7,0.609,
United States,2021-02-03,152660.7,0.609,
United States,2021-02-04,152660.7,0.609,
United States,2021-02-05,152660.7,0.609,
United States,2021-02-06,152660.7,0.609,
United States,2021-02-07,122464.3,0.336,
United States,2021-02-08,122464.3,0.336,
United States,2021-02-09,122464.3,0.336,
United States,2021-02-10,122464.3,0.336,
United States,2021-02-11,122464.3,0.336,
United States,2021-02-12,122464.3,0.336,
United States,2021-02-13,122464.3,0.336,
United States,2021-02-14,95796.0,0.096,
United States,2021-02-15,95796.0,0.096,
United States,2021-02-16,95796.0,0.096,
United States,2021-02-17,95796.0,0.096,
United States,2021-02-18,95796.0,0.096,
United States,2021-02-19,95796.0,0.096,
United States,2021-02-20,95796.0,0.096,
United States,2021-02-21,67640.7,-0.158,
United States,2021-02-22,67640.7,-0.158,
United States,2021-02-23,67640.7,-0.158,
United States,2021-02-24,67640.7,-0.158,
United States,2021-02-25,67640.7,-0.158,
United States,2021-02-26,67640.7,-0.158,
United States,2021-02-27,67640.7,-0.158,
United States,2021-02-28,66535.9,-0.168,
United States,2021-03-01,66535.9,-0.168,
United States,2021-03-02,66535.9,-0.168,
United States,2021-03-03,66535.9,-0.168,
United States,2021-03-04,66535.9,-0.168,
United States,2021-03-05,66535.9,-0.168,
United States,2021-03-06,66535.9,-0.168,
United States,2021-03-07,60105.6,-0.226,
United States,2021-03-08,60105.6,-0.226,
United States,2021-03-09,60105.6,-0.226,
United States,2021-03-10,60105.6,-0.226,
United States,2021-03-11,60105.6,-0.226,
United States,2021-03-12,60105.6,-0.226,
United States,2021-03-13,60105.6,-0.226,
United States,2021-03-14,54857.1,-0.274,
United States,2021-03-15,54857.1,-0.274,
United States,2021-03-16,54857.1,-0.274,
United States,2021-03-17,54857.1,-0.274,
United States,2021-03-18,54857.1,-0.274,
United States,2021-03-19,54857.1,-0.274,
United States,2021-03-20,54857.1,-0.274,
United States,2021-03-21,54221.6,-0.28,
United States,2021-03-22,54221.6,-0.28,
United States,2021-03-23,54221.6,-0.28,
United States,2021-03-24,54221.6,-0.28,
United States,2021-03-25,54221.6,-0.28,
United States,2021-03-26,54221.6,-0.28,
United States,2021-03-27,54221.6,-0.28,
United States,2021-03-28,59688.3,-0.23,
United States,2021-03-29,59688.3,-0.23,
United States,2021-03-30,59688.3,-0.23,
United States,2021-03-31,59688.3,-0.23,
United States,2021-04-01,59688.3,-0.23,
United States,2021-04-02,59688.3,-0.23,
United States,2021-04-03,59688.3,-0.23,
United States,2021-04-04,64280.0,-0.189,
United States,2021-04-05,64280.0,-0.189,
United States,2021-04-06,64280.0,-0.189,
United States,2021-04-07,64280.0,-0.189,
United States,2021-04-08,64280.0,-0.189,
United States,2021-04-09,64280.0,-0.189,
United States,2021-04-10,64280.0,-0.189,
United States,2021-04-11,65135.7,-0.181,
United States,2021-04-12,65135.7,-0.181,
United States,2021-04-13,65135.7,-0.181,
United States,2021-04-14,65135.7,-0.181,
United States,2021-04-15,65135.7,-0.181,
United States,2021-04-16,65135.7,-0.181,
United States,2021-04-17,65135.7,-0.181,
United States,2021-04-18,66745.3,-0.166,
United States,2021-04-19,66745.3,-0.166,
United States,2021-04-20,66745.3,-0.166,
United States,2021-04-21,66745.3,-0.166,
United States,2021-04-22,66745.3,-0.166,
United States,2021-04-23,66745.3,-0.166,
United States,2021-04-24,66745.3,-0.166,
United States,2021-04-25,58013.6,-0.245,
United States,2021-04-26,58013.6,-0.245,
United States,2021-04-27,58013.6,-0.245,
United States,2021-04-28,58013.6,-0.245,
United States,2021-04-29,58013.6,-0.245,
United States,2021-04-30,58013.6,-0.245,
United States,2021-05-01,58013.6,-0.245,
United States,2021-05-02,48343.9,-0.333,
United States,2021-05-03,48343.9,-0.333,
United States,2021-05-04,48343.9,-0.333,
United States,2021-05-05,48343.9,-0.333,
United States,2021-05-06,48343.9,-0.333,
United States,2021-05-07,48343.9,-0.333,
United States,2021-05-08,48343.9,-0.333,
United States,2021-05-09,41760.6,-0.392,
United States,2021-05-10,41760.6,-0.392,
United States,2021-05-11,41760.6,-0.392,
United States,2021-05-12,41760.6,-0.392,
United States,2021-05-13,41760.6,-0.392,
United States,2021-05-14,41760.6,-0.392,
United States,2021-05-15,41760.6,-0.392,
United States,2021-05-16,33335.7,-0.468,
United States,2021-05-17,33335.7,-0.468,
United States,2021-05-18,33335.7,-0.468,
United States,2021-05-19,33335.7,-0.468,
United States,2021-05-20,33335.7,-0.468,
United States,2021-05-21,33335.7,-0.468,
United States,2021-05-22,33335.7,-0.468,
United States,2021-05-23,25944.1,-0.535,
United States,2021-05-24,25944.1,-0.535,
United States,2021-05-25,25944.1,-0.535,
United States,2021-05-26,25944.1,-0.535,
United States,2021-05-27,25944.1,-0.535,
United States,2021-05-28,25944.1,-0.535,
United States,2021-05-29,25944.1,-0.535,
United States,2021-05-30,21115.9,-0.578,
United States,2021-05-31,21115.9,-0.578,
United States,2021-06-01,21115.9,-0.578,
United States,2021-06-02,21115.9,-0.578,
United States,2021-06-03,21115.9,-0.578,
United States,2021-06-04,21115.9,-0.578,
United States,2021-06-05,21115.9,-0.578,
United States,2021-06-06,14158.9,-0.641,
United States,2021-06-07,14158.9,-0.641,
United States,2021-06-08,14158.9,-0.641,
United States,2021-06-09,14158.9,-0.641,
United States,2021-06-10,14158.9,-0.641,
United States,2021-06-11,14158.9,-0.641,
United States,2021-06-12,14158.9,-0.641,
United States,2021-06-13,14223.6,-0.641,
United States,2021-06-14,14223.6,-0.641,
United States,2021-06-15,14223.6,-0.641,
United States,2021-06-16,14223.6,-0.641,
United States,2021-06-17,14223.6,-0.641,
United States,2021-06-18,14223.6,-0.641,
United States,2021-06-19,14223.6,-0.641,
United States,2021-06-20,11518.1,-0.665,
United States,2021-06-21,11518.1,-0.665,
United States,2021-06-22,11518.1,-0.665,
United States,2021-06-23,11518.1,-0.665,
United States,2021-06-24,11518.1,-0.665,
United States,2021-06-25,11518.1,-0.665,
United States,2021-06-26,11518.1,-0.665,
United States,2021-06-27,12519.6,-0.656,
United States,2021-06-28,12519.6,-0.656,
United States,2021-06-29,12519.6,-0.656,
United States,2021-06-30,12519.6,-0.656,
United States,2021-07-01,12519.6,-0.656,
United States,2021-07-02,12519.6,-0.656,
United States,2021-07-03,12519.6,-0.656,
United States,2021-07-04,13862.4,-0.644,
United States,2021-07-05,13862.4,-0.644,
United States,2021-07-06,13862.4,-0.644,
United States,2021-07-07,13862.4,-0.644,
United States,2021-07-08,13862.4,-0.644,
United States,2021-07-09,13862.4,-0.644,
United States,2021-07-10,13862.4,-0.644,
United States,2021-07-11,40930.0,-0.399,
United States,2021-07-12,40930.0,-0.399,
United States,2021-07-13,40930.0,-0.399,
United States,2021-07-14,40930.0,-0.399,
United States,2021-07-15,40930.0,-0.399,
United States,2021-07-16,40930.0,-0.399,
United States,2021-07-17,40930.0,-0.399,
United States,2021-07-18,31797.0,-0.482,
United States,2021-07-19,31797.0,-0.482,
United States,2021-07-20,31797.0,-0.482,
United States,2021-07-21,31797.0,-0.482,
United States,2021-07-22,31797.0,-0.482,
United States,2021-07-23,31797.0,-0.482,
United States,2021-07-24,31797.0,-0.482,
United States,2021-07-25,51289.6,-0.306,
United States,2021-07-26,51289.6,-0.306,
United States,2021-07-27,51289.6,-0.306,
United States,2021-07-28,51289.6,-0.306,
United States,2021-07-29,51289.6,-0.306,
United States,2021-07-30,51289.6,-0.306,
United States,2021-07-31,51289.6,-0.306,
United States,2021-08-01,78155.1,-0.064,
United States,2021-08-02,78155.1,-0.064,
United States,2021-08-03,78155.1,-0.064,
United States,2021-08-04,78155.1,-0.064,
United States,2021-08-05,78155.1,-0.064,
United States,2021-08-06,78155.1,-0.064,
United States,2021-08-07,78155.1,-0.064,
United States,2021-08-08,106150.9,0.189,
United States,2021-08-09,106150.9,0.189,
United States,2021-08-10,106150.9,0.189,
United States,2021-08-11,106150.9,0.189,
United States,2021-08-12,106150.9,0.189,
United States,2021-08-13,106150.9,0.189,
United States,2021-08-14,106150.9,0.189,
United States,2021-08-15,126637.7,0.374,
United States,2021-08-16,126637.7,0.374,
United States,2021-08-17,126637.7,0.374,
United States,2021-08-18,126637.7,0.374,
United States,2021-08-19,126637.7,0.374,
United States,2021-08-20,126637.7,0.374,
United States,2021-08-21,126637.7,0.374,
United States,2021-08-22,145709.4,0.546,
United States,2021-08-23,145709.4,0.546,
United States,2021-08-24,145709.4,0.546,
United States,2021-08-25,145709.4,0.546,
United States,2021-08-26,145709.4,0.546,
United States,2021-08-27,145709.4,0.546,
United States,2021-08-28,145709.4,0.546,
United States,2021-08-29,156412.9,0.643,
United States,2021-08-30,156412.9,0.643,
United States,2021-08-31,156412.9,0.643,
United States,2021-09-01,156412.9,0.643,
United States,2021-09-02,156412.9,0.643,
United States,2021-09-03,156412.9,0.643,
United States,2021-09-04,156412.9,0.643,
United States,2021-09-05,163464.4,0.706,
United States,2021-09-06,163464.4,0.706,
United States,2021-09-07,163464.4,0.706,
United States,2021-09-08,163464.4,0.706,
United States,2021-09-09,163464.4,0.706,
United States,2021-09-10,163464.4,0.706,
United States,2021-09-11,163464.4,0.706,
United States,2021-09-12,146081.4,0.55,
United States,2021-09-13,146081.4,0.55,
United States,2021-09-14,146081.4,0.55,
United States,2021-09-15,146081.4,0.55,
United States,2021-09-16,146081.4,0.55,
United States,2021-09-17,146081.4,0.55,
United States,2021-09-18,146081.4,0.55,
United States,2021-09-19,148207.7,0.569,
United States,2021-09-20,148207.7,0.569,
United States,2021-09-21,148207.7,0.569,
United States,2021-09-22,148207.7,0.569,
United States,2021-09-23,148207.7,0.569,
United States,2021-09-24,148207.7,0.569,
United States,2021-09-25,148207.7,0.569,
United States,2021-09-26,121756.3,0.33,
United States,2021-09-27,121756.3,0.33,
United States,2021-09-28,121756.3,0.33,
United States,2021-09-29,121756.3,0.33,
United States,2021-09-30,121756.3,0.33,
United States,2021-10-01,121756.3,0.33,
United States,2021-10-02,121756.3,0.33,
United States,2021-10-03,107955.4,0.205,
United States,2021-10-04,107955.4,0.205,
United States,2021-10-05,107955.4,0.205,
United States,2021-10-06,107955.4,0.205,
United States,2021-10-07,107955.4,0.205,
United States,2021-10-08,107955.4,0.205,
United States,2021-10-09,107955.4,0.205,
United States,2021-10-10,97426.3,0.11,
United States,2021-10-11,97426.3,0.11,
United States,2021-10-12,97426.3,0.11,
United States,2021-10-13,97426.3,0.11,
United States,2021-10-14,97426.3,0.11,
United States,2021-10-15,97426.3,0.11,
United States,2021-10-16,97426.3,0.11,
United States,2021-10-17,83176.7,-0.018,
United States,2021-10-18,83176.7,-0.018,
United States,2021-10-19,83176.7,-0.018,
United States,2021-10-20,83176.7,-0.018,
United States,2021-10-21,83176.7,-0.018,
United States,2021-10-22,83176.7,-0.018,
United States,2021-10-23,83176.7,-0.018,
United States,2021-10-24,72649.0,-0.113,
United States,2021-10-25,72649.0,-0.113,
United States,2021-10-26,72649.0,-0.113,
United States,2021-10-27,72649.0,-0.113,
United States,2021-10-28,72649.0,-0.113,
United States,2021-10-29,72649.0,-0.113,
United States,2021-10-30,72649.0,-0.113,
United States,2021-10-31,75169.4,-0.09,
United States,2021-11-01,75169.4,-0.09,
United States,2021-11-02,75169.4,-0.09,
United States,2021-11-03,75169.4,-0.09,
United States,2021-11-04,75169.4,-0.09,
United States,2021-11-05,75169.4,-0.09,
United States,2021-11-06,75169.4,-0.09,
United States,2021-11-07,72887.3,-0.111,
United States,2021-11-08,72887.3,-0.111,
United States,2021-11-09,72887.3,-0.111,
United States,2021-11-10,72887.3,-0.111,
United States,2021-11-11,72887.3,-0.111,
United States,2021-11-12,72887.3,-0.111,
United States,2021-11-13,72887.3,-0.111,
United States,2021-11-14,79597.1,-0.051,
United States,2021-11-15,79597.1,-0.051,
United States,2021-11-16,79597.1,-0.051,
United States,2021-11-17,79597.1,-0.051,
United States,2021-11-18,79597.1,-0.051,
United States,2021-11-19,79597.1,-0.051,
United States,2021-11-20,79597.1,-0.051,
United States,2021-11-21,96696.6,0.104,
United States,2021-11-22,96696.6,0.104,
United States,2021-11-23,96696.6,0.104,
United States,2021-11-24,96696.6,0.104,
United States,2021-11-25,96696.6,0.104,
United States,2021-11-26,96696.6,0.104,
United States,2021-11-27,96696.6,0.104,
United States,2021-11-28,84627.7,-0.005,
United States,2021-11-29,84627.7,-0.005,
United States,2021-11-30,84627.7,-0.005,
United States,2021-12-01,84627.7,-0.005,
United States,2021-12-02,84627.7,-0.005,
United States,2021-12-03,84627.7,-0.005,
United States,2021-12-04,84627.7,-0.005,
United States,2021-12-05,107288.1,0.199,
United States,2021-12-06,107288.1,0.199,
United States,2021-12-07,107288.1,0.199,
United States,2021-12-08,107288.1,0.199,
United States,2021-12-09,107288.1,0.199,
United States,2021-12-10,107288.1,0.199,
United States,2021-12-11,107288.1,0.199,
United States,2021-12-12,119281.3,0.308,
United States,2021-12-13,119281.3,0.308,
United States,2021-12-14,119281.3,0.308,
United States,2021-12-15,119281.3,0.308,
United States,2021-12-16,119281.3,0.308,
United States,2021-12-17,119281.3,0.308,
United States,2021-12-18,119281.3,0.308,
United States,2021-12-19,128444.1,0.39,
United States,2021-12-20,128444.1,0.39,
United States,2021-12-21,128444.1,0.39,
United States,2021-12-22,128444.1,0.39,
United States,2021-12-23,128444.1,0.39,
United States,2021-12-24,128444.1,0.39,
United States,2021-12-25,128444.1,0.39,
United States,2021-12-26,202488.4,1.059,
United States,2021-12-27,202488.4,1.059,
United States,2021-12-28,202488.4,1.059,
United States,2021-12-29,202488.4,1.059,
United States,2021-12-30,202488.4,1.059,
United States,2021-12-31,202488.4,1.059,
United States,2022-01-01,202488.4,1.059,
United States,2022-01-02,387434.0,2.728,Y
United States,2022-01-03,387434.0,2.728,Y
United States,2022-01-04,387434.0,2.728,Y
United States,2022-01-05,387434.0,2.728,Y
United States,2022-01-06,387434.0,2.728,Y
United States,2022-01-07,387434.0,2.728,Y
United States,2022-01-08,387434.0,2.728,Y
United States,2022-01-09,668985.3,5.269,Y
United States,2022-01-10,668985.3,5.269,Y
United States,2022-01-11,668985.3,5.269,Y
United States,2022-01-12,668985.3,5.269,Y
United States,2022-01-13,668985.3,5.269,Y
United States,2022-01-14,668985.3,5.269,Y
United States,2022-01-15,668985.3,5.269,Y
United States,2022-01-16,807276.1,6.517,Y
United States,2022-01-17,807276.1,6.517,Y
United States,2022-01-18,807276.1,6.517,Y
United States,2022-01-19,807276.1,6.517,Y
United States,2022-01-20,807276.1,6.517,Y
United States,2022-01-21,807276.1,6.517,Y
United States,2022-01-22,807276.1,6.517,Y
United States,2022-01-23,720412.6,5.733,Y
United States,2022-01-24,720412.6,5.733,Y
United States,2022-01-25,720412.6,5.733,Y
United States,2022-01-26,720412.6,5.733,Y
United States,2022-01-27,720412.6,5.733,Y
United States,2022-01-28,720412.6,5.733,Y
United States,2022-01-29,720412.6,5.733,Y
United States,2022-01-30,541323.1,4.117,Y
United States,2022-01-31,541323.1,4.117,Y
United States,2022-02-01,541323.1,4.117,Y
United States,2022-02-02,541323.1,4.117,Y
United States,2022-02-03,541323.1,4.117,Y
United States,2022-02-04,541323.1,4.117,Y
United States,2022-02-05,541323.1,4.117,Y
United States,2022-02-06,312672.9,2.053,Y
United States,2022-02-07,312672.9,2.053,Y
United States,2022-02-08,312672.9,2.053,Y
United States,2022-02-09,312672.9,2.053,Y
United States,2022-02-10,312672.9,2.053,Y
United States,2022-02-11,312672.9,2.053,Y
United States,2022-02-12,312672.9,2.053,Y
United States,2022-02-13,174587.4,0.807,
United States,2022-02-14,174587.4,0.807,
United States,2022-02-15,174587.4,0.807,
United States,2022-02-16,174587.4,0.807,
United States,2022-02-17,174587.4,0.807,
United States,2022-02-18,174587.4,0.807,
United States,2022-02-19,174587.4,0.807,
United States,2022-02-20,101165.1,0.144,
United States,2022-02-21,101165.1,0.144,
United States,2022-02-22,101165.1,0.144,
United States,2022-02-23,101165.1,0.144,
United States,2022-02-24,101165.1,0.144,
United States,2022-02-25,101165.1,0.144,
United States,2022-02-26,101165.1,0.144,
United States,2022-02-27,65467.4,-0.178,
United States,2022-02-28,65467.4,-0.178,
United States,2022-03-01,65467.4,-0.178,
United States,2022-03-02,65467.4,-0.178,
United States,2022-03-03,65467.4,-0.178,
United States,2022-03-04,65467.4,-0.178,
United States,2022-03-05,65467.4,-0.178,
United States,2022-03-06,47501.3,-0.34,
United States,2022-03-07,47501.3,-0.34,
United States,2022-03-08,47501.3,-0.34,
United States,2022-03-09,47501.3,-0.34,
United States,2022-03-10,47501.3,-0.34,
United States,2022-03-11,47501.3,-0.34,
United States,2022-03-12,47501.3,-0.34,
United States,2022-03-13,33476.0,-0.467,
United States,2022-03-14,33476.0,-0.467,
United States,2022-03-15,33476.0,-0.467,
United States,2022-03-16,33476.0,-0.467,
United States,2022-03-17,33476.0,-0.467,
United States,2022-03-18,33476.0,-0.467,
United States,2022-03-19,33476.0,-0.467,
United States,2022-03-20,29820.0,-0.5,
United States,2022-03-21,29820.0,-0.5,
United States,2022-03-22,29820.0,-0.5,
United States,2022-03-23,29820.0,-0.5,
United States,2022-03-24,29820.0,-0.5,
United States,2022-03-25,29820.0,-0.5,
United States,2022-03-26,29820.0,-0.5,
United States,2022-03-27,27638.4,-0.519,
United States,2022-03-28,27638.4,-0.519,
United States,2022-03-29,27638.4,-0.519,
United States,2022-03-30,27638.4,-0.519,
United States,2022-03-31,27638.4,-0.519,
United States,2022-04-01,27638.4,-0.519,
United States,2022-04-02,27638.4,-0.519,
United States,2022-04-03,27780.6,-0.518,
United States,2022-04-04,27780.6,-0.518,
United States,2022-04-05,27780.6,-0.518,
United States,2022-04-06,27780.6,-0.518,
United States,2022-04-07,27780.6,-0.518,
United States,2022-04-08,27780.6,-0.518,
United States,2022-04-09,27780.6,-0.518,
United States,2022-04-10,28741.7,-0.509,
United States,2022-04-11,28741.7,-0.509,
United States,2022-04-12,28741.7,-0.509,
United States,2022-04-13,28741.7,-0.509,
United States,2022-04-14,28741.7,-0.509,
United States,2022-04-15,28741.7,-0.509,
United States,2022-04-16,28741.7,-0.509,
United States,2022-04-17,35419.9,-0.449,
United States,2022-04-18,35419.9,-0.449,
United States,2022-04-19,35419.9,-0.449,
United States,2022-04-20,35419.9,-0.449,
United States,2022-04-21,35419.9,-0.449,
United States,2022-04-22,35419.9,-0.449,
United States,2022-04-23,35419.9,-0.449,
United States,2022-04-24,42960.1,-0.381,
United States,2022-04-25,42960.1,-0.381,
United States,2022-04-26,42960.1,-0.381,
United States,2022-04-27,42960.1,-0.381,
United States,2022-04-28,42960.1,-0.381,
United States,2022-04-29,42960.1,-0.381,
United States,2022-04-30,42960.1,-0.381,
United States,2022-05-01,54078.4,-0.281,
United States,2022-05-02,54078.4,-0.281,
United States,2022-05-03,54078.4,-0.281,
United States,2022-05-04,54078.4,-0.281,
United States,2022-05-05,54078.4,-0.281,
United States,2022-05-06,54078.4,-0.281,
United States,2022-05-07,54078.4,-0.281,
United States,2022-05-08,66522.6,-0.169,
United States,2022-05-09,66522.6,-0.169,
United States,2022-05-10,66522.6,-0.169,
United States,2022-05-11,66522.6,-0.169,
United States,2022-05-12,66522.6,-0.169,
United States,2022-05-13,66522.6,-0.169,
United States,2022-05-14,66522.6,-0.169,
United States,2022-05-15,86422.1,0.011,
United States,2022-05-16,86422.1,0.011,
United States,2022-05-17,86422.1,0.011,
United States,2022-05-18,86422.1,0.011,
United States,2022-05-19,86422.1,0.011,
United States,2022-05-20,86422.1,0.011,
United States,2022-05-21,86422.1,0.011,
United States,2022-05-22,104927.9,0.178,
United States,2022-05-23,104927.9,0.178,
United States,2022-05-24,104927.9,0.178,
United States,2022-05-25,104927.9,0.178,
United States,2022-05-26,104927.9,0.178,
United States,2022-05-27,104927.9,0.178,
United States,2022-05-28,104927.9,0.178,
United States,2022-05-29,105817.1,0.186,
United States,2022-05-30,105817.1,0.186,
United States,2022-05-31,105817.1,0.186,
United States,2022-06-01,105817.1,0.186,
United States,2022-06-02,105817.1,0.186,
United States,2022-06-03,105817.1,0.186,
United States,2022-06-04,105817.1,0.186,
United States,2022-06-05,96518.1,0.102,
United States,2022-06-06,96518.1,0.102,
United States,2022-06-07,96518.1,0.102,
United States,2022-06-08,96518.1,0.102,
United States,2022-06-09,96518.1,0.102,
United States,2022-06-10,96518.1,0.102,
United States,2022-06-11,96518.1,0.102,
United States,2022-06-12,105863.4,0.187,
United States,2022-06-13,105863.4,0.187,
United States,2022-06-14,105863.4,0.187,
United States,2022-06-15,105863.4,0.187,
United States,2022-06-16,105863.4,0.187,
United States,2022-06-17,105863.4,0.187,
United States,2022-06-18,105863.4,0.187,
United States,2022-06-19,96036.6,0.098,
United States,2022-06-20,96036.6,0.098,
United States,2022-06-21,96036.6,0.098,
United States,2022-06-22,96036.6,0.098,
United States,2022-06-23,96036.6,0.098,
United States,2022-06-24,96036.6,0.098,
United States,2022-06-25,96036.6,0.098,
United States,2022-06-26,101376.7,0.146,
United States,2022-06-27,101376.7,0.146,
United States,2022-06-28,101376.7,0.146,
United States,2022-06-29,101376.7,0.146,
United States,2022-06-30,101376.7,0.146,
United States,2022-07-01,101376.7,0.146,
United States,2022-07-02,101376.7,0.146,
United States,2022-07-03,110538.9,0.229,
United States,2022-07-04,110538.9,0.229,
United States,2022-07-05,110538.9,0.229,
United States,2022-07-06,110538.9,0.229,
United States,2022-07-07,110538.9,0.229,
United States,2022-07-08,110538.9,0.229,
United States,2022-07-09,110538.9,0.229,
United States,2022-07-10,106252.7,0.19,
United States,2022-07-11,106252.7,0.19,
United States,2022-07-12,106252.7,0.19,
United States,2022-07-13,106252.7,0.19,
United States,2022-07-14,106252.7,0.19,
United States,2022-07-15,106252.7,0.19,
United States,2022-07-16,106252.7,0.19,
United States,2022-07-17,126889.9,0.376,
United States,2022-07-18,126889.9,0.376,
United States,2022-07-19,126889.9,0.376,
United States,2022-07-20,126889.9,0.376,
United States,2022-07-21,126889.9,0.376,
United States,2022-07-22,126889.9,0.376,
United States,2022-07-23,126889.9,0.376,
United States,2022-07-24,129813.6,0.403,
United States,2022-07-25,129813.6,0.403,
United States,2022-07-26,129813.6,0.403,
United States,2022-07-27,129813.6,0.403,
United States,2022-07-28,129813.6,0.403,
United States,2022-07-29,129813.6,0.403,
United States,2022-07-30,129813.6,0.403,
United States,2022-07-31,135426.1,0.453,
United States,2022-08-01,135426.1,0.453,
United States,2022-08-02,135426.1,0.453,
United States,2022-08-03,135426.1,0.453,
United States,2022-08-04,135426.1,0.453,
United States,2022-08-05,135426.1,0.453,
United States,2022-08-06,135426.1,0.453,
United States,2022-08-07,112578.7,0.247,
United States,2022-08-08,112578.7,0.247,
United States,2022-08-09,112578.7,0.247,
United States,2022-08-10,112578.7,0.247,
United States,2022-08-11,112578.7,0.247,
United States,2022-08-12,112578.7,0.247,
United States,2022-08-13,112578.7,0.247,
United States,2022-08-14,100231.1,0.136,
United States,2022-08-15,100231.1,0.136,
United States,2022-08-16,100231.1,0.136,
United States,2022-08-17,100231.1,0.136,
United States,2022-08-18,100231.1,0.136,
United States,2022-08-19,100231.1,0.136,
United States,2022-08-20,100231.1,0.136,
United States,2022-08-21,92132.1,0.063,
United States,2022-08-22,92132.1,0.063,
United States,2022-08-23,92132.1,0.063,
United States,2022-08-24,92132.1,0.063,
United States,2022-08-25,92132.1,0.063,
United States,2022-08-26,92132.1,0.063,
United States,2022-08-27,92132.1,0.063,
United States,2022-08-28,87189.9,0.018,
United States,2022-08-29,87189.9,0.018,
United States,2022-08-30,87189.9,0.018,
United States,2022-08-31,87189.9,0.018,
United States,2022-09-01,87189.9,0.018,
United States,2022-09-02,87189.9,0.018,
United States,2022-09-03,87189.9,0.018,
United States,2022-09-04,82909.0,-0.021,
United States,2022-09-05,82909.0,-0.021,
United States,2022-09-06,82909.0,-0.021,
United States,2022-09-07,82909.0,-0.021,
United States,2022-09-08,82909.0,-0.021,
United States,2022-09-09,82909.0,-0.021,
United States,2022-09-10,82909.0,-0.021,
United States,2022-09-11,64215.6,-0.189,
United States,2022-09-12,64215.6,-0.189,
United States,2022-09-13,64215.6,-0.189,
United States,2022-09-14,64215.6,-0.189,
United States,2022-09-15,64215.6,-0.189,
United States,2022-09-16,64215.6,-0.189,
United States,2022-09-17,64215.6,-0.189,
United States,2022-09-18,58128.7,-0.244,
United States,2022-09-19,58128.7,-0.244,
United States,2022-09-20,58128.7,-0.244,
United States,2022-09-21,58128.7,-0.244,
United States,2022-09-22,58128.7,-0.244,
United States,2022-09-23,58128.7,-0.244,
United States,2022-09-24,58128.7,-0.244,
United States,2022-09-25,52675.0,-0.293,
United States,2022-09-26,52675.0,-0.293,
United States,2022-09-27,52675.0,-0.293,
United States,2022-09-28,52675.0,-0.293,
United States,2022-09-29,52675.0,-0.293,
United States,2022-09-30,52675.0,-0.293,
United States,2022-10-01,52675.0,-0.293,
United States,2022-10-02,45890.6,-0.355,
United States,2022-10-03,45890.6,-0.355,
United States,2022-10-04,45890.6,-0.355,
United States,2022-10-05,45890.6,-0.355,
United States,2022-10-06,45890.6,-0.355,
United States,2022-10-07,45890.6,-0.355,
United States,2022-10-08,45890.6,-0.355,
United States,2022-10-09,40083.4,-0.407,
United States,2022-10-10,40083.4,-0.407,
United States,2022-10-11,40083.4,-0.407,
United States,2022-10-12,40083.4,-0.407,
United States,2022-10-13,40083.4,-0.407,
United States,2022-10-14,40083.4,-0.407,
United States,2022-10-15,40083.4,-0.407,
United States,2022-10-16,35897.1,-0.445,
United States,2022-10-17,35897.1,-0.445,
United States,2022-10-18,35897.1,-0.445,
United States,2022-10-19,35897.1,-0.445,
United States,2022-10-20,35897.1,-0.445,
United States,2022-10-21,35897.1,-0.445,
United States,2022-10-22,35897.1,-0.445,
United States,2022-10-23,40533.4,-0.403,
United States,2022-10-24,40533.4,-0.403,
United States,2022-10-25,40533.4,-0.403,
United States,2022-10-26,40533.4,-0.403,
United States,2022-10-27,40533.4,-0.403,
United States,2022-10-28,40533.4,-0.403,
United States,2022-10-29,40533.4,-0.403,
United States,2022-10-30,36450.9,-0.44,
United States,2022-10-31,36450.9,-0.44,
United States,2022-11-01,36450.9,-0.44,
United States,2022-11-02,36450.9,-0.44,
United States,2022-11-03,36450.9,-0.44,
United States,2022-11-04,36450.9,-0.44,
United States,2022-11-05,36450.9,-0.44,
United States,2022-11-06,38186.3,-0.424,
United States,2022-11-07,38186.3,-0.424,
United States,2022-11-08,38186.3,-0.424,
United States,2022-11-09,38186.3,-0.424,
United States,2022-11-10,38186.3,-0.424,
United States,2022-11-11,38186.3,-0.424,
United States,2022-11-12,38186.3,-0.424,
United States,2022-11-13,40413.9,-0.404,
United States,2022-11-14,40413.9,-0.404,
United States,2022-11-15,40413.9,-0.404,
United States,2022-11-16,40413.9,-0.404,
United States,2022-11-17,40413.9,-0.404,
United States,2022-11-18,40413.9,-0.404,
United States,2022-11-19,40413.9,-0.404,
United States,2022-11-20,39283.4,-0.414,
United States,2022-11-21,39283.4,-0.414,
United States,2022-11-22,39283.4,-0.414,
United States,2022-11-23,39283.4,-0.414,
United States,2022-11-24,39283.4,-0.414,
United States,2022-11-25,39283.4,-0.414,
United States,2022-11-26,39283.4,-0.414,
United States,2022-11-27,42881.6,-0.382,
United States,2022-11-28,42881.6,-0.382,
United States,2022-11-29,42881.6,-0.382,
United States,2022-11-30,42881.6,-0.382,
United States,2022-12-01,42881.6,-0.382,
United States,2022-12-02,42881.6,-0.382,
United States,2022-12-03,42881.6,-0.382,
United States,2022-12-04,43228.4,-0.379,
United States,2022-12-05,43228.4,-0.379,
United States,2022-12-06,43228.4,-0.379,
United States,2022-12-07,43228.4,-0.379,
United States,2022-12-08,43228.4,-0.379,
United States,2022-12-09,43228.4,-0.379,
United States,2022-12-10,43228.4,-0.379,
United States,2022-12-11,66031.9,-0.173,
United States,2022-12-12,66031.9,-0.173,
United States,2022-12-13,66031.9,-0.173,
United States,2022-12-14,66031.9,-0.173,
United States,2022-12-15,66031.9,-0.173,
United States,2022-12-16,66031.9,-0.173,
United States,2022-12-17,66031.9,-0.173,
United States,2022-12-18,63716.3,-0.194,
United States,2022-12-19,63716.3,-0.194,
United States,2022-12-20,63716.3,-0.194,
United States,2022-12-21,63716.3,-0.194,
United States,2022-12-22,63716.3,-0.194,
United States,2022-12-23,63716.3,-0.194,
United States,2022-12-24,63716.3,-0.194,
United States,2022-12-25,72572.7,-0.114,
United States,2022-12-26,72572.7,-0.114,
United States,2022-12-27,72572.7,-0.114,
United States,2022-12-28,72572.7,-0.114,
United States,2022-12-29,72572.7,-0.114,
United States,2022-12-30,72572.7,-0.114,
United States,2022-12-31,72572.7,-0.114,
United States,2023-01-01,56029.0,-0.263,
United States,2023-01-02,56029.0,-0.263,
United States,2023-01-03,56029.0,-0.263,
United States,2023-01-04,56029.0,-0.263,
United States,2023-01-05,56029.0,-0.263,
United States,2023-01-06,56029.0,-0.263,
United States,2023-01-07,56029.0,-0.263,
United States,2023-01-08,67387.7,-0.161,
United States,2023-01-09,67387.7,-0.161,
United States,2023-01-10,67387.7,-0.161,
United States,2023-01-11,67387.7,-0.161,
United States,2023-01-12,67387.7,-0.161,
United States,2023-01-13,67387.7,-0.161,
United States,2023-01-14,67387.7,-0.161,
United States,2023-01-15,64013.1,-0.191,
United States,2023-01-16,64013.1,-0.191,
United States,2023-01-17,64013.1,-0.191,
United States,2023-01-18,64013.1,-0.191,
United States,2023-01-19,64013.1,-0.191,
United States,2023-01-20,64013.1,-0.191,
United States,2023-01-21,64013.1,-0.191,
United States,2023-01-22,44003.6,-0.372,
United States,2023-01-23,44003.6,-0.372,
United States,2023-01-24,44003.6,-0.372,
United States,2023-01-25,44003.6,-0.372,
United States,2023-01-26,44003.6,-0.372,
United States,2023-01-27,44003.6,-0.372,
United States,2023-01-28,44003.6,-0.372,
United States,2023-01-29,42123.9,-0.389,
United States,2023-01-30,42123.9,-0.389,
United States,2023-01-31,42123.9,-0.389,
United States,2023-02-01,42123.9,-0.389,
United States,2023-02-02,42123.9,-0.389,
United States,2023-02-03,42123.9,-0.389,
United States,2023-02-04,42123.9,-0.389,
United States,2023-02-05,40771.7,-0.401,
United States,2023-02-06,40771.7,-0.401,
United States,2023-02-07,40771.7,-0.401,
United States,2023-02-08,40771.7,-0.401,
United States,2023-02-09,40771.7,-0.401,
United States,2023-02-10,40771.7,-0.401,
United States,2023-02-11,40771.7,-0.401,
United States,2023-02-12,39746.9,-0.41,
United States,2023-02-13,39746.9,-0.41,
United States,2023-02-14,39746.9,-0.41,
United States,2023-02-15,39746.9,-0.41,
United States,2023-02-16,39746.9,-0.41,
United States,2023-02-17,39746.9,-0.41,
United States,2023-02-18,39746.9,-0.41,
United States,2023-02-19,36338.9,-0.441,
United States,2023-02-20,36338.9,-0.441,
United States,2023-02-21,36338.9,-0.441,
United States,2023-02-22,36338.9,-0.441,
United States,2023-02-23,36338.9,-0.441,
United States,2023-02-24,36338.9,-0.441,
United States,2023-02-25,36338.9,-0.441,
United States,2023-02-26,38166.9,-0.424,
United States,2023-02-27,38166.9,-0.424,
United States,2023-02-28,38166.9,-0.424,
United States,2023-03-01,38166.9,-0.424,
United States,2023-03-02,38166.9,-0.424,
United States,2023-03-03,38166.9,-0.424,
United States,2023-03-04,38166.9,-0.424,
United States,2023-03-05,32546.9,-0.475,
United States,2023-03-06,32546.9,-0.475,
United States,2023-03-07,32546.9,-0.475,
United States,2023-03-08,32546.9,-0.475,
United States,2023-03-09,32546.9,-0.475,
United States,2023-03-10,32546.9,-0.475,
United States,2023-03-11,32546.9,-0.475,
United States,2023-03-12,24370.4,-0.549,
United States,2023-03-13,24370.4,-0.549,
United States,2023-03-14,24370.4,-0.549,
United States,2023-03-15,24370.4,-0.549,
United States,2023-03-16,24370.4,-0.549,
United States,2023-03-17,24370.4,-0.549,
United States,2023-03-18,24370.4,-0.549,
United States,2023-03-19,18087.6,-0.606,
United States,2023-03-20,18087.6,-0.606,
United States,2023-03-21,18087.6,-0.606,
United States,2023-03-22,18087.6,-0.606,
United States,2023-03-23,18087.6,-0.606,
United States,2023-03-24,18087.6,-0.606,
United States,2023-03-25,18087.6,-0.606,
United States,2023-03-26,21852.6,-0.572,
United States,2023-03-27,21852.6,-0.572,
United States,2023-03-28,21852.6,-0.572,
United States,2023-03-29,21852.6,-0.572,
United States,2023-03-30,21852.6,-0.572,
United States,2023-03-31,21852.6,-0.572,
United States,2023-04-01,21852.6,-0.572,
United States,2023-04-02,25194.0,-0.542,
United States,2023-04-03,25194.0,-0.542,
United States,2023-04-04,25194.0,-0.542,
United States,2023-04-05,25194.0,-0.542,
United States,2023-04-06,25194.0,-0.542,
United States,2023-04-07,25194.0,-0.542,
United States,2023-04-08,25194.0,-0.542,
United States,2023-04-09,14781.7,-0.635,
United States,2023-04-10,14781.7,-0.635,
United States,2023-04-11,14781.7,-0.635,
United States,2023-04-12,14781.7,-0.635,
United States,2023-04-13,14781.7,-0.635,
United States,2023-04-14,14781.7,-0.635,
United States,2023-04-15,14781.7,-0.635,
United States,2023-04-16,14865.3,-0.635,
United States,2023-04-17,14865.3,-0.635,
United States,2023-04-18,14865.3,-0.635,
United States,2023-04-19,14865.3,-0.635,
United States,2023-04-20,14865.3,-0.635,
United States,2023-04-21,14865.3,-0.635,
United States,2023-04-22,14865.3,-0.635,
United States,2023-04-23,14066.7,-0.642,
United States,2023-04-24,14066.7,-0.642,
United States,2023-04-25,14066.7,-0.642,
United States,2023-04-26,14066.7,-0.642,
United States,2023-04-27,14066.7,-0.642,
United States,2023-04-28,14066.7,-0.642,
United States,2023-04-29,14066.7,-0.642,
United States,2023-04-30,12354.9,-0.657,
United States,2023-05-01,12354.9,-0.657,
United States,2023-05-02,12354.9,-0.657,
United States,2023-05-03,12354.9,-0.657,
United States,2023-05-04,12354.9,-0.657,
United States,2023-05-05,12354.9,-0.657,
