date,component,value
2020-01-10,actual,0.0
2020-01-10,trend,0.0
2020-01-10,seasonal,-20.08
2020-01-10,residual,20.08
2020-01-11,actual,0.0
2020-01-11,trend,0.0
2020-01-11,seasonal,-28.31
2020-01-11,residual,28.31
2020-01-12,actual,0.0
2020-01-12,trend,0.0
2020-01-12,seasonal,27.86
2020-01-12,residual,-27.86
2020-01-13,actual,0.0
2020-01-13,trend,0.0
2020-01-13,seasonal,18.05
2020-01-13,residual,-18.05
2020-01-14,actual,0.0
2020-01-14,trend,0.0
2020-01-14,seasonal,8.32
2020-01-14,residual,-8.32
2020-01-15,actual,0.0
2020-01-15,trend,0.0
2020-01-15,seasonal,-1.32
2020-01-15,residual,1.32
2020-01-16,actual,0.0
2020-01-16,trend,0.0
2020-01-16,seasonal,-10.84
2020-01-16,residual,10.84
2020-01-17,actual,0.0
2020-01-17,trend,0.0
2020-01-17,seasonal,-20.08
2020-01-17,residual,20.08
2020-01-18,actual,0.0
2020-01-18,trend,0.0
2020-01-18,seasonal,-28.31
2020-01-18,residual,28.31
2020-01-19,actual,0.0
2020-01-19,trend,0.07
2020-01-19,seasonal,27.86
2020-01-19,residual,-27.92
2020-01-20,actual,0.0
2020-01-20,trend,0.13
2020-01-20,seasonal,18.05
2020-01-20,residual,-18.19
2020-01-21,actual,0.0
2020-01-21,trend,0.2
2020-01-21,seasonal,8.32
2020-01-21,residual,-8.52
2020-01-22,actual,0.0
2020-01-22,trend,0.27
2020-01-22,seasonal,-1.32
2020-01-22,residual,1.05
2020-01-23,actual,0.0
2020-01-23,trend,0.33
2020-01-23,seasonal,-10.84
2020-01-23,residual,10.51
2020-01-24,actual,0.0
2020-01-24,trend,0.4
2020-01-24,seasonal,-20.08
2020-01-24,residual,19.68
2020-01-25,actual,0.0
2020-01-25,trend,0.47
2020-01-25,seasonal,-28.31
2020-01-25,residual,27.84
2020-01-26,actual,1.0
2020-01-26,trend,0.49
2020-01-26,seasonal,27.86
2020-01-26,residual,-27.34
2020-01-27,actual,1.0
2020-01-27,trend,0.51
2020-01-27,seasonal,18.05
2020-01-27,residual,-17.56
2020-01-28,actual,1.0
2020-01-28,trend,0.52
2020-01-28,seasonal,8.32
2020-01-28,residual,-7.85
2020-01-29,actual,1.0
2020-01-29,trend,0.54
2020-01-29,seasonal,-1.32
2020-01-29,residual,1.78
2020-01-30,actual,1.0
2020-01-30,trend,0.56
2020-01-30,seasonal,-10.84
2020-01-30,residual,11.28
2020-01-31,actual,1.0
2020-01-31,trend,0.58
2020-01-31,seasonal,-20.08
2020-01-31,residual,20.5
2020-02-01,actual,1.0
2020-02-01,trend,0.6
2020-02-01,seasonal,-28.31
2020-02-01,residual,28.7
2020-02-02,actual,0.29
2020-02-02,trend,0.71
2020-02-02,seasonal,27.86
2020-02-02,residual,-28.27
2020-02-03,actual,0.29
2020-02-03,trend,0.74
2020-02-03,seasonal,18.05
2020-02-03,residual,-18.51
2020-02-04,actual,0.29
2020-02-04,trend,0.78
2020-02-04,seasonal,8.32
2020-02-04,residual,-8.82
2020-02-05,actual,0.29
2020-02-05,trend,0.82
2020-02-05,seasonal,-1.32
2020-02-05,residual,0.79
2020-02-06,actual,0.29
2020-02-06,trend,0.86
2020-02-06,seasonal,-10.84
2020-02-06,residual,10.27
2020-02-07,actual,0.29
2020-02-07,trend,0.9
2020-02-07,seasonal,-20.08
2020-02-07,residual,19.48
2020-02-08,actual,0.29
2020-02-08,trend,0.93
2020-02-08,seasonal,-28.31
2020-02-08,residual,27.66
2020-02-09,actual,1.57
2020-02-09,trend,0.91
2020-02-09,seasonal,27.86
2020-02-09,residual,-27.19
2020-02-10,actual,1.57
2020-02-10,trend,0.92
2020-02-10,seasonal,18.05
2020-02-10,residual,-17.41
2020-02-11,actual,1.57
2020-02-11,trend,0.94
2020-02-11,seasonal,8.32
2020-02-11,residual,-7.7
2020-02-12,actual,1.57
2020-02-12,trend,0.96
2020-02-12,seasonal,-1.32
2020-02-12,residual,1.93
2020-02-13,actual,1.57
2020-02-13,trend,0.98
2020-02-13,seasonal,-10.84
2020-02-13,residual,11.43
2020-02-14,actual,1.57
2020-02-14,trend,1.0
2020-02-14,seasonal,-20.08
2020-02-14,residual,20.65
2020-02-15,actual,1.57
2020-02-15,trend,1.02
2020-02-15,seasonal,-28.31
2020-02-15,residual,28.86
2020-02-16,actual,0.57
2020-02-16,trend,1.15
2020-02-16,seasonal,27.86
2020-02-16,residual,-28.44
2020-02-17,actual,0.57
2020-02-17,trend,1.2
2020-02-17,seasonal,18.05
2020-02-17,residual,-18.68
2020-02-18,actual,0.57
2020-02-18,trend,1.25
2020-02-18,seasonal,8.32
2020-02-18,residual,-9.0
2020-02-19,actual,0.57
2020-02-19,trend,1.3
2020-02-19,seasonal,-1.32
2020-02-19,residual,0.59
2020-02-20,actual,0.57
2020-02-20,trend,1.34
2020-02-20,seasonal,-10.84
2020-02-20,residual,10.07
2020-02-21,actual,0.57
2020-02-21,trend,1.39
2020-02-21,seasonal,-20.08
2020-02-21,residual,19.26
2020-02-22,actual,0.57
2020-02-22,trend,1.44
2020-02-22,seasonal,-28.31
2020-02-22,residual,27.44
2020-02-23,actual,2.29
2020-02-23,trend,1.65
2020-02-23,seasonal,27.86
2020-02-23,residual,-27.21
2020-02-24,actual,2.29
2020-02-24,trend,1.92
2020-02-24,seasonal,18.05
2020-02-24,residual,-17.69
2020-02-25,actual,2.29
2020-02-25,trend,2.2
2020-02-25,seasonal,8.32
2020-02-25,residual,-8.23
2020-02-26,actual,2.29
2020-02-26,trend,2.48
2020-02-26,seasonal,-1.32
2020-02-26,residual,1.13
2020-02-27,actual,2.29
2020-02-27,trend,2.75
2020-02-27,seasonal,-10.84
2020-02-27,residual,10.38
2020-02-28,actual,2.29
2020-02-28,trend,3.03
2020-02-28,seasonal,-20.08
2020-02-28,residual,19.34
2020-02-29,actual,2.29
2020-02-29,trend,3.3
2020-02-29,seasonal,-28.31
2020-02-29,residual,27.29
2020-03-01,actual,4.71
2020-03-01,trend,6.99
2020-03-01,seasonal,27.86
2020-03-01,residual,-30.14
2020-03-02,actual,4.71
2020-03-02,trend,10.56
2020-03-02,seasonal,18.05
2020-03-02,residual,-23.91
2020-03-03,actual,4.71
2020-03-03,trend,14.13
2020-03-03,seasonal,8.32
2020-03-03,residual,-17.75
2020-03-04,actual,4.71
2020-03-04,trend,17.7
2020-03-04,seasonal,-1.32
2020-03-04,residual,-11.68
2020-03-05,actual,4.71
2020-03-05,trend,21.28
2020-03-05,seasonal,-10.84
2020-03-05,residual,-5.72
2020-03-06,actual,4.71
2020-03-06,trend,24.85
2020-03-06,seasonal,-20.08
2020-03-06,residual,-0.05
2020-03-07,actual,4.71
2020-03-07,trend,28.42
2020-03-07,seasonal,-28.31
2020-03-07,residual,4.6
2020-03-08,actual,55.86
2020-03-08,trend,61.27
2020-03-08,seasonal,27.86
2020-03-08,residual,-33.26
2020-03-09,actual,55.86
2020-03-09,trend,93.95
2020-03-09,seasonal,18.05
2020-03-09,residual,-56.15
2020-03-10,actual,55.86
2020-03-10,trend,126.64
2020-03-10,seasonal,8.32
2020-03-10,residual,-79.1
2020-03-11,actual,55.86
2020-03-11,trend,159.32
2020-03-11,seasonal,-1.32
2020-03-11,residual,-102.14
2020-03-12,actual,55.86
2020-03-12,trend,192.01
2020-03-12,seasonal,-10.84
2020-03-12,residual,-125.31
2020-03-13,actual,55.86
2020-03-13,trend,224.7
2020-03-13,seasonal,-20.08
2020-03-13,residual,-148.75
2020-03-14,actual,55.86
2020-03-14,trend,257.38
2020-03-14,seasonal,-28.31
2020-03-14,residual,-173.22
2020-03-15,actual,495.0
2020-03-15,trend,518.84
2020-03-15,seasonal,27.86
2020-03-15,residual,-51.7
2020-03-16,actual,495.0
2020-03-16,trend,776.89
2020-03-16,seasonal,18.05
2020-03-16,residual,-299.94
2020-03-17,actual,495.0
2020-03-17,trend,1034.93
2020-03-17,seasonal,8.32
2020-03-17,residual,-548.26
2020-03-18,actual,495.0
2020-03-18,trend,1292.98
2020-03-18,seasonal,-1.32
2020-03-18,residual,-796.66
2020-03-19,actual,495.0
2020-03-19,trend,1551.03
2020-03-19,seasonal,-10.84
2020-03-19,residual,-1045.19
2020-03-20,actual,495.0
2020-03-20,trend,1809.08
2020-03-20,seasonal,-20.08
2020-03-20,residual,-1293.99
2020-03-21,actual,495.0
2020-03-21,trend,2067.12
2020-03-21,seasonal,-28.31
2020-03-21,residual,-1543.82
2020-03-22,actual,3926.57
2020-03-22,trend,2967.15
2020-03-22,seasonal,27.86
2020-03-22,residual,931.56
2020-03-23,actual,3926.57
2020-03-23,trend,3837.9
2020-03-23,seasonal,18.05
2020-03-23,residual,70.61
2020-03-24,actual,3926.57
2020-03-24,trend,4708.66
2020-03-24,seasonal,8.32
2020-03-24,residual,-790.41
2020-03-25,actual,3926.57
2020-03-25,trend,5579.41
2020-03-25,seasonal,-1.32
2020-03-25,residual,-1651.52
2020-03-26,actual,3926.57
2020-03-26,trend,6450.16
2020-03-26,seasonal,-10.84
2020-03-26,residual,-2512.75
2020-03-27,actual,3926.57
2020-03-27,trend,7320.92
2020-03-27,seasonal,-20.08
2020-03-27,residual,-3374.26
2020-03-28,actual,3926.57
2020-03-28,trend,8191.67
2020-03-28,seasonal,-28.31
2020-03-28,residual,-4236.79
2020-03-29,actual,13556.29
2020-03-29,trend,9836.3
2020-03-29,seasonal,27.86
2020-03-29,residual,3692.14
2020-03-30,actual,13556.29
2020-03-30,trend,11252.15
2020-03-30,seasonal,18.05
2020-03-30,residual,2286.08
2020-03-31,actual,13556.29
2020-03-31,trend,12668.01
2020-03-31,seasonal,8.32
2020-03-31,residual,879.96
2020-04-01,actual,13556.29
2020-04-01,trend,14083.87
2020-04-01,seasonal,-1.32
2020-04-01,residual,-526.26
2020-04-02,actual,13556.29
2020-04-02,trend,15499.73
2020-04-02,seasonal,-10.84
2020-04-02,residual,-1932.59
2020-04-03,actual,13556.29
2020-04-03,trend,16915.58
2020-04-03,seasonal,-20.08
2020-04-03,residual,-3339.21
2020-04-04,actual,13556.29
2020-04-04,trend,18331.44
2020-04-04,seasonal,-28.31
2020-04-04,residual,-4746.85
2020-04-05,actual,25164.43
2020-04-05,trend,20157.02
2020-04-05,seasonal,27.86
2020-04-05,residual,4979.55
2020-04-06,actual,25164.43
2020-04-06,trend,21340.62
2020-04-06,seasonal,18.05
2020-04-06,residual,3805.75
2020-04-07,actual,25164.43
2020-04-07,trend,22524.22
2020-04-07,seasonal,8.32
2020-04-07,residual,2631.89
2020-04-08,actual,25164.43
2020-04-08,trend,23707.82
2020-04-08,seasonal,-1.32
2020-04-08,residual,1457.93
2020-04-09,actual,25164.43
2020-04-09,trend,24891.42
2020-04-09,seasonal,-10.84
2020-04-09,residual,283.85
2020-04-10,actual,25164.43
2020-04-10,trend,26075.02
2020-04-10,seasonal,-20.08
2020-04-10,residual,-890.51
2020-04-11,actual,25164.43
2020-04-11,trend,27258.62
2020-04-11,seasonal,-28.31
2020-04-11,residual,-2065.89
2020-04-12,actual,31310.29
2020-04-12,trend,28222.96
2020-04-12,seasonal,27.86
2020-04-12,residual,3059.47
2020-04-13,actual,31310.29
2020-04-13,trend,28413.43
2020-04-13,seasonal,18.05
2020-04-13,residual,2878.8
2020-04-14,actual,31310.29
2020-04-14,trend,28603.9
2020-04-14,seasonal,8.32
2020-04-14,residual,2698.07
2020-04-15,actual,31310.29
2020-04-15,trend,28794.36
2020-04-15,seasonal,-1.32
2020-04-15,residual,2517.24
2020-04-16,actual,31310.29
2020-04-16,trend,28984.83
2020-04-16,seasonal,-10.84
2020-04-16,residual,2336.3
2020-04-17,actual,31310.29
2020-04-17,trend,29175.3
2020-04-17,seasonal,-20.08
2020-04-17,residual,2155.07
2020-04-18,actual,31310.29
2020-04-18,trend,29365.76
2020-04-18,seasonal,-28.31
2020-04-18,residual,1972.83
2020-04-19,actual,28021.43
2020-04-19,trend,29642.09
2020-04-19,seasonal,27.86
2020-04-19,residual,-1648.51
2020-04-20,actual,28021.43
2020-04-20,trend,29508.69
2020-04-20,seasonal,18.05
2020-04-20,residual,-1505.31
2020-04-21,actual,28021.43
2020-04-21,trend,29375.29
2020-04-21,seasonal,8.32
2020-04-21,residual,-1362.18
2020-04-22,actual,28021.43
2020-04-22,trend,29241.89
2020-04-22,seasonal,-1.32
2020-04-22,residual,-1219.14
2020-04-23,actual,28021.43
2020-04-23,trend,29108.49
2020-04-23,seasonal,-10.84
2020-04-23,residual,-1076.22
2020-04-24,actual,28021.43
2020-04-24,trend,28975.09
2020-04-24,seasonal,-20.08
2020-04-24,residual,-933.58
2020-04-25,actual,28021.43
2020-04-25,trend,28841.69
2020-04-25,seasonal,-28.31
2020-04-25,residual,-791.95
2020-04-26,actual,29309.29
2020-04-26,trend,28644.2
2020-04-26,seasonal,27.86
2020-04-26,residual,637.23
2020-04-27,actual,29309.29
2020-04-27,trend,28665.97
2020-04-27,seasonal,18.05
2020-04-27,residual,625.26
2020-04-28,actual,29309.29
2020-04-28,trend,28687.75
2020-04-28,seasonal,8.32
2020-04-28,residual,613.22
2020-04-29,actual,29309.29
2020-04-29,trend,28709.52
2020-04-29,seasonal,-1.32
2020-04-29,residual,601.09
2020-04-30,actual,29309.29
2020-04-30,trend,28731.29
2020-04-30,seasonal,-10.84
2020-04-30,residual,588.84
2020-05-01,actual,29309.29
2020-05-01,trend,28753.06
2020-05-01,seasonal,-20.08
2020-05-01,residual,576.31
2020-05-02,actual,29309.29
2020-05-02,trend,28774.83
2020-05-02,seasonal,-28.31
2020-05-02,residual,562.76
2020-05-03,actual,28348.0
2020-05-03,trend,28642.41
2020-05-03,seasonal,27.86
2020-05-03,residual,-322.27
2020-05-04,actual,28348.0
2020-05-04,trend,28424.13
2020-05-04,seasonal,18.05
2020-05-04,residual,-94.19
2020-05-05,actual,28348.0
2020-05-05,trend,28205.86
2020-05-05,seasonal,8.32
2020-05-05,residual,133.82
2020-05-06,actual,28348.0
2020-05-06,trend,27987.58
2020-05-06,seasonal,-1.32
2020-05-06,residual,361.74
2020-05-07,actual,28348.0
2020-05-07,trend,27769.3
2020-05-07,seasonal,-10.84
2020-05-07,residual,589.54
2020-05-08,actual,28348.0
2020-05-08,trend,27551.03
2020-05-08,seasonal,-20.08
2020-05-08,residual,817.05
2020-05-09,actual,28348.0
2020-05-09,trend,27332.75
2020-05-09,seasonal,-28.31
2020-05-09,residual,1043.55
2020-05-10,actual,26035.14
2020-05-10,trend,26988.63
2020-05-10,seasonal,27.86
2020-05-10,residual,-981.34
2020-05-11,actual,26035.14
2020-05-11,trend,26708.59
2020-05-11,seasonal,18.05
2020-05-11,residual,-691.5
2020-05-12,actual,26035.14
2020-05-12,trend,26428.55
2020-05-12,seasonal,8.32
2020-05-12,residual,-401.73
2020-05-13,actual,26035.14
2020-05-13,trend,26148.51
2020-05-13,seasonal,-1.32
2020-05-13,residual,-112.05
2020-05-14,actual,26035.14
2020-05-14,trend,25868.48
2020-05-14,seasonal,-10.84
2020-05-14,residual,177.51
2020-05-15,actual,26035.14
2020-05-15,trend,25588.44
2020-05-15,seasonal,-20.08
2020-05-15,residual,466.79
2020-05-16,actual,26035.14
2020-05-16,trend,25308.4
2020-05-16,seasonal,-28.31
2020-05-16,residual,755.05
2020-05-17,actual,24147.43
2020-05-17,trend,25002.58
2020-05-17,seasonal,27.86
2020-05-17,residual,-883.01
2020-05-18,actual,24147.43
2020-05-18,trend,24850.95
2020-05-18,seasonal,18.05
2020-05-18,residual,-721.58
2020-05-19,actual,24147.43
2020-05-19,trend,24699.32
2020-05-19,seasonal,8.32
2020-05-19,residual,-560.22
2020-05-20,actual,24147.43
2020-05-20,trend,24547.69
2020-05-20,seasonal,-1.32
2020-05-20,residual,-398.94
2020-05-21,actual,24147.43
2020-05-21,trend,24396.07
2020-05-21,seasonal,-10.84
2020-05-21,residual,-237.79
2020-05-22,actual,24147.43
2020-05-22,trend,24244.44
2020-05-22,seasonal,-20.08
2020-05-22,residual,-76.92
2020-05-23,actual,24147.43
2020-05-23,trend,24092.81
2020-05-23,seasonal,-28.31
2020-05-23,residual,82.93
2020-05-24,actual,23760.71
2020-05-24,trend,23751.76
2020-05-24,seasonal,27.86
2020-05-24,residual,-18.91
2020-05-25,actual,23760.71
2020-05-25,trend,23536.56
2020-05-25,seasonal,18.05
2020-05-25,residual,206.09
2020-05-26,actual,23760.71
2020-05-26,trend,23321.36
2020-05-26,seasonal,8.32
2020-05-26,residual,431.03
2020-05-27,actual,23760.71
2020-05-27,trend,23106.16
2020-05-27,seasonal,-1.32
2020-05-27,residual,655.87
2020-05-28,actual,23760.71
2020-05-28,trend,22890.96
2020-05-28,seasonal,-10.84
2020-05-28,residual,880.59
2020-05-29,actual,23760.71
2020-05-29,trend,22675.76
2020-05-29,seasonal,-20.08
2020-05-29,residual,1105.03
2020-05-30,actual,23760.71
2020-05-30,trend,22460.56
2020-05-30,seasonal,-28.31
2020-05-30,residual,1328.45
2020-05-31,actual,20919.43
2020-05-31,trend,22277.21
2020-05-31,seasonal,27.86
2020-05-31,residual,-1385.63
2020-06-01,actual,20919.43
2020-06-01,trend,22119.64
2020-06-01,seasonal,18.05
2020-06-01,residual,-1218.26
2020-06-02,actual,20919.43
2020-06-02,trend,21962.07
2020-06-02,seasonal,8.32
2020-06-02,residual,-1050.96
2020-06-03,actual,20919.43
2020-06-03,trend,21804.49
2020-06-03,seasonal,-1.32
2020-06-03,residual,-883.74
2020-06-04,actual,20919.43
2020-06-04,trend,21646.92
2020-06-04,seasonal,-10.84
2020-06-04,residual,-716.65
2020-06-05,actual,20919.43
2020-06-05,trend,21489.35
2020-06-05,seasonal,-20.08
2020-06-05,residual,-549.84
2020-06-06,actual,20919.43
2020-06-06,trend,21331.78
2020-06-06,seasonal,-28.31
2020-06-06,residual,-384.04
2020-06-07,actual,21397.14
2020-06-07,trend,21194.17
2020-06-07,seasonal,27.86
2020-06-07,residual,175.11
2020-06-08,actual,21397.14
2020-06-08,trend,21245.98
2020-06-08,seasonal,18.05
2020-06-08,residual,133.11
2020-06-09,actual,21397.14
2020-06-09,trend,21297.79
2020-06-09,seasonal,8.32
2020-06-09,residual,91.03
2020-06-10,actual,21397.14
2020-06-10,trend,21349.6
2020-06-10,seasonal,-1.32
2020-06-10,residual,48.86
2020-06-11,actual,21397.14
2020-06-11,trend,21401.41
2020-06-11,seasonal,-10.84
2020-06-11,residual,6.57
2020-06-12,actual,21397.14
2020-06-12,trend,21453.22
2020-06-12,seasonal,-20.08
2020-06-12,residual,-35.99
2020-06-13,actual,21397.14
2020-06-13,trend,21505.03
2020-06-13,seasonal,-28.31
2020-06-13,residual,-79.58
2020-06-14,actual,21696.57
2020-06-14,trend,21824.88
2020-06-14,seasonal,27.86
2020-06-14,residual,-156.17
2020-06-15,actual,21696.57
2020-06-15,trend,22112.89
2020-06-15,seasonal,18.05
2020-06-15,residual,-434.38
2020-06-16,actual,21696.57
2020-06-16,trend,22400.9
2020-06-16,seasonal,8.32
2020-06-16,residual,-712.66
2020-06-17,actual,21696.57
2020-06-17,trend,22688.91
2020-06-17,seasonal,-1.32
2020-06-17,residual,-991.02
2020-06-18,actual,21696.57
2020-06-18,trend,22976.92
2020-06-18,seasonal,-10.84
2020-06-18,residual,-1269.51
2020-06-19,actual,21696.57
2020-06-19,trend,23264.93
2020-06-19,seasonal,-20.08
2020-06-19,residual,-1548.28
2020-06-20,actual,21696.57
2020-06-20,trend,23552.94
2020-06-20,seasonal,-28.31
2020-06-20,residual,-1828.07
2020-06-21,actual,25717.29
2020-06-21,trend,24586.26
2020-06-21,seasonal,27.86
2020-06-21,residual,1103.18
2020-06-22,actual,25717.29
2020-06-22,trend,25599.61
2020-06-22,seasonal,18.05
2020-06-22,residual,99.62
2020-06-23,actual,25717.29
2020-06-23,trend,26612.96
2020-06-23,seasonal,8.32
2020-06-23,residual,-904.0
2020-06-24,actual,25717.29
2020-06-24,trend,27626.32
2020-06-24,seasonal,-1.32
2020-06-24,residual,-1907.71
2020-06-25,actual,25717.29
2020-06-25,trend,28639.67
2020-06-25,seasonal,-10.84
2020-06-25,residual,-2911.54
2020-06-26,actual,25717.29
2020-06-26,trend,29653.02
2020-06-26,seasonal,-20.08
2020-06-26,residual,-3915.65
2020-06-27,actual,25717.29
2020-06-27,trend,30666.37
2020-06-27,seasonal,-28.31
2020-06-27,residual,-4920.78
2020-06-28,actual,36896.86
2020-06-28,trend,32478.66
2020-06-28,seasonal,27.86
2020-06-28,residual,4390.34
2020-06-29,actual,36896.86
2020-06-29,trend,34022.9
2020-06-29,seasonal,18.05
2020-06-29,residual,2855.91
2020-06-30,actual,36896.86
2020-06-30,trend,35567.14
2020-06-30,seasonal,8.32
2020-06-30,residual,1321.4
2020-07-01,actual,36896.86
2020-07-01,trend,37111.37
2020-07-01,seasonal,-1.32
2020-07-01,residual,-213.2
2020-07-02,actual,36896.86
2020-07-02,trend,38655.61
2020-07-02,seasonal,-10.84
2020-07-02,residual,-1747.91
2020-07-03,actual,36896.86
2020-07-03,trend,40199.85
2020-07-03,seasonal,-20.08
2020-07-03,residual,-3282.91
2020-07-04,actual,36896.86
2020-07-04,trend,41744.09
2020-07-04,seasonal,-28.31
2020-07-04,residual,-4818.92
2020-07-05,actual,48880.86
2020-07-05,trend,43764.89
2020-07-05,seasonal,27.86
2020-07-05,residual,5088.12
2020-07-06,actual,48880.86
2020-07-06,trend,45040.38
2020-07-06,seasonal,18.05
2020-07-06,residual,3822.42
2020-07-07,actual,48880.86
2020-07-07,trend,46315.88
2020-07-07,seasonal,8.32
2020-07-07,residual,2556.66
2020-07-08,actual,48880.86
2020-07-08,trend,47591.37
2020-07-08,seasonal,-1.32
2020-07-08,residual,1290.8
2020-07-09,actual,48880.86
2020-07-09,trend,48866.87
2020-07-09,seasonal,-10.84
2020-07-09,residual,24.83
2020-07-10,actual,48880.86
2020-07-10,trend,50142.37
2020-07-10,seasonal,-20.08
2020-07-10,residual,-1241.42
2020-07-11,actual,48880.86
2020-07-11,trend,51417.86
2020-07-11,seasonal,-28.31
2020-07-11,residual,-2508.7
2020-07-12,actual,56029.29
2020-07-12,trend,53398.71
2020-07-12,seasonal,27.86
2020-07-12,residual,2602.73
2020-07-13,actual,56029.29
2020-07-13,trend,54580.62
2020-07-13,seasonal,18.05
2020-07-13,residual,1430.61
2020-07-14,actual,56029.29
2020-07-14,trend,55762.54
2020-07-14,seasonal,8.32
2020-07-14,residual,258.43
2020-07-15,actual,56029.29
2020-07-15,trend,56944.45
2020-07-15,seasonal,-1.32
2020-07-15,residual,-913.84
2020-07-16,actual,56029.29
2020-07-16,trend,58126.36
2020-07-16,seasonal,-10.84
2020-07-16,residual,-2086.23
2020-07-17,actual,56029.29
2020-07-17,trend,59308.28
2020-07-17,seasonal,-20.08
2020-07-17,residual,-3258.91
2020-07-18,actual,56029.29
2020-07-18,trend,60490.19
2020-07-18,seasonal,-28.31
2020-07-18,residual,-4432.6
2020-07-19,actual,66609.57
2020-07-19,trend,61687.67
2020-07-19,seasonal,27.86
2020-07-19,residual,4894.05
2020-07-20,actual,66609.57
2020-07-20,trend,62408.58
2020-07-20,seasonal,18.05
2020-07-20,residual,4182.93
2020-07-21,actual,66609.57
2020-07-21,trend,63129.5
2020-07-21,seasonal,8.32
2020-07-21,residual,3471.75
2020-07-22,actual,66609.57
2020-07-22,trend,63850.41
2020-07-22,seasonal,-1.32
2020-07-22,residual,2760.48
2020-07-23,actual,66609.57
2020-07-23,trend,64571.32
2020-07-23,seasonal,-10.84
2020-07-23,residual,2049.09
2020-07-24,actual,66609.57
2020-07-24,trend,65292.24
2020-07-24,seasonal,-20.08
2020-07-24,residual,1337.41
2020-07-25,actual,66609.57
2020-07-25,trend,66013.15
2020-07-25,seasonal,-28.31
2020-07-25,residual,624.72
2020-07-26,actual,66843.0
2020-07-26,trend,66385.01
2020-07-26,seasonal,27.86
2020-07-26,residual,430.14
2020-07-27,actual,66843.0
2020-07-27,trend,66051.51
2020-07-27,seasonal,18.05
2020-07-27,residual,773.43
2020-07-28,actual,66843.0
2020-07-28,trend,65718.02
2020-07-28,seasonal,8.32
2020-07-28,residual,1116.66
2020-07-29,actual,66843.0
2020-07-29,trend,65384.52
2020-07-29,seasonal,-1.32
2020-07-29,residual,1459.8
2020-07-30,actual,66843.0
2020-07-30,trend,65051.03
2020-07-30,seasonal,-10.84
2020-07-30,residual,1802.81
2020-07-31,actual,66843.0
2020-07-31,trend,64717.53
2020-07-31,seasonal,-20.08
2020-07-31,residual,2145.55
2020-08-01,actual,66843.0
2020-08-01,trend,64384.04
2020-08-01,seasonal,-28.31
2020-08-01,residual,2487.27
2020-08-02,actual,61607.14
2020-08-02,trend,63523.48
2020-08-02,seasonal,27.86
2020-08-02,residual,-1944.2
2020-08-03,actual,61607.14
2020-08-03,trend,62647.37
2020-08-03,seasonal,18.05
2020-08-03,residual,-1058.29
2020-08-04,actual,61607.14
2020-08-04,trend,61771.26
2020-08-04,seasonal,8.32
2020-08-04,residual,-172.44
2020-08-05,actual,61607.14
2020-08-05,trend,60895.14
2020-08-05,seasonal,-1.32
2020-08-05,residual,713.32
2020-08-06,actual,61607.14
2020-08-06,trend,60019.03
2020-08-06,seasonal,-10.84
2020-08-06,residual,1598.95
2020-08-07,actual,61607.14
2020-08-07,trend,59142.91
2020-08-07,seasonal,-20.08
2020-08-07,residual,2484.31
2020-08-08,actual,61607.14
2020-08-08,trend,58266.8
2020-08-08,seasonal,-28.31
2020-08-08,residual,3368.64
2020-08-09,actual,53701.29
2020-08-09,trend,57264.52
2020-08-09,seasonal,27.86
2020-08-09,residual,-3591.09
2020-08-10,actual,53701.29
2020-08-10,trend,56611.31
2020-08-10,seasonal,18.05
2020-08-10,residual,-2928.07
2020-08-11,actual,53701.29
2020-08-11,trend,55958.09
2020-08-11,seasonal,8.32
2020-08-11,residual,-2265.12
2020-08-12,actual,53701.29
2020-08-12,trend,55304.87
2020-08-12,seasonal,-1.32
2020-08-12,residual,-1602.26
2020-08-13,actual,53701.29
2020-08-13,trend,54651.65
2020-08-13,seasonal,-10.84
2020-08-13,residual,-939.52
2020-08-14,actual,53701.29
2020-08-14,trend,53998.43
2020-08-14,seasonal,-20.08
2020-08-14,residual,-277.06
2020-08-15,actual,53701.29
2020-08-15,trend,53345.21
2020-08-15,seasonal,-28.31
2020-08-15,residual,384.38
2020-08-16,actual,51808.86
2020-08-16,trend,52245.57
2020-08-16,seasonal,27.86
2020-08-16,residual,-464.57
2020-08-17,actual,51808.86
2020-08-17,trend,51672.99
2020-08-17,seasonal,18.05
2020-08-17,residual,117.81
2020-08-18,actual,51808.86
2020-08-18,trend,51100.41
2020-08-18,seasonal,8.32
2020-08-18,residual,700.13
2020-08-19,actual,51808.86
2020-08-19,trend,50527.83
2020-08-19,seasonal,-1.32
2020-08-19,residual,1282.35
2020-08-20,actual,51808.86
2020-08-20,trend,49955.25
2020-08-20,seasonal,-10.84
2020-08-20,residual,1864.45
2020-08-21,actual,51808.86
2020-08-21,trend,49382.67
2020-08-21,seasonal,-20.08
2020-08-21,residual,2446.27
2020-08-22,actual,51808.86
2020-08-22,trend,48810.09
2020-08-22,seasonal,-28.31
2020-08-22,residual,3027.08
2020-08-23,actual,45112.57
2020-08-23,trend,48039.01
2020-08-23,seasonal,27.86
2020-08-23,residual,-2954.3
2020-08-24,actual,45112.57
2020-08-24,trend,47394.1
2020-08-24,seasonal,18.05
2020-08-24,residual,-2299.58
2020-08-25,actual,45112.57
2020-08-25,trend,46749.18
2020-08-25,seasonal,8.32
2020-08-25,residual,-1644.93
2020-08-26,actual,45112.57
2020-08-26,trend,46104.27
2020-08-26,seasonal,-1.32
2020-08-26,residual,-990.38
2020-08-27,actual,45112.57
2020-08-27,trend,45459.35
2020-08-27,seasonal,-10.84
2020-08-27,residual,-335.94
2020-08-28,actual,45112.57
2020-08-28,trend,44814.44
2020-08-28,seasonal,-20.08
2020-08-28,residual,318.22
2020-08-29,actual,45112.57
2020-08-29,trend,44169.52
2020-08-29,seasonal,-28.31
2020-08-29,residual,971.35
2020-08-30,actual,42135.14
2020-08-30,trend,43527.53
2020-08-30,seasonal,27.86
2020-08-30,residual,-1420.25
2020-08-31,actual,42135.14
2020-08-31,trend,43331.96
2020-08-31,seasonal,18.05
2020-08-31,residual,-1214.87
2020-09-01,actual,42135.14
2020-09-01,trend,43136.39
2020-09-01,seasonal,8.32
2020-09-01,residual,-1009.57
2020-09-02,actual,42135.14
2020-09-02,trend,42940.82
2020-09-02,seasonal,-1.32
2020-09-02,residual,-804.36
2020-09-03,actual,42135.14
2020-09-03,trend,42745.25
2020-09-03,seasonal,-10.84
2020-09-03,residual,-599.26
2020-09-04,actual,42135.14
2020-09-04,trend,42549.67
2020-09-04,seasonal,-20.08
2020-09-04,residual,-394.45
2020-09-05,actual,42135.14
2020-09-05,trend,42354.1
2020-09-05,seasonal,-28.31
2020-09-05,residual,-190.66
2020-09-06,actual,42179.0
2020-09-06,trend,41685.85
2020-09-06,seasonal,27.86
2020-09-06,residual,465.3
2020-09-07,actual,42179.0
2020-09-07,trend,41216.08
2020-09-07,seasonal,18.05
2020-09-07,residual,944.86
2020-09-08,actual,42179.0
2020-09-08,trend,40746.32
2020-09-08,seasonal,8.32
2020-09-08,residual,1424.36
2020-09-09,actual,42179.0
2020-09-09,trend,40276.56
2020-09-09,seasonal,-1.32
2020-09-09,residual,1903.76
2020-09-10,actual,42179.0
2020-09-10,trend,39806.8
2020-09-10,seasonal,-10.84
2020-09-10,residual,2383.04
2020-09-11,actual,42179.0
2020-09-11,trend,39337.04
2020-09-11,seasonal,-20.08
2020-09-11,residual,2862.05
2020-09-12,actual,42179.0
2020-09-12,trend,38867.27
2020-09-12,seasonal,-28.31
2020-09-12,residual,3340.03
2020-09-13,actual,35088.71
2020-09-13,trend,38734.24
2020-09-13,seasonal,27.86
2020-09-13,residual,-3673.38
2020-09-14,actual,35088.71
2020-09-14,trend,38598.27
2020-09-14,seasonal,18.05
2020-09-14,residual,-3527.62
2020-09-15,actual,35088.71
2020-09-15,trend,38462.31
2020-09-15,seasonal,8.32
2020-09-15,residual,-3381.92
2020-09-16,actual,35088.71
2020-09-16,trend,38326.35
2020-09-16,seasonal,-1.32
2020-09-16,residual,-3236.32
2020-09-17,actual,35088.71
2020-09-17,trend,38190.39
2020-09-17,seasonal,-10.84
2020-09-17,residual,-3090.84
2020-09-18,actual,35088.71
2020-09-18,trend,38054.43
2020-09-18,seasonal,-20.08
2020-09-18,residual,-2945.63
2020-09-19,actual,35088.71
2020-09-19,trend,37918.46
2020-09-19,seasonal,-28.31
2020-09-19,residual,-2801.45
2020-09-20,actual,40139.57
2020-09-20,trend,38009.14
2020-09-20,seasonal,27.86
2020-09-20,residual,2102.57
2020-09-21,actual,40139.57
2020-09-21,trend,38572.5
2020-09-21,seasonal,18.05
2020-09-21,residual,1549.01
2020-09-22,actual,40139.57
2020-09-22,trend,39135.86
2020-09-22,seasonal,8.32
2020-09-22,residual,995.38
2020-09-23,actual,40139.57
2020-09-23,trend,39699.23
2020-09-23,seasonal,-1.32
2020-09-23,residual,441.66
2020-09-24,actual,40139.57
2020-09-24,trend,40262.59
2020-09-24,seasonal,-10.84
2020-09-24,residual,-112.18
2020-09-25,actual,40139.57
2020-09-25,trend,40825.95
2020-09-25,seasonal,-20.08
2020-09-25,residual,-666.3
2020-09-26,actual,40139.57
2020-09-26,trend,41389.31
2020-09-26,seasonal,-28.31
2020-09-26,residual,-1221.44
2020-09-27,actual,43539.14
2020-09-27,trend,41891.47
2020-09-27,seasonal,27.86
2020-09-27,residual,1619.81
2020-09-28,actual,43539.14
2020-09-28,trend,42056.91
2020-09-28,seasonal,18.05
2020-09-28,residual,1464.17
2020-09-29,actual,43539.14
2020-09-29,trend,42222.35
2020-09-29,seasonal,8.32
2020-09-29,residual,1308.47
2020-09-30,actual,43539.14
2020-09-30,trend,42387.79
2020-09-30,seasonal,-1.32
2020-09-30,residual,1152.67
2020-10-01,actual,43539.14
2020-10-01,trend,42553.23
2020-10-01,seasonal,-10.84
2020-10-01,residual,996.76
2020-10-02,actual,43539.14
2020-10-02,trend,42718.66
2020-10-02,seasonal,-20.08
2020-10-02,residual,840.56
2020-10-03,actual,43539.14
2020-10-03,trend,42884.1
2020-10-03,seasonal,-28.31
2020-10-03,residual,683.34
2020-10-04,actual,42621.14
2020-10-04,trend,43391.45
2020-10-04,seasonal,27.86
2020-10-04,residual,-798.17
2020-10-05,actual,42621.14
2020-10-05,trend,43672.17
2020-10-05,seasonal,18.05
2020-10-05,residual,-1069.08
2020-10-06,actual,42621.14
2020-10-06,trend,43952.88
2020-10-06,seasonal,8.32
2020-10-06,residual,-1340.07
2020-10-07,actual,42621.14
2020-10-07,trend,44233.6
2020-10-07,seasonal,-1.32
2020-10-07,residual,-1611.14
2020-10-08,actual,42621.14
2020-10-08,trend,44514.31
2020-10-08,seasonal,-10.84
2020-10-08,residual,-1882.33
2020-10-09,actual,42621.14
2020-10-09,trend,44795.03
2020-10-09,seasonal,-20.08
2020-10-09,residual,-2153.81
2020-10-10,actual,42621.14
2020-10-10,trend,45075.74
2020-10-10,seasonal,-28.31
2020-10-10,residual,-2426.3
2020-10-11,actual,47749.86
2020-10-11,trend,45864.89
2020-10-11,seasonal,27.86
2020-10-11,residual,1857.12
2020-10-12,actual,47749.86
2020-10-12,trend,46715.23
2020-10-12,seasonal,18.05
2020-10-12,residual,1016.58
2020-10-13,actual,47749.86
2020-10-13,trend,47565.57
2020-10-13,seasonal,8.32
2020-10-13,residual,175.96
2020-10-14,actual,47749.86
2020-10-14,trend,48415.92
2020-10-14,seasonal,-1.32
2020-10-14,residual,-664.74
2020-10-15,actual,47749.86
2020-10-15,trend,49266.26
2020-10-15,seasonal,-10.84
2020-10-15,residual,-1505.56
2020-10-16,actual,47749.86
2020-10-16,trend,50116.6
2020-10-16,seasonal,-20.08
2020-10-16,residual,-2346.66
2020-10-17,actual,47749.86
2020-10-17,trend,50966.95
2020-10-17,seasonal,-28.31
2020-10-17,residual,-3188.78
2020-10-18,actual,55376.29
2020-10-18,trend,52405.9
2020-10-18,seasonal,27.86
2020-10-18,residual,2942.54
2020-10-19,actual,55376.29
2020-10-19,trend,53502.94
2020-10-19,seasonal,18.05
2020-10-19,residual,1855.3
2020-10-20,actual,55376.29
2020-10-20,trend,54599.97
2020-10-20,seasonal,8.32
2020-10-20,residual,767.99
2020-10-21,actual,55376.29
2020-10-21,trend,55697.01
2020-10-21,seasonal,-1.32
2020-10-21,residual,-319.4
2020-10-22,actual,55376.29
2020-10-22,trend,56794.05
2020-10-22,seasonal,-10.84
2020-10-22,residual,-1406.92
2020-10-23,actual,55376.29
2020-10-23,trend,57891.09
2020-10-23,seasonal,-20.08
2020-10-23,residual,-2494.72
2020-10-24,actual,55376.29
2020-10-24,trend,58988.13
2020-10-24,seasonal,-28.31
2020-10-24,residual,-3583.53
2020-10-25,actual,64205.43
2020-10-25,trend,61132.36
2020-10-25,seasonal,27.86
2020-10-25,residual,3045.21
2020-10-26,actual,64205.43
2020-10-26,trend,62768.17
2020-10-26,seasonal,18.05
2020-10-26,residual,1419.2
2020-10-27,actual,64205.43
2020-10-27,trend,64403.98
2020-10-27,seasonal,8.32
2020-10-27,residual,-206.88
2020-10-28,actual,64205.43
2020-10-28,trend,66039.79
2020-10-28,seasonal,-1.32
2020-10-28,residual,-1833.04
2020-10-29,actual,64205.43
2020-10-29,trend,67675.6
2020-10-29,seasonal,-10.84
2020-10-29,residual,-3459.33
2020-10-30,actual,64205.43
2020-10-30,trend,69311.41
2020-10-30,seasonal,-20.08
2020-10-30,residual,-5085.9
2020-10-31,actual,64205.43
2020-10-31,trend,70947.22
2020-10-31,seasonal,-28.31
2020-10-31,residual,-6713.49
2020-11-01,actual,79913.43
2020-11-01,trend,74780.17
2020-11-01,seasonal,27.86
2020-11-01,residual,5105.4
2020-11-02,actual,79913.43
2020-11-02,trend,78024.52
2020-11-02,seasonal,18.05
2020-11-02,residual,1870.86
2020-11-03,actual,79913.43
2020-11-03,trend,81268.86
2020-11-03,seasonal,8.32
2020-11-03,residual,-1363.75
2020-11-04,actual,79913.43
2020-11-04,trend,84513.2
2020-11-04,seasonal,-1.32
2020-11-04,residual,-4598.45
2020-11-05,actual,79913.43
2020-11-05,trend,87757.54
2020-11-05,seasonal,-10.84
2020-11-05,residual,-7833.27
2020-11-06,actual,79913.43
2020-11-06,trend,91001.89
2020-11-06,seasonal,-20.08
2020-11-06,residual,-11068.37
2020-11-07,actual,79913.43
2020-11-07,trend,94246.23
2020-11-07,seasonal,-28.31
2020-11-07,residual,-14304.49
2020-11-08,actual,112870.57
2020-11-08,trend,99535.82
2020-11-08,seasonal,27.86
2020-11-08,residual,13306.89
2020-11-09,actual,112870.57
2020-11-09,trend,103778.21
2020-11-09,seasonal,18.05
2020-11-09,residual,9074.31
2020-11-10,actual,112870.57
2020-11-10,trend,108020.6
2020-11-10,seasonal,8.32
2020-11-10,residual,4841.65
2020-11-11,actual,112870.57
2020-11-11,trend,112262.99
2020-11-11,seasonal,-1.32
2020-11-11,residual,608.9
2020-11-12,actual,112870.57
2020-11-12,trend,116505.38
2020-11-12,seasonal,-10.84
2020-11-12,residual,-3623.97
2020-11-13,actual,112870.57
2020-11-13,trend,120747.77
2020-11-13,seasonal,-20.08
2020-11-13,residual,-7857.12
2020-11-14,actual,112870.57
2020-11-14,trend,124990.16
2020-11-14,seasonal,-28.31
2020-11-14,residual,-12091.29
2020-11-15,actual,143549.29
2020-11-15,trend,130857.68
2020-11-15,seasonal,27.86
2020-11-15,residual,12663.76
2020-11-16,actual,143549.29
2020-11-16,trend,134528.05
2020-11-16,seasonal,18.05
2020-11-16,residual,9003.19
2020-11-17,actual,143549.29
2020-11-17,trend,138198.42
2020-11-17,seasonal,8.32
2020-11-17,residual,5342.55
2020-11-18,actual,143549.29
2020-11-18,trend,141868.79
2020-11-18,seasonal,-1.32
2020-11-18,residual,1681.82
2020-11-19,actual,143549.29
2020-11-19,trend,145539.16
2020-11-19,seasonal,-10.84
2020-11-19,residual,-1979.03
2020-11-20,actual,143549.29
2020-11-20,trend,149209.53
2020-11-20,seasonal,-20.08
2020-11-20,residual,-5640.16
2020-11-21,actual,143549.29
2020-11-21,trend,152879.91
2020-11-21,seasonal,-28.31
2020-11-21,residual,-9302.31
2020-11-22,actual,167926.14
2020-11-22,trend,156425.69
2020-11-22,seasonal,27.86
2020-11-22,residual,11472.6
2020-11-23,actual,167926.14
2020-11-23,trend,157926.22
2020-11-23,seasonal,18.05
2020-11-23,residual,9981.87
2020-11-24,actual,167926.14
2020-11-24,trend,159426.75
2020-11-24,seasonal,8.32
2020-11-24,residual,8491.06
2020-11-25,actual,167926.14
2020-11-25,trend,160927.29
2020-11-25,seasonal,-1.32
2020-11-25,residual,7000.17
2020-11-26,actual,167926.14
2020-11-26,trend,162427.82
2020-11-26,seasonal,-10.84
2020-11-26,residual,5509.16
2020-11-27,actual,167926.14
2020-11-27,trend,163928.35
2020-11-27,seasonal,-20.08
2020-11-27,residual,4017.87
2020-11-28,actual,167926.14
2020-11-28,trend,165428.89
2020-11-28,seasonal,-28.31
2020-11-28,residual,2525.56
2020-11-29,actual,166057.29
2020-11-29,trend,168058.29
2020-11-29,seasonal,27.86
2020-11-29,residual,-2028.85
2020-11-30,actual,166057.29
2020-11-30,trend,169062.56
2020-11-30,seasonal,18.05
2020-11-30,residual,-3023.33
2020-12-01,actual,166057.29
2020-12-01,trend,170066.84
2020-12-01,seasonal,8.32
2020-12-01,residual,-4017.87
2020-12-02,actual,166057.29
2020-12-02,trend,171071.12
2020-12-02,seasonal,-1.32
2020-12-02,residual,-5012.51
2020-12-03,actual,166057.29
2020-12-03,trend,172075.39
2020-12-03,seasonal,-10.84
2020-12-03,residual,-6007.26
2020-12-04,actual,166057.29
2020-12-04,trend,173079.67
2020-12-04,seasonal,-20.08
2020-12-04,residual,-7002.3
2020-12-05,actual,166057.29
2020-12-05,trend,174083.95
2020-12-05,seasonal,-28.31
2020-12-05,residual,-7998.35
2020-12-06,actual,182990.29
2020-12-06,trend,176874.41
2020-12-06,seasonal,27.86
2020-12-06,residual,6088.02
2020-12-07,actual,182990.29
2020-12-07,trend,179789.47
2020-12-07,seasonal,18.05
2020-12-07,residual,3182.77
2020-12-08,actual,182990.29
2020-12-08,trend,182704.53
2020-12-08,seasonal,8.32
2020-12-08,residual,277.44
2020-12-09,actual,182990.29
2020-12-09,trend,185619.58
2020-12-09,seasonal,-1.32
2020-12-09,residual,-2627.97
2020-12-10,actual,182990.29
2020-12-10,trend,188534.64
2020-12-10,seasonal,-10.84
2020-12-10,residual,-5533.51
2020-12-11,actual,182990.29
2020-12-11,trend,191449.7
2020-12-11,seasonal,-20.08
2020-12-11,residual,-8439.32
2020-12-12,actual,182990.29
2020-12-12,trend,194364.75
2020-12-12,seasonal,-28.31
2020-12-12,residual,-11346.16
2020-12-13,actual,209783.14
2020-12-13,trend,197750.72
2020-12-13,seasonal,27.86
2020-12-13,residual,12004.56
2020-12-14,actual,209783.14
2020-12-14,trend,200007.83
2020-12-14,seasonal,18.05
2020-12-14,residual,9757.26
2020-12-15,actual,209783.14
2020-12-15,trend,202264.93
2020-12-15,seasonal,8.32
2020-12-15,residual,7509.88
2020-12-16,actual,209783.14
2020-12-16,trend,204522.04
2020-12-16,seasonal,-1.32
2020-12-16,residual,5262.42
2020-12-17,actual,209783.14
2020-12-17,trend,206779.14
2020-12-17,seasonal,-10.84
2020-12-17,residual,3014.84
2020-12-18,actual,209783.14
2020-12-18,trend,209036.25
2020-12-18,seasonal,-20.08
2020-12-18,residual,766.97
2020-12-19,actual,209783.14
2020-12-19,trend,211293.35
2020-12-19,seasonal,-28.31
2020-12-19,residual,-1481.91
2020-12-20,actual,216846.86
2020-12-20,trend,212047.54
2020-12-20,seasonal,27.86
2020-12-20,residual,4771.46
2020-12-21,actual,216846.86
2020-12-21,trend,211015.54
2020-12-21,seasonal,18.05
2020-12-21,residual,5813.26
2020-12-22,actual,216846.86
2020-12-22,trend,209983.54
2020-12-22,seasonal,8.32
2020-12-22,residual,6854.99
2020-12-23,actual,216846.86
2020-12-23,trend,208951.54
2020-12-23,seasonal,-1.32
2020-12-23,residual,7896.64
2020-12-24,actual,216846.86
2020-12-24,trend,207919.54
2020-12-24,seasonal,-10.84
2020-12-24,residual,8938.16
2020-12-25,actual,216846.86
2020-12-25,trend,206887.54
2020-12-25,seasonal,-20.08
2020-12-25,residual,9979.4
2020-12-26,actual,216846.86
2020-12-26,trend,205855.54
2020-12-26,seasonal,-28.31
2020-12-26,residual,11019.62
2020-12-27,actual,194303.14
2020-12-27,trend,205022.33
2020-12-27,seasonal,27.86
2020-12-27,residual,-10747.05
2020-12-28,actual,194303.14
2020-12-28,trend,203718.21
2020-12-28,seasonal,18.05
2020-12-28,residual,-9433.12
2020-12-29,actual,194303.14
2020-12-29,trend,202414.09
2020-12-29,seasonal,8.32
2020-12-29,residual,-8119.27
2020-12-30,actual,194303.14
2020-12-30,trend,201109.96
2020-12-30,seasonal,-1.32
2020-12-30,residual,-6805.5
2020-12-31,actual,194303.14
2020-12-31,trend,199805.84
2020-12-31,seasonal,-10.84
2020-12-31,residual,-5491.86
2021-01-01,actual,194303.14
2021-01-01,trend,198501.71
2021-01-01,seasonal,-20.08
2021-01-01,residual,-4178.49
2021-01-02,actual,194303.14
2021-01-02,trend,197197.59
2021-01-02,seasonal,-28.31
2021-01-02,residual,-2866.14
2021-01-03,actual,197285.0
2021-01-03,trend,198618.76
2021-01-03,seasonal,27.86
2021-01-03,residual,-1361.62
2021-01-04,actual,197285.0
2021-01-04,trend,201542.85
2021-01-04,seasonal,18.05
2021-01-04,residual,-4275.9
2021-01-05,actual,197285.0
2021-01-05,trend,204466.93
2021-01-05,seasonal,8.32
2021-01-05,residual,-7190.26
2021-01-06,actual,197285.0
2021-01-06,trend,207391.02
2021-01-06,seasonal,-1.32
2021-01-06,residual,-10104.7
2021-01-07,actual,197285.0
2021-01-07,trend,210315.1
2021-01-07,seasonal,-10.84
2021-01-07,residual,-13019.26
2021-01-08,actual,197285.0
2021-01-08,trend,213239.19
2021-01-08,seasonal,-20.08
2021-01-08,residual,-15934.11
2021-01-09,actual,197285.0
2021-01-09,trend,216163.28
2021-01-09,seasonal,-28.31
2021-01-09,residual,-18849.97
2021-01-10,actual,238164.43
2021-01-10,trend,218352.16
2021-01-10,seasonal,27.86
2021-01-10,residual,19784.41
2021-01-11,actual,238164.43
2021-01-11,trend,220342.26
2021-01-11,seasonal,18.05
2021-01-11,residual,17804.12
2021-01-12,actual,238164.43
2021-01-12,trend,222332.35
2021-01-12,seasonal,8.32
2021-01-12,residual,15823.75
2021-01-13,actual,238164.43
2021-01-13,trend,224322.45
2021-01-13,seasonal,-1.32
2021-01-13,residual,13843.3
2021-01-14,actual,238164.43
2021-01-14,trend,226312.54
2021-01-14,seasonal,-10.84
2021-01-14,residual,11862.73
2021-01-15,actual,238164.43
2021-01-15,trend,228302.64
2021-01-15,seasonal,-20.08
2021-01-15,residual,9881.87
2021-01-16,actual,238164.43
2021-01-16,trend,230292.73
2021-01-16,seasonal,-28.31
2021-01-16,residual,7900.0
2021-01-17,actual,227136.43
2021-01-17,trend,229196.22
2021-01-17,seasonal,27.86
2021-01-17,residual,-2087.65
2021-01-18,actual,227136.43
2021-01-18,trend,225374.41
2021-01-18,seasonal,18.05
2021-01-18,residual,1743.96
2021-01-19,actual,227136.43
2021-01-19,trend,221552.6
2021-01-19,seasonal,8.32
2021-01-19,residual,5575.51
2021-01-20,actual,227136.43
2021-01-20,trend,217730.79
2021-01-20,seasonal,-1.32
2021-01-20,residual,9406.96
2021-01-21,actual,227136.43
2021-01-21,trend,213908.98
2021-01-21,seasonal,-10.84
2021-01-21,residual,13238.29
2021-01-22,actual,227136.43
2021-01-22,trend,210087.17
2021-01-22,seasonal,-20.08
2021-01-22,residual,17069.34
2021-01-23,actual,227136.43
2021-01-23,trend,206265.36
2021-01-23,seasonal,-28.31
2021-01-23,residual,20899.37
2021-01-24,actual,180837.29
2021-01-24,trend,200565.12
2021-01-24,seasonal,27.86
2021-01-24,residual,-19755.68
2021-01-25,actual,180837.29
2021-01-25,trend,195600.07
2021-01-25,seasonal,18.05
2021-01-25,residual,-14780.83
2021-01-26,actual,180837.29
2021-01-26,trend,190635.02
2021-01-26,seasonal,8.32
2021-01-26,residual,-9806.05
2021-01-27,actual,180837.29
2021-01-27,trend,185669.97
2021-01-27,seasonal,-1.32
2021-01-27,residual,-4831.36
2021-01-28,actual,180837.29
2021-01-28,trend,180704.92
2021-01-28,seasonal,-10.84
2021-01-28,residual,143.21
2021-01-29,actual,180837.29
2021-01-29,trend,175739.88
2021-01-29,seasonal,-20.08
2021-01-29,residual,5117.5
2021-01-30,actual,180837.29
2021-01-30,trend,170774.83
2021-01-30,seasonal,-28.31
2021-01-30,residual,10090.77
2021-01-31,actual,152660.71
2021-01-31,trend,163796.69
2021-01-31,seasonal,27.86
2021-01-31,residual,-11163.83
2021-02-01,actual,152660.71
2021-02-01,trend,159905.15
2021-02-01,seasonal,18.05
2021-02-01,residual,-7262.5
2021-02-02,actual,152660.71
2021-02-02,trend,156013.62
2021-02-02,seasonal,8.32
2021-02-02,residual,-3361.23
2021-02-03,actual,152660.71
2021-02-03,trend,152122.09
2021-02-03,seasonal,-1.32
2021-02-03,residual,539.94
2021-02-04,actual,152660.71
2021-02-04,trend,148230.55
2021-02-04,seasonal,-10.84
2021-02-04,residual,4441.0
2021-02-05,actual,152660.71
2021-02-05,trend,144339.02
2021-02-05,seasonal,-20.08
2021-02-05,residual,8341.77
2021-02-06,actual,152660.71
2021-02-06,trend,140447.49
2021-02-06,seasonal,-28.31
2021-02-06,residual,12241.53
2021-02-07,actual,122464.29
2021-02-07,trend,134778.07
2021-02-07,seasonal,27.86
2021-02-07,residual,-12341.63
2021-02-08,actual,122464.29
2021-02-08,trend,130987.09
2021-02-08,seasonal,18.05
2021-02-08,residual,-8540.85
2021-02-09,actual,122464.29
2021-02-09,trend,127196.11
2021-02-09,seasonal,8.32
2021-02-09,residual,-4740.14
2021-02-10,actual,122464.29
2021-02-10,trend,123405.12
2021-02-10,seasonal,-1.32
2021-02-10,residual,-939.52
2021-02-11,actual,122464.29
2021-02-11,trend,119614.14
2021-02-11,seasonal,-10.84
2021-02-11,residual,2860.99
2021-02-12,actual,122464.29
2021-02-12,trend,115823.16
2021-02-12,seasonal,-20.08
2021-02-12,residual,6661.21
2021-02-13,actual,122464.29
2021-02-13,trend,112032.18
2021-02-13,seasonal,-28.31
2021-02-13,residual,10460.41
2021-02-14,actual,95796.0
2021-02-14,trend,106364.18
2021-02-14,seasonal,27.86
2021-02-14,residual,-10596.04
2021-02-15,actual,95796.0
2021-02-15,trend,102709.28
2021-02-15,seasonal,18.05
2021-02-15,residual,-6931.33
2021-02-16,actual,95796.0
2021-02-16,trend,99054.37
2021-02-16,seasonal,8.32
2021-02-16,residual,-3266.69
2021-02-17,actual,95796.0
2021-02-17,trend,95399.47
2021-02-17,seasonal,-1.32
2021-02-17,residual,397.85
2021-02-18,actual,95796.0
2021-02-18,trend,91744.56
2021-02-18,seasonal,-10.84
2021-02-18,residual,4062.28
2021-02-19,actual,95796.0
2021-02-19,trend,88089.66
2021-02-19,seasonal,-20.08
2021-02-19,residual,7726.43
2021-02-20,actual,95796.0
2021-02-20,trend,84434.75
2021-02-20,seasonal,-28.31
2021-02-20,residual,11389.55
2021-02-21,actual,67640.71
2021-02-21,trend,80706.19
2021-02-21,seasonal,27.86
2021-02-21,residual,-13093.33
2021-02-22,actual,67640.71
2021-02-22,trend,78755.51
2021-02-22,seasonal,18.05
2021-02-22,residual,-11132.86
2021-02-23,actual,67640.71
2021-02-23,trend,76804.84
2021-02-23,seasonal,8.32
2021-02-23,residual,-9172.45
2021-02-24,actual,67640.71
2021-02-24,trend,74854.16
2021-02-24,seasonal,-1.32
2021-02-24,residual,-7212.13
2021-02-25,actual,67640.71
2021-02-25,trend,72903.48
2021-02-25,seasonal,-10.84
2021-02-25,residual,-5251.93
2021-02-26,actual,67640.71
2021-02-26,trend,70952.81
2021-02-26,seasonal,-20.08
2021-02-26,residual,-3292.02
2021-02-27,actual,67640.71
2021-02-27,trend,69002.13
2021-02-27,seasonal,-28.31
2021-02-27,residual,-1333.12
2021-02-28,actual,66535.86
2021-02-28,trend,66622.77
2021-02-28,seasonal,27.86
2021-02-28,residual,-114.77
2021-03-01,actual,66535.86
2021-03-01,trend,66120.43
2021-03-01,seasonal,18.05
2021-03-01,residual,397.38
2021-03-02,actual,66535.86
2021-03-02,trend,65618.09
2021-03-02,seasonal,8.32
2021-03-02,residual,909.45
2021-03-03,actual,66535.86
2021-03-03,trend,65115.74
2021-03-03,seasonal,-1.32
2021-03-03,residual,1421.44
2021-03-04,actual,66535.86
2021-03-04,trend,64613.4
2021-03-04,seasonal,-10.84
2021-03-04,residual,1933.3
2021-03-05,actual,66535.86
2021-03-05,trend,64111.06
2021-03-05,seasonal,-20.08
2021-03-05,residual,2444.89
2021-03-06,actual,66535.86
2021-03-06,trend,63608.71
2021-03-06,seasonal,-28.31
2021-03-06,residual,2955.45
2021-03-07,actual,60105.57
2021-03-07,trend,62756.48
2021-03-07,seasonal,27.86
2021-03-07,residual,-2678.76
2021-03-08,actual,60105.57
2021-03-08,trend,61977.9
2021-03-08,seasonal,18.05
2021-03-08,residual,-1890.38
2021-03-09,actual,60105.57
2021-03-09,trend,61199.31
2021-03-09,seasonal,8.32
2021-03-09,residual,-1102.07
2021-03-10,actual,60105.57
2021-03-10,trend,60420.73
2021-03-10,seasonal,-1.32
2021-03-10,residual,-313.84
2021-03-11,actual,60105.57
2021-03-11,trend,59642.15
2021-03-11,seasonal,-10.84
2021-03-11,residual,474.26
2021-03-12,actual,60105.57
2021-03-12,trend,58863.57
2021-03-12,seasonal,-20.08
2021-03-12,residual,1262.08
2021-03-13,actual,60105.57
2021-03-13,trend,58084.99
2021-03-13,seasonal,-28.31
2021-03-13,residual,2048.89
2021-03-14,actual,54857.14
2021-03-14,trend,57264.04
2021-03-14,seasonal,27.86
2021-03-14,residual,-2434.75
2021-03-15,actual,54857.14
2021-03-15,trend,56871.77
2021-03-15,seasonal,18.05
2021-03-15,residual,-2032.68
2021-03-16,actual,54857.14
2021-03-16,trend,56479.5
2021-03-16,seasonal,8.32
2021-03-16,residual,-1630.69
2021-03-17,actual,54857.14
2021-03-17,trend,56087.24
2021-03-17,seasonal,-1.32
2021-03-17,residual,-1228.78
2021-03-18,actual,54857.14
2021-03-18,trend,55694.97
2021-03-18,seasonal,-10.84
2021-03-18,residual,-826.99
2021-03-19,actual,54857.14
2021-03-19,trend,55302.7
2021-03-19,seasonal,-20.08
2021-03-19,residual,-425.48
2021-03-20,actual,54857.14
2021-03-20,trend,54910.44
2021-03-20,seasonal,-28.31
2021-03-20,residual,-24.99
2021-03-21,actual,54221.57
2021-03-21,trend,54882.62
2021-03-21,seasonal,27.86
2021-03-21,residual,-688.9
2021-03-22,actual,54221.57
2021-03-22,trend,55204.69
2021-03-22,seasonal,18.05
2021-03-22,residual,-1001.18
2021-03-23,actual,54221.57
2021-03-23,trend,55526.77
2021-03-23,seasonal,8.32
2021-03-23,residual,-1313.52
2021-03-24,actual,54221.57
2021-03-24,trend,55848.85
2021-03-24,seasonal,-1.32
2021-03-24,residual,-1625.96
2021-03-25,actual,54221.57
2021-03-25,trend,56170.92
2021-03-25,seasonal,-10.84
2021-03-25,residual,-1938.51
2021-03-26,actual,54221.57
2021-03-26,trend,56493.0
2021-03-26,seasonal,-20.08
2021-03-26,residual,-2251.35
2021-03-27,actual,54221.57
2021-03-27,trend,56815.08
2021-03-27,seasonal,-28.31
2021-03-27,residual,-2565.2
2021-03-28,actual,59688.29
2021-03-28,trend,57443.27
2021-03-28,seasonal,27.86
2021-03-28,residual,2217.17
2021-03-29,actual,59688.29
2021-03-29,trend,58113.83
2021-03-29,seasonal,18.05
2021-03-29,residual,1556.41
2021-03-30,actual,59688.29
2021-03-30,trend,58784.39
2021-03-30,seasonal,8.32
2021-03-30,residual,895.58
2021-03-31,actual,59688.29
2021-03-31,trend,59454.95
2021-03-31,seasonal,-1.32
2021-03-31,residual,234.66
2021-04-01,actual,59688.29
2021-04-01,trend,60125.52
2021-04-01,seasonal,-10.84
2021-04-01,residual,-426.38
2021-04-02,actual,59688.29
2021-04-02,trend,60796.08
2021-04-02,seasonal,-20.08
2021-04-02,residual,-1087.71
2021-04-03,actual,59688.29
2021-04-03,trend,61466.64
2021-04-03,seasonal,-28.31
2021-04-03,residual,-1750.04
2021-04-04,actual,64280.0
2021-04-04,trend,62194.25
2021-04-04,seasonal,27.86
2021-04-04,residual,2057.89
2021-04-05,actual,64280.0
2021-04-05,trend,62557.41
2021-04-05,seasonal,18.05
2021-04-05,residual,1704.53
2021-04-06,actual,64280.0
2021-04-06,trend,62920.57
2021-04-06,seasonal,8.32
2021-04-06,residual,1351.11
2021-04-07,actual,64280.0
2021-04-07,trend,63283.73
2021-04-07,seasonal,-1.32
2021-04-07,residual,997.59
2021-04-08,actual,64280.0
2021-04-08,trend,63646.89
2021-04-08,seasonal,-10.84
2021-04-08,residual,643.95
2021-04-09,actual,64280.0
2021-04-09,trend,64010.06
2021-04-09,seasonal,-20.08
2021-04-09,residual,290.03
2021-04-10,actual,64280.0
2021-04-10,trend,64373.22
2021-04-10,seasonal,-28.31
2021-04-10,residual,-64.91
2021-04-11,actual,65135.71
2021-04-11,trend,64843.68
2021-04-11,seasonal,27.86
2021-04-11,residual,264.17
2021-04-12,actual,65135.71
2021-04-12,trend,65008.04
2021-04-12,seasonal,18.05
2021-04-12,residual,109.62
2021-04-13,actual,65135.71
2021-04-13,trend,65172.39
2021-04-13,seasonal,8.32
2021-04-13,residual,-45.0
2021-04-14,actual,65135.71
2021-04-14,trend,65336.74
2021-04-14,seasonal,-1.32
2021-04-14,residual,-199.71
2021-04-15,actual,65135.71
2021-04-15,trend,65501.09
2021-04-15,seasonal,-10.84
2021-04-15,residual,-354.54
2021-04-16,actual,65135.71
2021-04-16,trend,65665.45
2021-04-16,seasonal,-20.08
2021-04-16,residual,-509.65
2021-04-17,actual,65135.71
2021-04-17,trend,65829.8
2021-04-17,seasonal,-28.31
2021-04-17,residual,-665.78
2021-04-18,actual,66745.29
2021-04-18,trend,65412.04
2021-04-18,seasonal,27.86
2021-04-18,residual,1305.4
2021-04-19,actual,66745.29
2021-04-19,trend,64937.23
2021-04-19,seasonal,18.05
2021-04-19,residual,1790.01
2021-04-20,actual,66745.29
2021-04-20,trend,64462.42
2021-04-20,seasonal,8.32
2021-04-20,residual,2274.55
2021-04-21,actual,66745.29
2021-04-21,trend,63987.61
2021-04-21,seasonal,-1.32
2021-04-21,residual,2759.0
2021-04-22,actual,66745.29
2021-04-22,trend,63512.8
2021-04-22,seasonal,-10.84
2021-04-22,residual,3243.33
2021-04-23,actual,66745.29
2021-04-23,trend,63037.99
2021-04-23,seasonal,-20.08
2021-04-23,residual,3727.38
2021-04-24,actual,66745.29
2021-04-24,trend,62563.18
2021-04-24,seasonal,-28.31
2021-04-24,residual,4210.41
2021-04-25,actual,58013.57
2021-04-25,trend,61443.73
2021-04-25,seasonal,27.86
2021-04-25,residual,-3458.01
2021-04-26,actual,58013.57
2021-04-26,trend,60216.96
2021-04-26,seasonal,18.05
2021-04-26,residual,-2221.45
2021-04-27,actual,58013.57
2021-04-27,trend,58990.2
2021-04-27,seasonal,8.32
2021-04-27,residual,-984.95
2021-04-28,actual,58013.57
2021-04-28,trend,57763.44
2021-04-28,seasonal,-1.32
2021-04-28,residual,251.45
2021-04-29,actual,58013.57
2021-04-29,trend,56536.68
2021-04-29,seasonal,-10.84
2021-04-29,residual,1487.73
2021-04-30,actual,58013.57
2021-04-30,trend,55309.92
2021-04-30,seasonal,-20.08
2021-04-30,residual,2723.74
2021-05-01,actual,58013.57
2021-05-01,trend,54083.15
2021-05-01,seasonal,-28.31
2021-05-01,residual,3958.72
2021-05-02,actual,48343.86
2021-05-02,trend,52417.51
2021-05-02,seasonal,27.86
2021-05-02,residual,-4101.5
2021-05-03,actual,48343.86
2021-05-03,trend,51333.97
2021-05-03,seasonal,18.05
2021-05-03,residual,-3008.17
2021-05-04,actual,48343.86
2021-05-04,trend,50250.44
2021-05-04,seasonal,8.32
2021-05-04,residual,-1914.9
2021-05-05,actual,48343.86
2021-05-05,trend,49166.91
2021-05-05,seasonal,-1.32
2021-05-05,residual,-821.73
2021-05-06,actual,48343.86
2021-05-06,trend,48083.37
2021-05-06,seasonal,-10.84
2021-05-06,residual,271.33
2021-05-07,actual,48343.86
2021-05-07,trend,46999.84
2021-05-07,seasonal,-20.08
2021-05-07,residual,1364.1
2021-05-08,actual,48343.86
2021-05-08,trend,45916.31
2021-05-08,seasonal,-28.31
2021-05-08,residual,2455.86
2021-05-09,actual,41760.57
2021-05-09,trend,44271.11
2021-05-09,seasonal,27.86
2021-05-09,residual,-2538.4
2021-05-10,actual,41760.57
2021-05-10,trend,43270.57
2021-05-10,seasonal,18.05
2021-05-10,residual,-1528.06
2021-05-11,actual,41760.57
2021-05-11,trend,42270.03
2021-05-11,seasonal,8.32
2021-05-11,residual,-517.78
2021-05-12,actual,41760.57
2021-05-12,trend,41269.48
2021-05-12,seasonal,-1.32
2021-05-12,residual,492.4
2021-05-13,actual,41760.57
2021-05-13,trend,40268.94
2021-05-13,seasonal,-10.84
2021-05-13,residual,1502.47
2021-05-14,actual,41760.57
2021-05-14,trend,39268.4
2021-05-14,seasonal,-20.08
2021-05-14,residual,2512.25
2021-05-15,actual,41760.57
2021-05-15,trend,38267.85
2021-05-15,seasonal,-28.31
2021-05-15,residual,3521.02
2021-05-16,actual,33335.71
2021-05-16,trend,36774.54
2021-05-16,seasonal,27.86
2021-05-16,residual,-3466.69
2021-05-17,actual,33335.71
2021-05-17,trend,35720.11
2021-05-17,seasonal,18.05
2021-05-17,residual,-2402.46
2021-05-18,actual,33335.71
2021-05-18,trend,34665.68
2021-05-18,seasonal,8.32
2021-05-18,residual,-1338.3
2021-05-19,actual,33335.71
2021-05-19,trend,33611.25
2021-05-19,seasonal,-1.32
2021-05-19,residual,-274.22
2021-05-20,actual,33335.71
2021-05-20,trend,32556.83
2021-05-20,seasonal,-10.84
2021-05-20,residual,789.73
2021-05-21,actual,33335.71
2021-05-21,trend,31502.4
2021-05-21,seasonal,-20.08
2021-05-21,residual,1853.4
2021-05-22,actual,33335.71
2021-05-22,trend,30447.97
2021-05-22,seasonal,-28.31
2021-05-22,residual,2916.05
2021-05-23,actual,25944.14
2021-05-23,trend,29071.65
2021-05-23,seasonal,27.86
2021-05-23,residual,-3155.37
2021-05-24,actual,25944.14
2021-05-24,trend,28257.0
2021-05-24,seasonal,18.05
2021-05-24,residual,-2330.91
2021-05-25,actual,25944.14
2021-05-25,trend,27442.34
2021-05-25,seasonal,8.32
2021-05-25,residual,-1506.52
2021-05-26,actual,25944.14
2021-05-26,trend,26627.68
2021-05-26,seasonal,-1.32
2021-05-26,residual,-682.22
2021-05-27,actual,25944.14
2021-05-27,trend,25813.03
2021-05-27,seasonal,-10.84
2021-05-27,residual,141.95
2021-05-28,actual,25944.14
2021-05-28,trend,24998.37
2021-05-28,seasonal,-20.08
2021-05-28,residual,965.85
2021-05-29,actual,25944.14
2021-05-29,trend,24183.71
2021-05-29,seasonal,-28.31
2021-05-29,residual,1788.73
2021-05-30,actual,21115.86
2021-05-30,trend,22905.26
2021-05-30,seasonal,27.86
2021-05-30,residual,-1817.25
2021-05-31,actual,21115.86
2021-05-31,trend,22119.57
2021-05-31,seasonal,18.05
2021-05-31,residual,-1021.77
2021-06-01,actual,21115.86
2021-06-01,trend,21333.89
2021-06-01,seasonal,8.32
2021-06-01,residual,-226.35
2021-06-02,actual,21115.86
2021-06-02,trend,20548.2
2021-06-02,seasonal,-1.32
2021-06-02,residual,568.98
2021-06-03,actual,21115.86
2021-06-03,trend,19762.52
2021-06-03,seasonal,-10.84
2021-06-03,residual,1364.19
2021-06-04,actual,21115.86
2021-06-04,trend,18976.83
2021-06-04,seasonal,-20.08
2021-06-04,residual,2159.11
2021-06-05,actual,21115.86
2021-06-05,trend,18191.15
2021-06-05,seasonal,-28.31
2021-06-05,residual,2953.02
2021-06-06,actual,14158.86
2021-06-06,trend,17409.77
2021-06-06,seasonal,27.86
2021-06-06,residual,-3278.77
2021-06-07,actual,14158.86
2021-06-07,trend,16950.29
2021-06-07,seasonal,18.05
2021-06-07,residual,-2809.48
2021-06-08,actual,14158.86
2021-06-08,trend,16490.8
2021-06-08,seasonal,8.32
2021-06-08,residual,-2340.26
2021-06-09,actual,14158.86
2021-06-09,trend,16031.32
2021-06-09,seasonal,-1.32
2021-06-09,residual,-1871.14
2021-06-10,actual,14158.86
2021-06-10,trend,15571.83
2021-06-10,seasonal,-10.84
2021-06-10,residual,-1402.13
2021-06-11,actual,14158.86
2021-06-11,trend,15112.34
2021-06-11,seasonal,-20.08
2021-06-11,residual,-933.4
2021-06-12,actual,14158.86
2021-06-12,trend,14652.86
2021-06-12,seasonal,-28.31
2021-06-12,residual,-465.69
2021-06-13,actual,14223.57
2021-06-13,trend,14013.01
2021-06-13,seasonal,27.86
2021-06-13,residual,182.7
2021-06-14,actual,14223.57
2021-06-14,trend,13836.96
2021-06-14,seasonal,18.05
2021-06-14,residual,368.55
2021-06-15,actual,14223.57
2021-06-15,trend,13660.91
2021-06-15,seasonal,8.32
2021-06-15,residual,554.33
2021-06-16,actual,14223.57
2021-06-16,trend,13484.87
2021-06-16,seasonal,-1.32
2021-06-16,residual,740.02
2021-06-17,actual,14223.57
2021-06-17,trend,13308.82
2021-06-17,seasonal,-10.84
2021-06-17,residual,925.59
2021-06-18,actual,14223.57
2021-06-18,trend,13132.77
2021-06-18,seasonal,-20.08
2021-06-18,residual,1110.88
2021-06-19,actual,14223.57
2021-06-19,trend,12956.72
2021-06-19,seasonal,-28.31
2021-06-19,residual,1295.15
2021-06-20,actual,11518.14
2021-06-20,trend,12847.44
2021-06-20,seasonal,27.86
2021-06-20,residual,-1357.15
2021-06-21,actual,11518.14
2021-06-21,trend,12733.84
2021-06-21,seasonal,18.05
2021-06-21,residual,-1233.75
2021-06-22,actual,11518.14
2021-06-22,trend,12620.24
2021-06-22,seasonal,8.32
2021-06-22,residual,-1110.42
2021-06-23,actual,11518.14
2021-06-23,trend,12506.64
2021-06-23,seasonal,-1.32
2021-06-23,residual,-987.18
2021-06-24,actual,11518.14
2021-06-24,trend,12393.04
2021-06-24,seasonal,-10.84
2021-06-24,residual,-864.05
2021-06-25,actual,11518.14
2021-06-25,trend,12279.44
2021-06-25,seasonal,-20.08
2021-06-25,residual,-741.21
2021-06-26,actual,11518.14
2021-06-26,trend,12165.84
2021-06-26,seasonal,-28.31
2021-06-26,residual,-619.39
2021-06-27,actual,12519.57
2021-06-27,trend,12141.76
2021-06-27,seasonal,27.86
2021-06-27,residual,349.95
2021-06-28,actual,12519.57
2021-06-28,trend,12298.05
2021-06-28,seasonal,18.05
2021-06-28,residual,203.47
2021-06-29,actual,12519.57
2021-06-29,trend,12454.33
2021-06-29,seasonal,8.32
2021-06-29,residual,56.92
2021-06-30,actual,12519.57
2021-06-30,trend,12610.62
2021-06-30,seasonal,-1.32
2021-06-30,residual,-89.73
2021-07-01,actual,12519.57
2021-07-01,trend,12766.9
2021-07-01,seasonal,-10.84
2021-07-01,residual,-236.49
2021-07-02,actual,12519.57
2021-07-02,trend,12923.19
2021-07-02,seasonal,-20.08
2021-07-02,residual,-383.54
2021-07-03,actual,12519.57
2021-07-03,trend,13079.48
2021-07-03,seasonal,-28.31
2021-07-03,residual,-531.6
2021-07-04,actual,13862.43
2021-07-04,trend,15040.27
2021-07-04,seasonal,27.86
2021-07-04,residual,-1205.69
2021-07-05,actual,13862.43
2021-07-05,trend,16934.3
2021-07-05,seasonal,18.05
2021-07-05,residual,-3089.92
2021-07-06,actual,13862.43
2021-07-06,trend,18828.32
2021-07-06,seasonal,8.32
2021-07-06,residual,-4974.22
2021-07-07,actual,13862.43
2021-07-07,trend,20722.35
2021-07-07,seasonal,-1.32
2021-07-07,residual,-6858.6
2021-07-08,actual,13862.43
2021-07-08,trend,22616.38
2021-07-08,seasonal,-10.84
2021-07-08,residual,-8743.11
2021-07-09,actual,13862.43
2021-07-09,trend,24510.41
2021-07-09,seasonal,-20.08
2021-07-09,residual,-10627.9
2021-07-10,actual,13862.43
2021-07-10,trend,26404.44
2021-07-10,seasonal,-28.31
2021-07-10,residual,-12513.7
2021-07-11,actual,40930.0
2021-07-11,trend,27689.6
2021-07-11,seasonal,27.86
2021-07-11,residual,13212.54
2021-07-12,actual,40930.0
2021-07-12,trend,28885.24
2021-07-12,seasonal,18.05
2021-07-12,residual,12026.71
2021-07-13,actual,40930.0
2021-07-13,trend,30080.88
2021-07-13,seasonal,8.32
2021-07-13,residual,10840.8
2021-07-14,actual,40930.0
2021-07-14,trend,31276.51
2021-07-14,seasonal,-1.32
2021-07-14,residual,9654.8
2021-07-15,actual,40930.0
2021-07-15,trend,32472.15
2021-07-15,seasonal,-10.84
2021-07-15,residual,8468.69
2021-07-16,actual,40930.0
2021-07-16,trend,33667.79
2021-07-16,seasonal,-20.08
2021-07-16,residual,7282.29
2021-07-17,actual,40930.0
2021-07-17,trend,34863.43
2021-07-17,seasonal,-28.31
2021-07-17,residual,6094.88
2021-07-18,actual,31797.0
2021-07-18,trend,37358.57
2021-07-18,seasonal,27.86
2021-07-18,residual,-5589.43
2021-07-19,actual,31797.0
2021-07-19,trend,38049.21
2021-07-19,seasonal,18.05
2021-07-19,residual,-6270.26
2021-07-20,actual,31797.0
2021-07-20,trend,38739.85
2021-07-20,seasonal,8.32
2021-07-20,residual,-6951.17
2021-07-21,actual,31797.0
2021-07-21,trend,39430.49
2021-07-21,seasonal,-1.32
2021-07-21,residual,-7632.17
2021-07-22,actual,31797.0
2021-07-22,trend,40121.12
2021-07-22,seasonal,-10.84
2021-07-22,residual,-8313.28
2021-07-23,actual,31797.0
2021-07-23,trend,40811.76
2021-07-23,seasonal,-20.08
2021-07-23,residual,-8994.68
2021-07-24,actual,31797.0
2021-07-24,trend,41502.4
2021-07-24,seasonal,-28.31
2021-07-24,residual,-9677.09
2021-07-25,actual,51289.57
2021-07-25,trend,43984.08
2021-07-25,seasonal,27.86
2021-07-25,residual,7277.64
2021-07-26,actual,51289.57
2021-07-26,trend,47074.62
2021-07-26,seasonal,18.05
2021-07-26,residual,4196.9
2021-07-27,actual,51289.57
2021-07-27,trend,50165.16
2021-07-27,seasonal,8.32
2021-07-27,residual,1116.09
2021-07-28,actual,51289.57
2021-07-28,trend,53255.7
2021-07-28,seasonal,-1.32
2021-07-28,residual,-1964.81
2021-07-29,actual,51289.57
2021-07-29,trend,56346.25
2021-07-29,seasonal,-10.84
2021-07-29,residual,-5045.83
2021-07-30,actual,51289.57
2021-07-30,trend,59436.79
2021-07-30,seasonal,-20.08
2021-07-30,residual,-8127.14
2021-07-31,actual,51289.57
2021-07-31,trend,62527.33
2021-07-31,seasonal,-28.31
2021-07-31,residual,-11209.46
2021-08-01,actual,78155.14
2021-08-01,trend,67484.26
2021-08-01,seasonal,27.86
2021-08-01,residual,10643.03
2021-08-02,actual,78155.14
2021-08-02,trend,71141.67
2021-08-02,seasonal,18.05
2021-08-02,residual,6995.41
2021-08-03,actual,78155.14
2021-08-03,trend,74799.09
2021-08-03,seasonal,8.32
2021-08-03,residual,3347.72
2021-08-04,actual,78155.14
2021-08-04,trend,78456.51
2021-08-04,seasonal,-1.32
2021-08-04,residual,-300.05
2021-08-05,actual,78155.14
2021-08-05,trend,82113.93
2021-08-05,seasonal,-10.84
2021-08-05,residual,-3947.95
2021-08-06,actual,78155.14
2021-08-06,trend,85771.35
2021-08-06,seasonal,-20.08
2021-08-06,residual,-7596.13
2021-08-07,actual,78155.14
2021-08-07,trend,89428.77
2021-08-07,seasonal,-28.31
2021-08-07,residual,-11245.33
2021-08-08,actual,106150.86
2021-08-08,trend,94451.98
2021-08-08,seasonal,27.86
2021-08-08,residual,11671.02
2021-08-09,actual,106150.86
2021-08-09,trend,97684.15
2021-08-09,seasonal,18.05
2021-08-09,residual,8448.65
2021-08-10,actual,106150.86
2021-08-10,trend,100916.32
2021-08-10,seasonal,8.32
2021-08-10,residual,5226.21
2021-08-11,actual,106150.86
2021-08-11,trend,104148.49
2021-08-11,seasonal,-1.32
2021-08-11,residual,2003.68
2021-08-12,actual,106150.86
2021-08-12,trend,107380.67
2021-08-12,seasonal,-10.84
2021-08-12,residual,-1218.96
2021-08-13,actual,106150.86
2021-08-13,trend,110612.84
2021-08-13,seasonal,-20.08
2021-08-13,residual,-4441.89
2021-08-14,actual,106150.86
2021-08-14,trend,113845.01
2021-08-14,seasonal,-28.31
2021-08-14,residual,-7665.84
2021-08-15,actual,126637.71
2021-08-15,trend,118348.63
2021-08-15,seasonal,27.86
2021-08-15,residual,8261.23
2021-08-16,actual,126637.71
2021-08-16,trend,120985.87
2021-08-16,seasonal,18.05
2021-08-16,residual,5633.79
2021-08-17,actual,126637.71
2021-08-17,trend,123623.1
2021-08-17,seasonal,8.32
2021-08-17,residual,3006.28
2021-08-18,actual,126637.71
2021-08-18,trend,126260.34
2021-08-18,seasonal,-1.32
2021-08-18,residual,378.69
2021-08-19,actual,126637.71
2021-08-19,trend,128897.58
2021-08-19,seasonal,-10.84
2021-08-19,residual,-2249.03
2021-08-20,actual,126637.71
2021-08-20,trend,131534.82
2021-08-20,seasonal,-20.08
2021-08-20,residual,-4877.03
2021-08-21,actual,126637.71
2021-08-21,trend,134172.06
2021-08-21,seasonal,-28.31
2021-08-21,residual,-7506.04
2021-08-22,actual,145709.43
2021-08-22,trend,137522.86
2021-08-22,seasonal,27.86
2021-08-22,residual,8158.72
2021-08-23,actual,145709.43
2021-08-23,trend,139507.87
2021-08-23,seasonal,18.05
2021-08-23,residual,6183.51
2021-08-24,actual,145709.43
2021-08-24,trend,141492.88
2021-08-24,seasonal,8.32
2021-08-24,residual,4208.23
2021-08-25,actual,145709.43
2021-08-25,trend,143477.89
2021-08-25,seasonal,-1.32
2021-08-25,residual,2232.86
2021-08-26,actual,145709.43
2021-08-26,trend,145462.9
2021-08-26,seasonal,-10.84
2021-08-26,residual,257.38
2021-08-27,actual,145709.43
2021-08-27,trend,147447.91
2021-08-27,seasonal,-20.08
2021-08-27,residual,-1718.39
2021-08-28,actual,145709.43
2021-08-28,trend,149432.92
2021-08-28,seasonal,-28.31
2021-08-28,residual,-3695.18
2021-08-29,actual,156412.86
2021-08-29,trend,151888.03
2021-08-29,seasonal,27.86
2021-08-29,residual,4496.97
2021-08-30,actual,156412.86
2021-08-30,trend,153071.7
2021-08-30,seasonal,18.05
2021-08-30,residual,3323.11
2021-08-31,actual,156412.86
2021-08-31,trend,154255.36
2021-08-31,seasonal,8.32
2021-08-31,residual,2149.17
2021-09-01,actual,156412.86
2021-09-01,trend,155439.03
2021-09-01,seasonal,-1.32
2021-09-01,residual,975.15
2021-09-02,actual,156412.86
2021-09-02,trend,156622.7
2021-09-02,seasonal,-10.84
2021-09-02,residual,-199.0
2021-09-03,actual,156412.86
2021-09-03,trend,157806.36
2021-09-03,seasonal,-20.08
2021-09-03,residual,-1373.42
2021-09-04,actual,156412.86
2021-09-04,trend,158990.03
2021-09-04,seasonal,-28.31
2021-09-04,residual,-2548.87
2021-09-05,actual,163464.43
2021-09-05,trend,159014.83
2021-09-05,seasonal,27.86
2021-09-05,residual,4421.74
2021-09-06,actual,163464.43
2021-09-06,trend,158326.07
2021-09-06,seasonal,18.05
2021-09-06,residual,5120.31
2021-09-07,actual,163464.43
2021-09-07,trend,157637.31
2021-09-07,seasonal,8.32
2021-09-07,residual,5818.8
2021-09-08,actual,163464.43
2021-09-08,trend,156948.54
2021-09-08,seasonal,-1.32
2021-09-08,residual,6517.2
2021-09-09,actual,163464.43
2021-09-09,trend,156259.78
2021-09-09,seasonal,-10.84
2021-09-09,residual,7215.49
2021-09-10,actual,163464.43
2021-09-10,trend,155571.02
2021-09-10,seasonal,-20.08
2021-09-10,residual,7913.49
2021-09-11,actual,163464.43
2021-09-11,trend,154882.26
2021-09-11,seasonal,-28.31
2021-09-11,residual,8610.48
2021-09-12,actual,146081.43
2021-09-12,trend,154335.25
2021-09-12,seasonal,27.86
2021-09-12,residual,-8281.67
2021-09-13,actual,146081.43
2021-09-13,trend,153318.13
2021-09-13,seasonal,18.05
2021-09-13,residual,-7254.76
2021-09-14,actual,146081.43
2021-09-14,trend,152301.02
2021-09-14,seasonal,8.32
2021-09-14,residual,-6227.91
2021-09-15,actual,146081.43
2021-09-15,trend,151283.9
2021-09-15,seasonal,-1.32
2021-09-15,residual,-5201.16
2021-09-16,actual,146081.43
2021-09-16,trend,150266.79
2021-09-16,seasonal,-10.84
2021-09-16,residual,-4174.52
2021-09-17,actual,146081.43
2021-09-17,trend,149249.68
2021-09-17,seasonal,-20.08
2021-09-17,residual,-3148.16
2021-09-18,actual,146081.43
2021-09-18,trend,148232.56
2021-09-18,seasonal,-28.31
2021-09-18,residual,-2122.83
2021-09-19,actual,148207.71
2021-09-19,trend,145452.02
2021-09-19,seasonal,27.86
2021-09-19,residual,2727.84
2021-09-20,actual,148207.71
2021-09-20,trend,143830.34
2021-09-20,seasonal,18.05
2021-09-20,residual,4359.31
2021-09-21,actual,148207.71
2021-09-21,trend,142208.67
2021-09-21,seasonal,8.32
2021-09-21,residual,5990.72
2021-09-22,actual,148207.71
2021-09-22,trend,140586.99
2021-09-22,seasonal,-1.32
2021-09-22,residual,7622.04
2021-09-23,actual,148207.71
2021-09-23,trend,138965.31
2021-09-23,seasonal,-10.84
2021-09-23,residual,9253.24
2021-09-24,actual,148207.71
2021-09-24,trend,137343.64
2021-09-24,seasonal,-20.08
2021-09-24,residual,10884.15
2021-09-25,actual,148207.71
2021-09-25,trend,135721.96
2021-09-25,seasonal,-28.31
2021-09-25,residual,12514.05
2021-09-26,actual,121756.29
2021-09-26,trend,133180.23
2021-09-26,seasonal,27.86
2021-09-26,residual,-11451.79
2021-09-27,actual,121756.29
2021-09-27,trend,130496.74
2021-09-27,seasonal,18.05
2021-09-27,residual,-8758.51
2021-09-28,actual,121756.29
2021-09-28,trend,127813.26
2021-09-28,seasonal,8.32
2021-09-28,residual,-6065.29
2021-09-29,actual,121756.29
2021-09-29,trend,125129.77
2021-09-29,seasonal,-1.32
2021-09-29,residual,-3372.16
2021-09-30,actual,121756.29
2021-09-30,trend,122446.29
2021-09-30,seasonal,-10.84
2021-09-30,residual,-679.16
2021-10-01,actual,121756.29
2021-10-01,trend,119762.8
2021-10-01,seasonal,-20.08
2021-10-01,residual,2013.57
2021-10-02,actual,121756.29
2021-10-02,trend,117079.32
2021-10-02,seasonal,-28.31
2021-10-02,residual,4705.28
2021-10-03,actual,107955.43
2021-10-03,trend,113693.89
2021-10-03,seasonal,27.86
2021-10-03,residual,-5766.31
2021-10-04,actual,107955.43
2021-10-04,trend,112071.89
2021-10-04,seasonal,18.05
2021-10-04,residual,-4134.51
2021-10-05,actual,107955.43
2021-10-05,trend,110449.89
2021-10-05,seasonal,8.32
2021-10-05,residual,-2502.78
2021-10-06,actual,107955.43
2021-10-06,trend,108827.89
2021-10-06,seasonal,-1.32
2021-10-06,residual,-871.14
2021-10-07,actual,107955.43
2021-10-07,trend,107205.89
2021-10-07,seasonal,-10.84
2021-10-07,residual,760.38
2021-10-08,actual,107955.43
2021-10-08,trend,105583.89
2021-10-08,seasonal,-20.08
2021-10-08,residual,2391.62
2021-10-09,actual,107955.43
2021-10-09,trend,103961.89
2021-10-09,seasonal,-28.31
2021-10-09,residual,4021.85
2021-10-10,actual,97426.29
2021-10-10,trend,101389.92
2021-10-10,seasonal,27.86
2021-10-10,residual,-3991.48
2021-10-11,actual,97426.29
2021-10-11,trend,99738.0
2021-10-11,seasonal,18.05
2021-10-11,residual,-2329.77
2021-10-12,actual,97426.29
2021-10-12,trend,98086.09
2021-10-12,seasonal,8.32
2021-10-12,residual,-668.12
2021-10-13,actual,97426.29
2021-10-13,trend,96434.17
2021-10-13,seasonal,-1.32
2021-10-13,residual,993.44
2021-10-14,actual,97426.29
2021-10-14,trend,94782.26
2021-10-14,seasonal,-10.84
2021-10-14,residual,2654.87
2021-10-15,actual,97426.29
2021-10-15,trend,93130.34
2021-10-15,seasonal,-20.08
2021-10-15,residual,4316.03
2021-10-16,actual,97426.29
2021-10-16,trend,91478.43
2021-10-16,seasonal,-28.31
2021-10-16,residual,5976.17
2021-10-17,actual,83176.71
2021-10-17,trend,89124.67
2021-10-17,seasonal,27.86
2021-10-17,residual,-5975.81
2021-10-18,actual,83176.71
2021-10-18,trend,87472.85
2021-10-18,seasonal,18.05
2021-10-18,residual,-4314.19
2021-10-19,actual,83176.71
2021-10-19,trend,85821.03
2021-10-19,seasonal,8.32
2021-10-19,residual,-2652.64
2021-10-20,actual,83176.71
2021-10-20,trend,84169.21
2021-10-20,seasonal,-1.32
2021-10-20,residual,-991.18
2021-10-21,actual,83176.71
2021-10-21,trend,82517.39
2021-10-21,seasonal,-10.84
2021-10-21,residual,670.16
2021-10-22,actual,83176.71
2021-10-22,trend,80865.57
2021-10-22,seasonal,-20.08
2021-10-22,residual,2331.22
2021-10-23,actual,83176.71
2021-10-23,trend,79213.75
2021-10-23,seasonal,-28.31
2021-10-23,residual,3991.26
2021-10-24,actual,72649.0
2021-10-24,trend,77729.96
2021-10-24,seasonal,27.86
2021-10-24,residual,-5108.82
2021-10-25,actual,72649.0
2021-10-25,trend,77196.14
2021-10-25,seasonal,18.05
2021-10-25,residual,-4565.2
2021-10-26,actual,72649.0
2021-10-26,trend,76662.32
2021-10-26,seasonal,8.32
2021-10-26,residual,-4021.65
2021-10-27,actual,72649.0
2021-10-27,trend,76128.5
2021-10-27,seasonal,-1.32
2021-10-27,residual,-3478.18
2021-10-28,actual,72649.0
2021-10-28,trend,75594.69
2021-10-28,seasonal,-10.84
2021-10-28,residual,-2934.84
2021-10-29,actual,72649.0
2021-10-29,trend,75060.87
2021-10-29,seasonal,-20.08
2021-10-29,residual,-2391.78
2021-10-30,actual,72649.0
2021-10-30,trend,74527.05
2021-10-30,seasonal,-28.31
2021-10-30,residual,-1849.74
2021-10-31,actual,75169.43
2021-10-31,trend,73841.09
2021-10-31,seasonal,27.86
2021-10-31,residual,1300.49
2021-11-01,actual,75169.43
2021-11-01,trend,73856.97
2021-11-01,seasonal,18.05
2021-11-01,residual,1294.4
2021-11-02,actual,75169.43
2021-11-02,trend,73872.86
2021-11-02,seasonal,8.32
2021-11-02,residual,1288.25
2021-11-03,actual,75169.43
2021-11-03,trend,73888.74
2021-11-03,seasonal,-1.32
2021-11-03,residual,1282.0
2021-11-04,actual,75169.43
2021-11-04,trend,73904.63
2021-11-04,seasonal,-10.84
2021-11-04,residual,1275.64
2021-11-05,actual,75169.43
2021-11-05,trend,73920.52
2021-11-05,seasonal,-20.08
2021-11-05,residual,1269.0
2021-11-06,actual,75169.43
2021-11-06,trend,73936.4
2021-11-06,seasonal,-28.31
2021-11-06,residual,1261.33
2021-11-07,actual,72887.29
2021-11-07,trend,74399.61
2021-11-07,seasonal,27.86
2021-11-07,residual,-1540.18
2021-11-08,actual,72887.29
2021-11-08,trend,74694.79
2021-11-08,seasonal,18.05
2021-11-08,residual,-1825.56
2021-11-09,actual,72887.29
2021-11-09,trend,74989.97
2021-11-09,seasonal,8.32
2021-11-09,residual,-2111.01
2021-11-10,actual,72887.29
2021-11-10,trend,75285.15
2021-11-10,seasonal,-1.32
2021-11-10,residual,-2396.54
2021-11-11,actual,72887.29
2021-11-11,trend,75580.33
2021-11-11,seasonal,-10.84
2021-11-11,residual,-2682.2
2021-11-12,actual,72887.29
2021-11-12,trend,75875.52
2021-11-12,seasonal,-20.08
2021-11-12,residual,-2968.14
2021-11-13,actual,72887.29
2021-11-13,trend,76170.7
2021-11-13,seasonal,-28.31
2021-11-13,residual,-3255.1
2021-11-14,actual,79597.14
2021-11-14,trend,77605.84
2021-11-14,seasonal,27.86
2021-11-14,residual,1963.45
2021-11-15,actual,79597.14
2021-11-15,trend,79193.12
2021-11-15,seasonal,18.05
2021-11-15,residual,385.96
2021-11-16,actual,79597.14
2021-11-16,trend,80780.41
2021-11-16,seasonal,8.32
2021-11-16,residual,-1191.59
2021-11-17,actual,79597.14
2021-11-17,trend,82367.69
2021-11-17,seasonal,-1.32
2021-11-17,residual,-2769.24
2021-11-18,actual,79597.14
2021-11-18,trend,83954.98
2021-11-18,seasonal,-10.84
2021-11-18,residual,-4347.0
2021-11-19,actual,79597.14
2021-11-19,trend,85542.27
2021-11-19,seasonal,-20.08
2021-11-19,residual,-5925.04
2021-11-20,actual,79597.14
2021-11-20,trend,87129.55
2021-11-20,seasonal,-28.31
2021-11-20,residual,-7504.11
2021-11-21,actual,96696.57
2021-11-21,trend,87912.25
2021-11-21,seasonal,27.86
2021-11-21,residual,8756.47
2021-11-22,actual,96696.57
2021-11-22,trend,88247.62
2021-11-22,seasonal,18.05
2021-11-22,residual,8430.9
2021-11-23,actual,96696.57
2021-11-23,trend,88582.99
2021-11-23,seasonal,8.32
2021-11-23,residual,8105.26
2021-11-24,actual,96696.57
2021-11-24,trend,88918.36
2021-11-24,seasonal,-1.32
2021-11-24,residual,7779.53
2021-11-25,actual,96696.57
2021-11-25,trend,89253.73
2021-11-25,seasonal,-10.84
2021-11-25,residual,7453.68
2021-11-26,actual,96696.57
2021-11-26,trend,89589.1
2021-11-26,seasonal,-20.08
2021-11-26,residual,7127.55
2021-11-27,actual,96696.57
2021-11-27,trend,89924.47
2021-11-27,seasonal,-28.31
2021-11-27,residual,6800.4
2021-11-28,actual,84627.71
2021-11-28,trend,91770.54
2021-11-28,seasonal,27.86
2021-11-28,residual,-7170.69
2021-11-29,actual,84627.71
2021-11-29,trend,92476.64
2021-11-29,seasonal,18.05
2021-11-29,residual,-7866.99
2021-11-30,actual,84627.71
2021-11-30,trend,93182.75
2021-11-30,seasonal,8.32
2021-11-30,residual,-8563.36
2021-12-01,actual,84627.71
2021-12-01,trend,93888.85
2021-12-01,seasonal,-1.32
2021-12-01,residual,-9259.82
2021-12-02,actual,84627.71
2021-12-02,trend,94594.96
2021-12-02,seasonal,-10.84
2021-12-02,residual,-9956.41
2021-12-03,actual,84627.71
2021-12-03,trend,95301.06
2021-12-03,seasonal,-20.08
2021-12-03,residual,-10653.27
2021-12-04,actual,84627.71
2021-12-04,trend,96007.17
2021-12-04,seasonal,-28.31
2021-12-04,residual,-11351.15
2021-12-05,actual,107288.14
2021-12-05,trend,97512.82
2021-12-05,seasonal,27.86
2021-12-05,residual,9747.47
2021-12-06,actual,107288.14
2021-12-06,trend,99823.05
2021-12-06,seasonal,18.05
2021-12-06,residual,7447.03
2021-12-07,actual,107288.14
2021-12-07,trend,102133.29
2021-12-07,seasonal,8.32
2021-12-07,residual,5146.52
2021-12-08,actual,107288.14
2021-12-08,trend,104443.53
2021-12-08,seasonal,-1.32
2021-12-08,residual,2845.93
2021-12-09,actual,107288.14
2021-12-09,trend,106753.77
2021-12-09,seasonal,-10.84
2021-12-09,residual,545.21
2021-12-10,actual,107288.14
2021-12-10,trend,109064.01
2021-12-10,seasonal,-20.08
2021-12-10,residual,-1755.79
2021-12-11,actual,107288.14
2021-12-11,trend,111374.25
2021-12-11,seasonal,-28.31
2021-12-11,residual,-4057.8
2021-12-12,actual,119281.29
2021-12-12,trend,114295.34
2021-12-12,seasonal,27.86
2021-12-12,residual,4958.09
2021-12-13,actual,119281.29
2021-12-13,trend,115705.74
2021-12-13,seasonal,18.05
2021-12-13,residual,3557.49
2021-12-14,actual,119281.29
2021-12-14,trend,117116.14
2021-12-14,seasonal,8.32
2021-12-14,residual,2156.82
2021-12-15,actual,119281.29
2021-12-15,trend,118526.54
2021-12-15,seasonal,-1.32
2021-12-15,residual,756.07
2021-12-16,actual,119281.29
2021-12-16,trend,119936.94
2021-12-16,seasonal,-10.84
2021-12-16,residual,-644.81
2021-12-17,actual,119281.29
2021-12-17,trend,121347.34
2021-12-17,seasonal,-20.08
2021-12-17,residual,-2045.97
2021-12-18,actual,119281.29
2021-12-18,trend,122757.74
2021-12-18,seasonal,-28.31
2021-12-18,residual,-3448.15
2021-12-19,actual,128444.14
2021-12-19,trend,129104.43
2021-12-19,seasonal,27.86
2021-12-19,residual,-688.15
2021-12-20,actual,128444.14
2021-12-20,trend,134651.57
2021-12-20,seasonal,18.05
2021-12-20,residual,-6225.49
2021-12-21,actual,128444.14
2021-12-21,trend,140198.71
2021-12-21,seasonal,8.32
2021-12-21,residual,-11762.9
2021-12-22,actual,128444.14
2021-12-22,trend,145745.86
2021-12-22,seasonal,-1.32
2021-12-22,residual,-17300.4
2021-12-23,actual,128444.14
2021-12-23,trend,151293.0
2021-12-23,seasonal,-10.84
2021-12-23,residual,-22838.02
2021-12-24,actual,128444.14
2021-12-24,trend,156840.14
2021-12-24,seasonal,-20.08
2021-12-24,residual,-28375.92
2021-12-25,actual,128444.14
2021-12-25,trend,162387.29
2021-12-25,seasonal,-28.31
2021-12-25,residual,-33914.84
2021-12-26,actual,202488.43
2021-12-26,trend,180264.13
2021-12-26,seasonal,27.86
2021-12-26,residual,22196.44
2021-12-27,actual,202488.43
2021-12-27,trend,197530.12
2021-12-27,seasonal,18.05
2021-12-27,residual,4940.25
2021-12-28,actual,202488.43
2021-12-28,trend,214796.11
2021-12-28,seasonal,8.32
2021-12-28,residual,-12316.01
2021-12-29,actual,202488.43
2021-12-29,trend,232062.1
2021-12-29,seasonal,-1.32
2021-12-29,residual,-29572.36
2021-12-30,actual,202488.43
2021-12-30,trend,249328.1
2021-12-30,seasonal,-10.84
2021-12-30,residual,-46828.82
2021-12-31,actual,202488.43
2021-12-31,trend,266594.09
2021-12-31,seasonal,-20.08
2021-12-31,residual,-64085.57
2022-01-01,actual,202488.43
2022-01-01,trend,283860.08
2022-01-01,seasonal,-28.31
2022-01-01,residual,-81343.34
2022-01-02,actual,387434.0
2022-01-02,trend,319896.15
2022-01-02,seasonal,27.86
2022-01-02,residual,67509.99
2022-01-03,actual,387434.0
2022-01-03,trend,350995.94
2022-01-03,seasonal,18.05
2022-01-03,residual,36420.0
2022-01-04,actual,387434.0
2022-01-04,trend,382095.73
2022-01-04,seasonal,8.32
2022-01-04,residual,5329.94
2022-01-05,actual,387434.0
2022-01-05,trend,413195.53
2022-01-05,seasonal,-1.32
2022-01-05,residual,-25760.21
2022-01-06,actual,387434.0
2022-01-06,trend,444295.32
2022-01-06,seasonal,-10.84
2022-01-06,residual,-56850.47
2022-01-07,actual,387434.0
2022-01-07,trend,475395.11
2022-01-07,seasonal,-20.08
2022-01-07,residual,-87941.02
2022-01-08,actual,387434.0
2022-01-08,trend,506494.9
2022-01-08,seasonal,-28.31
2022-01-08,residual,-119032.59
2022-01-09,actual,668985.29
2022-01-09,trend,546814.08
2022-01-09,seasonal,27.86
2022-01-09,residual,122143.36
2022-01-10,actual,668985.29
2022-01-10,trend,574803.55
2022-01-10,seasonal,18.05
2022-01-10,residual,94163.68
2022-01-11,actual,668985.29
2022-01-11,trend,602793.03
2022-01-11,seasonal,8.32
2022-01-11,residual,66183.94
2022-01-12,actual,668985.29
2022-01-12,trend,630782.51
2022-01-12,seasonal,-1.32
2022-01-12,residual,38204.1
2022-01-13,actual,668985.29
2022-01-13,trend,658771.98
2022-01-13,seasonal,-10.84
2022-01-13,residual,10224.15
2022-01-14,actual,668985.29
2022-01-14,trend,686761.46
2022-01-14,seasonal,-20.08
2022-01-14,residual,-17756.09
2022-01-15,actual,668985.29
2022-01-15,trend,714750.93
2022-01-15,seasonal,-28.31
2022-01-15,residual,-45737.34
2022-01-16,actual,807276.14
2022-01-16,trend,736949.51
2022-01-16,seasonal,27.86
2022-01-16,residual,70298.78
2022-01-17,actual,807276.14
2022-01-17,trend,740377.99
2022-01-17,seasonal,18.05
2022-01-17,residual,66880.09
2022-01-18,actual,807276.14
2022-01-18,trend,743806.48
2022-01-18,seasonal,8.32
2022-01-18,residual,63461.34
2022-01-19,actual,807276.14
2022-01-19,trend,747234.96
2022-01-19,seasonal,-1.32
2022-01-19,residual,60042.5
2022-01-20,actual,807276.14
2022-01-20,trend,750663.45
2022-01-20,seasonal,-10.84
2022-01-20,residual,56623.53
2022-01-21,actual,807276.14
2022-01-21,trend,754091.93
2022-01-21,seasonal,-20.08
2022-01-21,residual,53204.29
2022-01-22,actual,807276.14
2022-01-22,trend,757520.42
2022-01-22,seasonal,-28.31
2022-01-22,residual,49784.03
2022-01-23,actual,720412.57
2022-01-23,trend,749009.61
2022-01-23,seasonal,27.86
2022-01-23,residual,-28624.89
2022-01-24,actual,720412.57
2022-01-24,trend,731279.41
2022-01-24,seasonal,18.05
2022-01-24,residual,-10884.89
2022-01-25,actual,720412.57
2022-01-25,trend,713549.21
2022-01-25,seasonal,8.32
2022-01-25,residual,6855.04
2022-01-26,actual,720412.57
2022-01-26,trend,695819.01
2022-01-26,seasonal,-1.32
2022-01-26,residual,24594.88
2022-01-27,actual,720412.57
2022-01-27,trend,678088.81
2022-01-27,seasonal,-10.84
2022-01-27,residual,42334.6
2022-01-28,actual,720412.57
2022-01-28,trend,660358.61
2022-01-28,seasonal,-20.08
2022-01-28,residual,60074.05
2022-01-29,actual,720412.57
2022-01-29,trend,642628.41
2022-01-29,seasonal,-28.31
2022-01-29,residual,77812.47
2022-01-30,actual,541323.14
2022-01-30,trend,609654.86
2022-01-30,seasonal,27.86
2022-01-30,residual,-68359.57
2022-01-31,actual,541323.14
2022-01-31,trend,582472.21
2022-01-31,seasonal,18.05
2022-01-31,residual,-41167.12
2022-02-01,actual,541323.14
2022-02-01,trend,555289.56
2022-02-01,seasonal,8.32
2022-02-01,residual,-13974.74
2022-02-02,actual,541323.14
2022-02-02,trend,528106.91
2022-02-02,seasonal,-1.32
2022-02-02,residual,13217.55
2022-02-03,actual,541323.14
2022-02-03,trend,500924.27
2022-02-03,seasonal,-10.84
2022-02-03,residual,40409.72
2022-02-04,actual,541323.14
2022-02-04,trend,473741.62
2022-02-04,seasonal,-20.08
2022-02-04,residual,67601.6
2022-02-05,actual,541323.14
2022-02-05,trend,446558.97
2022-02-05,seasonal,-28.31
2022-02-05,residual,94792.47
2022-02-06,actual,312672.86
2022-02-06,trend,410170.63
2022-02-06,seasonal,27.86
2022-02-06,residual,-97525.62
2022-02-07,actual,312672.86
2022-02-07,trend,385721.58
2022-02-07,seasonal,18.05
2022-02-07,residual,-73066.78
2022-02-08,actual,312672.86
2022-02-08,trend,361272.53
2022-02-08,seasonal,8.32
2022-02-08,residual,-48608.0
2022-02-09,actual,312672.86
2022-02-09,trend,336823.49
2022-02-09,seasonal,-1.32
2022-02-09,residual,-24149.31
2022-02-10,actual,312672.86
2022-02-10,trend,312374.44
2022-02-10,seasonal,-10.84
2022-02-10,residual,309.26
2022-02-11,actual,312672.86
2022-02-11,trend,287925.39
2022-02-11,seasonal,-20.08
2022-02-11,residual,24767.55
2022-02-12,actual,312672.86
2022-02-12,trend,263476.34
2022-02-12,seasonal,-28.31
2022-02-12,residual,49224.82
2022-02-13,actual,174587.43
2022-02-13,trend,234132.48
2022-02-13,seasonal,27.86
2022-02-13,residual,-59572.9
2022-02-14,actual,174587.43
2022-02-14,trend,220031.96
2022-02-14,seasonal,18.05
2022-02-14,residual,-45462.59
2022-02-15,actual,174587.43
2022-02-15,trend,205931.45
2022-02-15,seasonal,8.32
2022-02-15,residual,-31352.34
2022-02-16,actual,174587.43
2022-02-16,trend,191830.93
2022-02-16,seasonal,-1.32
2022-02-16,residual,-17242.18
2022-02-17,actual,174587.43
2022-02-17,trend,177730.42
2022-02-17,seasonal,-10.84
2022-02-17,residual,-3132.15
2022-02-18,actual,174587.43
2022-02-18,trend,163629.9
2022-02-18,seasonal,-20.08
2022-02-18,residual,10977.61
2022-02-19,actual,174587.43
2022-02-19,trend,149529.39
2022-02-19,seasonal,-28.31
2022-02-19,residual,25086.35
2022-02-20,actual,101165.14
2022-02-20,trend,133049.03
2022-02-20,seasonal,27.86
2022-02-20,residual,-31911.74
2022-02-21,actual,101165.14
2022-02-21,trend,125774.36
2022-02-21,seasonal,18.05
2022-02-21,residual,-24627.28
2022-02-22,actual,101165.14
2022-02-22,trend,118499.69
2022-02-22,seasonal,8.32
2022-02-22,residual,-17342.88
2022-02-23,actual,101165.14
2022-02-23,trend,111225.03
2022-02-23,seasonal,-1.32
2022-02-23,residual,-10058.57
2022-02-24,actual,101165.14
2022-02-24,trend,103950.36
2022-02-24,seasonal,-10.84
2022-02-24,residual,-2774.38
2022-02-25,actual,101165.14
2022-02-25,trend,96675.69
2022-02-25,seasonal,-20.08
2022-02-25,residual,4509.53
2022-02-26,actual,101165.14
2022-02-26,trend,89401.03
2022-02-26,seasonal,-28.31
2022-02-26,residual,11792.42
2022-02-27,actual,65467.43
2022-02-27,trend,80928.62
2022-02-27,seasonal,27.86
2022-02-27,residual,-15489.04
2022-02-28,actual,65467.43
2022-02-28,trend,77351.03
2022-02-28,seasonal,18.05
2022-02-28,residual,-11901.65
2022-03-01,actual,65467.43
2022-03-01,trend,73773.44
2022-03-01,seasonal,8.32
2022-03-01,residual,-8314.33
2022-03-02,actual,65467.43
2022-03-02,trend,70195.85
2022-03-02,seasonal,-1.32
2022-03-02,residual,-4727.1
2022-03-03,actual,65467.43
2022-03-03,trend,66618.26
2022-03-03,seasonal,-10.84
2022-03-03,residual,-1139.99
2022-03-04,actual,65467.43
2022-03-04,trend,63040.67
2022-03-04,seasonal,-20.08
2022-03-04,residual,2446.84
2022-03-05,actual,65467.43
2022-03-05,trend,59463.08
2022-03-05,seasonal,-28.31
2022-03-05,residual,6032.66
2022-03-06,actual,47501.29
2022-03-06,trend,54950.47
2022-03-06,seasonal,27.86
2022-03-06,residual,-7477.04
2022-03-07,actual,47501.29
2022-03-07,trend,52817.71
2022-03-07,seasonal,18.05
2022-03-07,residual,-5334.47
2022-03-08,actual,47501.29
2022-03-08,trend,50684.95
2022-03-08,seasonal,8.32
2022-03-08,residual,-3191.98
2022-03-09,actual,47501.29
2022-03-09,trend,48552.18
2022-03-09,seasonal,-1.32
2022-03-09,residual,-1049.57
2022-03-10,actual,47501.29
2022-03-10,trend,46419.42
2022-03-10,seasonal,-10.84
2022-03-10,residual,1092.71
2022-03-11,actual,47501.29
2022-03-11,trend,44286.66
2022-03-11,seasonal,-20.08
2022-03-11,residual,3234.71
2022-03-12,actual,47501.29
2022-03-12,trend,42153.9
2022-03-12,seasonal,-28.31
2022-03-12,residual,5375.7
2022-03-13,actual,33476.0
2022-03-13,trend,39777.4
2022-03-13,seasonal,27.86
2022-03-13,residual,-6329.26
2022-03-14,actual,33476.0
2022-03-14,trend,38598.65
2022-03-14,seasonal,18.05
2022-03-14,residual,-5140.7
2022-03-15,actual,33476.0
2022-03-15,trend,37419.9
2022-03-15,seasonal,8.32
2022-03-15,residual,-3952.22
2022-03-16,actual,33476.0
2022-03-16,trend,36241.14
2022-03-16,seasonal,-1.32
2022-03-16,residual,-2763.82
2022-03-17,actual,33476.0
2022-03-17,trend,35062.39
2022-03-17,seasonal,-10.84
2022-03-17,residual,-1575.55
2022-03-18,actual,33476.0
2022-03-18,trend,33883.64
2022-03-18,seasonal,-20.08
2022-03-18,residual,-387.56
2022-03-19,actual,33476.0
2022-03-19,trend,32704.89
2022-03-19,seasonal,-28.31
2022-03-19,residual,799.42
2022-03-20,actual,29820.0
2022-03-20,trend,31380.7
2022-03-20,seasonal,27.86
2022-03-20,residual,-1588.55
2022-03-21,actual,29820.0
2022-03-21,trend,30991.52
2022-03-21,seasonal,18.05
2022-03-21,residual,-1189.58
2022-03-22,actual,29820.0
2022-03-22,trend,30602.35
2022-03-22,seasonal,8.32
2022-03-22,residual,-790.68
2022-03-23,actual,29820.0
2022-03-23,trend,30213.18
2022-03-23,seasonal,-1.32
2022-03-23,residual,-391.86
2022-03-24,actual,29820.0
2022-03-24,trend,29824.01
2022-03-24,seasonal,-10.84
2022-03-24,residual,6.83
2022-03-25,actual,29820.0
2022-03-25,trend,29434.84
2022-03-25,seasonal,-20.08
2022-03-25,residual,405.24
2022-03-26,actual,29820.0
2022-03-26,trend,29045.67
2022-03-26,seasonal,-28.31
2022-03-26,residual,802.64
2022-03-27,actual,27638.43
2022-03-27,trend,28665.97
2022-03-27,seasonal,27.86
2022-03-27,residual,-1055.4
2022-03-28,actual,27638.43
2022-03-28,trend,28530.01
2022-03-28,seasonal,18.05
2022-03-28,residual,-909.63
2022-03-29,actual,27638.43
2022-03-29,trend,28394.05
2022-03-29,seasonal,8.32
2022-03-29,residual,-763.94
2022-03-30,actual,27638.43
2022-03-30,trend,28258.09
2022-03-30,seasonal,-1.32
2022-03-30,residual,-618.34
2022-03-31,actual,27638.43
2022-03-31,trend,28122.12
2022-03-31,seasonal,-10.84
2022-03-31,residual,-472.85
2022-04-01,actual,27638.43
2022-04-01,trend,27986.16
2022-04-01,seasonal,-20.08
2022-04-01,residual,-327.65
2022-04-02,actual,27638.43
2022-04-02,trend,27850.2
2022-04-02,seasonal,-28.31
2022-04-02,residual,-183.46
2022-04-03,actual,27780.57
2022-04-03,trend,27778.31
2022-04-03,seasonal,27.86
2022-04-03,residual,-25.6
2022-04-04,actual,27780.57
2022-04-04,trend,27851.87
2022-04-04,seasonal,18.05
2022-04-04,residual,-89.35
2022-04-05,actual,27780.57
2022-04-05,trend,27925.42
2022-04-05,seasonal,8.32
2022-04-05,residual,-153.17
2022-04-06,actual,27780.57
2022-04-06,trend,27998.97
2022-04-06,seasonal,-1.32
2022-04-06,residual,-217.08
2022-04-07,actual,27780.57
2022-04-07,trend,28072.52
2022-04-07,seasonal,-10.84
2022-04-07,residual,-281.11
2022-04-08,actual,27780.57
2022-04-08,trend,28146.07
2022-04-08,seasonal,-20.08
2022-04-08,residual,-345.42
2022-04-09,actual,27780.57
2022-04-09,trend,28219.63
2022-04-09,seasonal,-28.31
2022-04-09,residual,-410.75
2022-04-10,actual,28741.71
2022-04-10,trend,28738.39
2022-04-10,seasonal,27.86
2022-04-10,residual,-24.53
2022-04-11,actual,28741.71
2022-04-11,trend,29247.67
2022-04-11,seasonal,18.05
2022-04-11,residual,-524.02
2022-04-12,actual,28741.71
2022-04-12,trend,29756.96
2022-04-12,seasonal,8.32
2022-04-12,residual,-1023.57
2022-04-13,actual,28741.71
2022-04-13,trend,30266.25
2022-04-13,seasonal,-1.32
2022-04-13,residual,-1523.22
2022-04-14,actual,28741.71
2022-04-14,trend,30775.53
2022-04-14,seasonal,-10.84
2022-04-14,residual,-2022.98
2022-04-15,actual,28741.71
2022-04-15,trend,31284.82
2022-04-15,seasonal,-20.08
2022-04-15,residual,-2523.03
2022-04-16,actual,28741.71
2022-04-16,trend,31794.1
2022-04-16,seasonal,-28.31
2022-04-16,residual,-3024.09
2022-04-17,actual,35419.86
2022-04-17,trend,32806.08
2022-04-17,seasonal,27.86
2022-04-17,residual,2585.93
2022-04-18,actual,35419.86
2022-04-18,trend,33753.97
2022-04-18,seasonal,18.05
2022-04-18,residual,1647.83
2022-04-19,actual,35419.86
2022-04-19,trend,34701.87
2022-04-19,seasonal,8.32
2022-04-19,residual,709.67
2022-04-20,actual,35419.86
2022-04-20,trend,35649.76
2022-04-20,seasonal,-1.32
2022-04-20,residual,-228.58
2022-04-21,actual,35419.86
2022-04-21,trend,36597.66
2022-04-21,seasonal,-10.84
2022-04-21,residual,-1166.96
2022-04-22,actual,35419.86
2022-04-22,trend,37545.55
2022-04-22,seasonal,-20.08
2022-04-22,residual,-2105.61
2022-04-23,actual,35419.86
2022-04-23,trend,38493.45
2022-04-23,seasonal,-28.31
2022-04-23,residual,-3045.28
2022-04-24,actual,42960.14
2022-04-24,trend,40182.56
2022-04-24,seasonal,27.86
2022-04-24,residual,2749.72
2022-04-25,actual,42960.14
2022-04-25,trend,41426.47
2022-04-25,seasonal,18.05
2022-04-25,residual,1515.62
2022-04-26,actual,42960.14
2022-04-26,trend,42670.37
2022-04-26,seasonal,8.32
2022-04-26,residual,281.45
2022-04-27,actual,42960.14
2022-04-27,trend,43914.28
2022-04-27,seasonal,-1.32
2022-04-27,residual,-952.82
2022-04-28,actual,42960.14
2022-04-28,trend,45158.18
2022-04-28,seasonal,-10.84
2022-04-28,residual,-2187.2
2022-04-29,actual,42960.14
2022-04-29,trend,46402.09
2022-04-29,seasonal,-20.08
2022-04-29,residual,-3421.86
2022-04-30,actual,42960.14
2022-04-30,trend,47645.99
2022-04-30,seasonal,-28.31
2022-04-30,residual,-4657.54
2022-05-01,actual,54078.43
2022-05-01,trend,49719.5
2022-05-01,seasonal,27.86
2022-05-01,residual,4331.07
2022-05-02,actual,54078.43
2022-05-02,trend,51290.33
2022-05-02,seasonal,18.05
2022-05-02,residual,2770.04
2022-05-03,actual,54078.43
2022-05-03,trend,52861.16
2022-05-03,seasonal,8.32
2022-05-03,residual,1208.95
2022-05-04,actual,54078.43
2022-05-04,trend,54431.99
2022-05-04,seasonal,-1.32
2022-05-04,residual,-352.24
2022-05-05,actual,54078.43
2022-05-05,trend,56002.82
2022-05-05,seasonal,-10.84
2022-05-05,residual,-1913.55
2022-05-06,actual,54078.43
2022-05-06,trend,57573.65
2022-05-06,seasonal,-20.08
2022-05-06,residual,-3475.13
2022-05-07,actual,54078.43
2022-05-07,trend,59144.48
2022-05-07,seasonal,-28.31
2022-05-07,residual,-5037.74
2022-05-08,actual,66522.57
2022-05-08,trend,62041.94
2022-05-08,seasonal,27.86
2022-05-08,residual,4452.77
2022-05-09,actual,66522.57
2022-05-09,trend,64198.19
2022-05-09,seasonal,18.05
2022-05-09,residual,2306.33
2022-05-10,actual,66522.57
2022-05-10,trend,66354.44
2022-05-10,seasonal,8.32
2022-05-10,residual,159.81
2022-05-11,actual,66522.57
2022-05-11,trend,68510.68
2022-05-11,seasonal,-1.32
2022-05-11,residual,-1986.8
2022-05-12,actual,66522.57
2022-05-12,trend,70666.93
2022-05-12,seasonal,-10.84
2022-05-12,residual,-4133.52
2022-05-13,actual,66522.57
2022-05-13,trend,72823.18
2022-05-13,seasonal,-20.08
2022-05-13,residual,-6280.53
2022-05-14,actual,66522.57
2022-05-14,trend,74979.43
2022-05-14,seasonal,-28.31
2022-05-14,residual,-8428.55
2022-05-15,actual,86422.14
2022-05-15,trend,78369.39
2022-05-15,seasonal,27.86
2022-05-15,residual,8024.9
2022-05-16,actual,86422.14
2022-05-16,trend,80929.74
2022-05-16,seasonal,18.05
2022-05-16,residual,5474.34
2022-05-17,actual,86422.14
2022-05-17,trend,83490.09
2022-05-17,seasonal,8.32
2022-05-17,residual,2923.72
2022-05-18,actual,86422.14
2022-05-18,trend,86050.45
2022-05-18,seasonal,-1.32
2022-05-18,residual,373.01
2022-05-19,actual,86422.14
2022-05-19,trend,88610.8
2022-05-19,seasonal,-10.84
2022-05-19,residual,-2177.82
2022-05-20,actual,86422.14
2022-05-20,trend,91171.15
2022-05-20,seasonal,-20.08
2022-05-20,residual,-4728.93
2022-05-21,actual,86422.14
2022-05-21,trend,93731.5
2022-05-21,seasonal,-28.31
2022-05-21,residual,-7281.06
2022-05-22,actual,104927.86
2022-05-22,trend,96351.14
2022-05-22,seasonal,27.86
2022-05-22,residual,8548.86
2022-05-23,actual,104927.86
2022-05-23,trend,97644.14
2022-05-23,seasonal,18.05
2022-05-23,residual,7265.66
2022-05-24,actual,104927.86
2022-05-24,trend,98937.14
2022-05-24,seasonal,8.32
2022-05-24,residual,5982.39
2022-05-25,actual,104927.86
2022-05-25,trend,100230.14
2022-05-25,seasonal,-1.32
2022-05-25,residual,4699.04
2022-05-26,actual,104927.86
2022-05-26,trend,101523.14
2022-05-26,seasonal,-10.84
2022-05-26,residual,3415.56
2022-05-27,actual,104927.86
2022-05-27,trend,102816.14
2022-05-27,seasonal,-20.08
2022-05-27,residual,2131.8
2022-05-28,actual,104927.86
2022-05-28,trend,104109.14
2022-05-28,seasonal,-28.31
2022-05-28,residual,847.02
2022-05-29,actual,105817.14
2022-05-29,trend,104782.21
2022-05-29,seasonal,27.86
2022-05-29,residual,1007.07
2022-05-30,actual,105817.14
2022-05-30,trend,104221.56
2022-05-30,seasonal,18.05
2022-05-30,residual,1577.52
2022-05-31,actual,105817.14
2022-05-31,trend,103660.91
2022-05-31,seasonal,8.32
2022-05-31,residual,2147.9
2022-06-01,actual,105817.14
2022-06-01,trend,103100.27
2022-06-01,seasonal,-1.32
2022-06-01,residual,2718.19
2022-06-02,actual,105817.14
2022-06-02,trend,102539.62
2022-06-02,seasonal,-10.84
2022-06-02,residual,3288.36
2022-06-03,actual,105817.14
2022-06-03,trend,101978.97
2022-06-03,seasonal,-20.08
2022-06-03,residual,3858.25
2022-06-04,actual,105817.14
2022-06-04,trend,101418.32
2022-06-04,seasonal,-28.31
2022-06-04,residual,4427.12
2022-06-05,actual,96518.14
2022-06-05,trend,101480.69
2022-06-05,seasonal,27.86
2022-06-05,residual,-4990.41
2022-06-06,actual,96518.14
2022-06-06,trend,101483.78
2022-06-06,seasonal,18.05
2022-06-06,residual,-4983.69
2022-06-07,actual,96518.14
2022-06-07,trend,101486.86
2022-06-07,seasonal,8.32
2022-06-07,residual,-4977.05
2022-06-08,actual,96518.14
2022-06-08,trend,101489.95
2022-06-08,seasonal,-1.32
2022-06-08,residual,-4970.49
2022-06-09,actual,96518.14
2022-06-09,trend,101493.04
2022-06-09,seasonal,-10.84
2022-06-09,residual,-4964.06
2022-06-10,actual,96518.14
2022-06-10,trend,101496.12
2022-06-10,seasonal,-20.08
2022-06-10,residual,-4957.9
2022-06-11,actual,96518.14
2022-06-11,trend,101499.21
2022-06-11,seasonal,-28.31
2022-06-11,residual,-4952.76
2022-06-12,actual,105863.43
2022-06-12,trend,100847.17
2022-06-12,seasonal,27.86
2022-06-12,residual,4988.4
2022-06-13,actual,105863.43
2022-06-13,trend,100815.07
2022-06-13,seasonal,18.05
2022-06-13,residual,5030.31
2022-06-14,actual,105863.43
2022-06-14,trend,100782.96
2022-06-14,seasonal,8.32
2022-06-14,residual,5072.15
2022-06-15,actual,105863.43
2022-06-15,trend,100750.86
2022-06-15,seasonal,-1.32
2022-06-15,residual,5113.89
2022-06-16,actual,105863.43
2022-06-16,trend,100718.75
2022-06-16,seasonal,-10.84
2022-06-16,residual,5155.52
2022-06-17,actual,105863.43
2022-06-17,trend,100686.65
2022-06-17,seasonal,-20.08
2022-06-17,residual,5196.87
2022-06-18,actual,105863.43
2022-06-18,trend,100654.54
2022-06-18,seasonal,-28.31
2022-06-18,residual,5237.19
2022-06-19,actual,96036.57
2022-06-19,trend,100978.45
2022-06-19,seasonal,27.86
2022-06-19,residual,-4969.73
2022-06-20,actual,96036.57
2022-06-20,trend,100679.33
2022-06-20,seasonal,18.05
2022-06-20,residual,-4660.82
2022-06-21,actual,96036.57
2022-06-21,trend,100380.22
2022-06-21,seasonal,8.32
2022-06-21,residual,-4351.97
2022-06-22,actual,96036.57
2022-06-22,trend,100081.1
2022-06-22,seasonal,-1.32
2022-06-22,residual,-4043.21
2022-06-23,actual,96036.57
2022-06-23,trend,99781.99
2022-06-23,seasonal,-10.84
2022-06-23,residual,-3734.58
2022-06-24,actual,96036.57
2022-06-24,trend,99482.87
2022-06-24,seasonal,-20.08
2022-06-24,residual,-3426.22
2022-06-25,actual,96036.57
2022-06-25,trend,99183.76
2022-06-25,seasonal,-28.31
2022-06-25,residual,-3118.88
2022-06-26,actual,101376.71
2022-06-26,trend,99495.45
2022-06-26,seasonal,27.86
2022-06-26,residual,1853.4
2022-06-27,actual,101376.71
2022-06-27,trend,100462.27
2022-06-27,seasonal,18.05
2022-06-27,residual,896.38
2022-06-28,actual,101376.71
2022-06-28,trend,101429.09
2022-06-28,seasonal,8.32
2022-06-28,residual,-60.71
2022-06-29,actual,101376.71
2022-06-29,trend,102395.91
2022-06-29,seasonal,-1.32
2022-06-29,residual,-1017.88
2022-06-30,actual,101376.71
2022-06-30,trend,103362.73
2022-06-30,seasonal,-10.84
2022-06-30,residual,-1975.18
2022-07-01,actual,101376.71
2022-07-01,trend,104329.55
2022-07-01,seasonal,-20.08
2022-07-01,residual,-2932.76
2022-07-02,actual,101376.71
2022-07-02,trend,105296.37
2022-07-02,seasonal,-28.31
2022-07-02,residual,-3891.36
2022-07-03,actual,110538.86
2022-07-03,trend,105977.45
2022-07-03,seasonal,27.86
2022-07-03,residual,4533.56
2022-07-04,actual,110538.86
2022-07-04,trend,106302.51
2022-07-04,seasonal,18.05
2022-07-04,residual,4218.29
2022-07-05,actual,110538.86
2022-07-05,trend,106627.58
2022-07-05,seasonal,8.32
2022-07-05,residual,3902.96
2022-07-06,actual,110538.86
2022-07-06,trend,106952.65
2022-07-06,seasonal,-1.32
2022-07-06,residual,3587.53
2022-07-07,actual,110538.86
2022-07-07,trend,107277.71
2022-07-07,seasonal,-10.84
2022-07-07,residual,3271.99
2022-07-08,actual,110538.86
2022-07-08,trend,107602.78
2022-07-08,seasonal,-20.08
2022-07-08,residual,2956.16
2022-07-09,actual,110538.86
2022-07-09,trend,107927.85
2022-07-09,seasonal,-28.31
2022-07-09,residual,2639.32
2022-07-10,actual,106252.71
2022-07-10,trend,109628.72
2022-07-10,seasonal,27.86
2022-07-10,residual,-3403.87
2022-07-11,actual,106252.71
2022-07-11,trend,110718.79
2022-07-11,seasonal,18.05
2022-07-11,residual,-4484.13
2022-07-12,actual,106252.71
2022-07-12,trend,111808.86
2022-07-12,seasonal,8.32
2022-07-12,residual,-5564.47
2022-07-13,actual,106252.71
2022-07-13,trend,112898.92
2022-07-13,seasonal,-1.32
2022-07-13,residual,-6644.89
2022-07-14,actual,106252.71
2022-07-14,trend,113988.99
2022-07-14,seasonal,-10.84
2022-07-14,residual,-7725.44
2022-07-15,actual,106252.71
2022-07-15,trend,115079.06
2022-07-15,seasonal,-20.08
2022-07-15,residual,-8806.26
2022-07-16,actual,106252.71
2022-07-16,trend,116169.12
2022-07-16,seasonal,-28.31
2022-07-16,residual,-9888.11
2022-07-17,actual,126889.86
2022-07-17,trend,117454.1
2022-07-17,seasonal,27.86
2022-07-17,residual,9407.9
2022-07-18,actual,126889.86
2022-07-18,trend,119024.83
2022-07-18,seasonal,18.05
2022-07-18,residual,7846.98
2022-07-19,actual,126889.86
2022-07-19,trend,120595.55
2022-07-19,seasonal,8.32
2022-07-19,residual,6285.99
2022-07-20,actual,126889.86
2022-07-20,trend,122166.28
2022-07-20,seasonal,-1.32
2022-07-20,residual,4724.9
2022-07-21,actual,126889.86
2022-07-21,trend,123737.0
2022-07-21,seasonal,-10.84
2022-07-21,residual,3163.7
2022-07-22,actual,126889.86
2022-07-22,trend,125307.72
2022-07-22,seasonal,-20.08
2022-07-22,residual,1602.22
2022-07-23,actual,126889.86
2022-07-23,trend,126878.45
2022-07-23,seasonal,-28.31
2022-07-23,residual,39.72
2022-07-24,actual,129813.57
2022-07-24,trend,128823.34
2022-07-24,seasonal,27.86
2022-07-24,residual,962.37
2022-07-25,actual,129813.57
2022-07-25,trend,129392.43
2022-07-25,seasonal,18.05
2022-07-25,residual,403.09
2022-07-26,actual,129813.57
2022-07-26,trend,129961.51
2022-07-26,seasonal,8.32
2022-07-26,residual,-156.27
2022-07-27,actual,129813.57
2022-07-27,trend,130530.6
2022-07-27,seasonal,-1.32
2022-07-27,residual,-715.71
2022-07-28,actual,129813.57
2022-07-28,trend,131099.68
2022-07-28,seasonal,-10.84
2022-07-28,residual,-1275.27
2022-07-29,actual,129813.57
2022-07-29,trend,131668.77
2022-07-29,seasonal,-20.08
2022-07-29,residual,-1835.12
2022-07-30,actual,129813.57
2022-07-30,trend,132237.86
2022-07-30,seasonal,-28.31
2022-07-30,residual,-2395.98
2022-07-31,actual,135426.14
2022-07-31,trend,131283.78
2022-07-31,seasonal,27.86
2022-07-31,residual,4114.51
2022-08-01,actual,135426.14
2022-08-01,trend,130134.79
2022-08-01,seasonal,18.05
2022-08-01,residual,5273.3
2022-08-02,actual,135426.14
2022-08-02,trend,128985.8
2022-08-02,seasonal,8.32
2022-08-02,residual,6432.02
2022-08-03,actual,135426.14
2022-08-03,trend,127836.81
2022-08-03,seasonal,-1.32
2022-08-03,residual,7590.65
2022-08-04,actual,135426.14
2022-08-04,trend,126687.82
2022-08-04,seasonal,-10.84
2022-08-04,residual,8749.17
2022-08-05,actual,135426.14
2022-08-05,trend,125538.83
2022-08-05,seasonal,-20.08
2022-08-05,residual,9907.4
2022-08-06,actual,135426.14
2022-08-06,trend,124389.83
2022-08-06,seasonal,-28.31
2022-08-06,residual,11064.61
2022-08-07,actual,112578.71
2022-08-07,trend,122417.67
2022-08-07,seasonal,27.86
2022-08-07,residual,-9866.82
2022-08-08,actual,112578.71
2022-08-08,trend,120071.34
2022-08-08,seasonal,18.05
2022-08-08,residual,-7510.68
2022-08-09,actual,112578.71
2022-08-09,trend,117725.01
2022-08-09,seasonal,8.32
2022-08-09,residual,-5154.62
2022-08-10,actual,112578.71
2022-08-10,trend,115378.67
2022-08-10,seasonal,-1.32
2022-08-10,residual,-2798.64
2022-08-11,actual,112578.71
2022-08-11,trend,113032.34
2022-08-11,seasonal,-10.84
2022-08-11,residual,-442.79
2022-08-12,actual,112578.71
2022-08-12,trend,110686.01
2022-08-12,seasonal,-20.08
2022-08-12,residual,1912.79
2022-08-13,actual,112578.71
2022-08-13,trend,108339.67
2022-08-13,seasonal,-28.31
2022-08-13,residual,4267.34
2022-08-14,actual,100231.14
2022-08-14,trend,105453.41
2022-08-14,seasonal,27.86
2022-08-14,residual,-5250.12
2022-08-15,actual,100231.14
2022-08-15,trend,104090.3
2022-08-15,seasonal,18.05
2022-08-15,residual,-3877.22
2022-08-16,actual,100231.14
2022-08-16,trend,102727.2
2022-08-16,seasonal,8.32
2022-08-16,residual,-2504.38
2022-08-17,actual,100231.14
2022-08-17,trend,101364.09
2022-08-17,seasonal,-1.32
2022-08-17,residual,-1131.63
2022-08-18,actual,100231.14
2022-08-18,trend,100000.99
2022-08-18,seasonal,-10.84
2022-08-18,residual,240.99
2022-08-19,actual,100231.14
2022-08-19,trend,98637.88
2022-08-19,seasonal,-20.08
2022-08-19,residual,1613.34
2022-08-20,actual,100231.14
2022-08-20,trend,97274.78
2022-08-20,seasonal,-28.31
2022-08-20,residual,2984.67
2022-08-21,actual,92132.14
2022-08-21,trend,95582.19
2022-08-21,seasonal,27.86
2022-08-21,residual,-3477.9
2022-08-22,actual,92132.14
2022-08-22,trend,94712.77
2022-08-22,seasonal,18.05
2022-08-22,residual,-2598.68
2022-08-23,actual,92132.14
2022-08-23,trend,93843.35
2022-08-23,seasonal,8.32
2022-08-23,residual,-1719.53
2022-08-24,actual,92132.14
2022-08-24,trend,92973.93
2022-08-24,seasonal,-1.32
2022-08-24,residual,-840.47
2022-08-25,actual,92132.14
2022-08-25,trend,92104.51
2022-08-25,seasonal,-10.84
2022-08-25,residual,38.47
2022-08-26,actual,92132.14
2022-08-26,trend,91235.09
2022-08-26,seasonal,-20.08
2022-08-26,residual,917.13
2022-08-27,actual,92132.14
2022-08-27,trend,90365.68
2022-08-27,seasonal,-28.31
2022-08-27,residual,1794.77
2022-08-28,actual,87189.86
2022-08-28,trend,89210.87
2022-08-28,seasonal,27.86
2022-08-28,residual,-2048.86
2022-08-29,actual,87189.86
2022-08-29,trend,88595.99
2022-08-29,seasonal,18.05
2022-08-29,residual,-1424.19
2022-08-30,actual,87189.86
2022-08-30,trend,87981.11
2022-08-30,seasonal,8.32
2022-08-30,residual,-799.58
2022-08-31,actual,87189.86
2022-08-31,trend,87366.24
2022-08-31,seasonal,-1.32
2022-08-31,residual,-175.06
2022-09-01,actual,87189.86
2022-09-01,trend,86751.36
2022-09-01,seasonal,-10.84
2022-09-01,residual,449.34
2022-09-02,actual,87189.86
2022-09-02,trend,86136.49
2022-09-02,seasonal,-20.08
2022-09-02,residual,1073.46
2022-09-03,actual,87189.86
2022-09-03,trend,85521.61
2022-09-03,seasonal,-28.31
2022-09-03,residual,1696.55
2022-09-04,actual,82909.0
2022-09-04,trend,83660.51
2022-09-04,seasonal,27.86
2022-09-04,residual,-779.36
2022-09-05,actual,82909.0
2022-09-05,trend,82128.89
2022-09-05,seasonal,18.05
2022-09-05,residual,762.06
2022-09-06,actual,82909.0
2022-09-06,trend,80597.27
2022-09-06,seasonal,8.32
2022-09-06,residual,2303.41
2022-09-07,actual,82909.0
2022-09-07,trend,79065.65
2022-09-07,seasonal,-1.32
2022-09-07,residual,3844.67
2022-09-08,actual,82909.0
2022-09-08,trend,77534.03
2022-09-08,seasonal,-10.84
2022-09-08,residual,5385.81
2022-09-09,actual,82909.0
2022-09-09,trend,76002.41
2022-09-09,seasonal,-20.08
2022-09-09,residual,6926.67
2022-09-10,actual,82909.0
2022-09-10,trend,74470.79
2022-09-10,seasonal,-28.31
2022-09-10,residual,8466.52
2022-09-11,actual,64215.57
2022-09-11,trend,72533.38
2022-09-11,seasonal,27.86
2022-09-11,residual,-8345.67
2022-09-12,actual,64215.57
2022-09-12,trend,70881.36
2022-09-12,seasonal,18.05
2022-09-12,residual,-6683.85
2022-09-13,actual,64215.57
2022-09-13,trend,69229.34
2022-09-13,seasonal,8.32
2022-09-13,residual,-5022.09
2022-09-14,actual,64215.57
2022-09-14,trend,67577.32
2022-09-14,seasonal,-1.32
2022-09-14,residual,-3360.43
2022-09-15,actual,64215.57
2022-09-15,trend,65925.3
2022-09-15,seasonal,-10.84
2022-09-15,residual,-1698.89
2022-09-16,actual,64215.57
2022-09-16,trend,64273.28
2022-09-16,seasonal,-20.08
2022-09-16,residual,-37.63
2022-09-17,actual,64215.57
2022-09-17,trend,62621.26
2022-09-17,seasonal,-28.31
2022-09-17,residual,1622.61
2022-09-18,actual,58128.71
2022-09-18,trend,60605.66
2022-09-18,seasonal,27.86
2022-09-18,residual,-2504.81
2022-09-19,actual,58128.71
2022-09-19,trend,59836.29
2022-09-19,seasonal,18.05
2022-09-19,residual,-1725.64
2022-09-20,actual,58128.71
2022-09-20,trend,59066.92
2022-09-20,seasonal,8.32
2022-09-20,residual,-946.53
2022-09-21,actual,58128.71
2022-09-21,trend,58297.55
2022-09-21,seasonal,-1.32
2022-09-21,residual,-167.52
2022-09-22,actual,58128.71
2022-09-22,trend,57528.18
2022-09-22,seasonal,-10.84
2022-09-22,residual,611.37
2022-09-23,actual,58128.71
2022-09-23,trend,56758.81
2022-09-23,seasonal,-20.08
2022-09-23,residual,1389.99
2022-09-24,actual,58128.71
2022-09-24,trend,55989.44
2022-09-24,seasonal,-28.31
2022-09-24,residual,2167.58
2022-09-25,actual,52675.0
2022-09-25,trend,54767.77
2022-09-25,seasonal,27.86
2022-09-25,residual,-2120.63
2022-09-26,actual,52675.0
2022-09-26,trend,53951.89
2022-09-26,seasonal,18.05
2022-09-26,residual,-1294.95
2022-09-27,actual,52675.0
2022-09-27,trend,53136.02
2022-09-27,seasonal,8.32
2022-09-27,residual,-469.34
2022-09-28,actual,52675.0
2022-09-28,trend,52320.14
2022-09-28,seasonal,-1.32
2022-09-28,residual,356.18
2022-09-29,actual,52675.0
2022-09-29,trend,51504.27
2022-09-29,seasonal,-10.84
2022-09-29,residual,1181.58
2022-09-30,actual,52675.0
2022-09-30,trend,50688.39
2022-09-30,seasonal,-20.08
2022-09-30,residual,2006.69
2022-10-01,actual,52675.0
2022-10-01,trend,49872.51
2022-10-01,seasonal,-28.31
2022-10-01,residual,2830.79
2022-10-02,actual,45890.57
2022-10-02,trend,48669.49
2022-10-02,seasonal,27.86
2022-10-02,residual,-2806.78
2022-10-03,actual,45890.57
2022-10-03,trend,47830.06
2022-10-03,seasonal,18.05
2022-10-03,residual,-1957.54
2022-10-04,actual,45890.57
2022-10-04,trend,46990.62
2022-10-04,seasonal,8.32
2022-10-04,residual,-1108.37
2022-10-05,actual,45890.57
2022-10-05,trend,46151.18
2022-10-05,seasonal,-1.32
2022-10-05,residual,-259.29
2022-10-06,actual,45890.57
2022-10-06,trend,45311.74
2022-10-06,seasonal,-10.84
2022-10-06,residual,589.67
2022-10-07,actual,45890.57
2022-10-07,trend,44472.3
2022-10-07,seasonal,-20.08
2022-10-07,residual,1438.35
2022-10-08,actual,45890.57
2022-10-08,trend,43632.87
2022-10-08,seasonal,-28.31
2022-10-08,residual,2286.01
2022-10-09,actual,40083.43
2022-10-09,trend,42514.34
2022-10-09,seasonal,27.86
2022-10-09,residual,-2458.77
2022-10-10,actual,40083.43
2022-10-10,trend,41848.11
2022-10-10,seasonal,18.05
2022-10-10,residual,-1782.74
2022-10-11,actual,40083.43
2022-10-11,trend,41181.89
2022-10-11,seasonal,8.32
2022-10-11,residual,-1106.78
2022-10-12,actual,40083.43
2022-10-12,trend,40515.66
2022-10-12,seasonal,-1.32
2022-10-12,residual,-430.91
2022-10-13,actual,40083.43
2022-10-13,trend,39849.43
2022-10-13,seasonal,-10.84
2022-10-13,residual,244.84
2022-10-14,actual,40083.43
2022-10-14,trend,39183.2
2022-10-14,seasonal,-20.08
2022-10-14,residual,920.31
2022-10-15,actual,40083.43
2022-10-15,trend,38516.97
2022-10-15,seasonal,-28.31
2022-10-15,residual,1594.76
2022-10-16,actual,35897.14
2022-10-16,trend,38159.83
2022-10-16,seasonal,27.86
2022-10-16,residual,-2290.54
2022-10-17,actual,35897.14
2022-10-17,trend,38189.83
2022-10-17,seasonal,18.05
2022-10-17,residual,-2310.74
2022-10-18,actual,35897.14
2022-10-18,trend,38219.83
2022-10-18,seasonal,8.32
2022-10-18,residual,-2331.01
2022-10-19,actual,35897.14
2022-10-19,trend,38249.83
2022-10-19,seasonal,-1.32
2022-10-19,residual,-2351.37
2022-10-20,actual,35897.14
2022-10-20,trend,38279.83
2022-10-20,seasonal,-10.84
2022-10-20,residual,-2371.85
2022-10-21,actual,35897.14
2022-10-21,trend,38309.83
2022-10-21,seasonal,-20.08
2022-10-21,residual,-2392.61
2022-10-22,actual,35897.14
2022-10-22,trend,38339.83
2022-10-22,seasonal,-28.31
2022-10-22,residual,-2414.38
2022-10-23,actual,40533.43
2022-10-23,trend,38097.66
2022-10-23,seasonal,27.86
2022-10-23,residual,2407.92
2022-10-24,actual,40533.43
2022-10-24,trend,38134.57
2022-10-24,seasonal,18.05
2022-10-24,residual,2380.8
2022-10-25,actual,40533.43
2022-10-25,trend,38171.49
2022-10-25,seasonal,8.32
2022-10-25,residual,2353.62
2022-10-26,actual,40533.43
2022-10-26,trend,38208.4
2022-10-26,seasonal,-1.32
2022-10-26,residual,2326.35
2022-10-27,actual,40533.43
2022-10-27,trend,38245.32
2022-10-27,seasonal,-10.84
2022-10-27,residual,2298.96
2022-10-28,actual,40533.43
2022-10-28,trend,38282.23
2022-10-28,seasonal,-20.08
2022-10-28,residual,2271.28
2022-10-29,actual,40533.43
2022-10-29,trend,38319.14
2022-10-29,seasonal,-28.31
2022-10-29,residual,2242.59
2022-10-30,actual,36450.86
2022-10-30,trend,38471.75
2022-10-30,seasonal,27.86
2022-10-30,residual,-2048.75
2022-10-31,actual,36450.86
2022-10-31,trend,38315.28
2022-10-31,seasonal,18.05
2022-10-31,residual,-1882.47
2022-11-01,actual,36450.86
2022-11-01,trend,38158.8
2022-11-01,seasonal,8.32
2022-11-01,residual,-1716.27
2022-11-02,actual,36450.86
2022-11-02,trend,38002.33
2022-11-02,seasonal,-1.32
2022-11-02,residual,-1550.15
2022-11-03,actual,36450.86
2022-11-03,trend,37845.85
2022-11-03,seasonal,-10.84
2022-11-03,residual,-1384.15
2022-11-04,actual,36450.86
2022-11-04,trend,37689.37
2022-11-04,seasonal,-20.08
2022-11-04,residual,-1218.43
2022-11-05,actual,36450.86
2022-11-05,trend,37532.9
2022-11-05,seasonal,-28.31
2022-11-05,residual,-1053.73
2022-11-06,actual,38186.29
2022-11-06,trend,37524.93
2022-11-06,seasonal,27.86
2022-11-06,residual,633.51
2022-11-07,actual,38186.29
2022-11-07,trend,37789.13
2022-11-07,seasonal,18.05
2022-11-07,residual,379.11
2022-11-08,actual,38186.29
2022-11-08,trend,38053.33
2022-11-08,seasonal,8.32
2022-11-08,residual,124.64
2022-11-09,actual,38186.29
2022-11-09,trend,38317.53
2022-11-09,seasonal,-1.32
2022-11-09,residual,-129.92
2022-11-10,actual,38186.29
2022-11-10,trend,38581.73
2022-11-10,seasonal,-10.84
2022-11-10,residual,-384.6
2022-11-11,actual,38186.29
2022-11-11,trend,38845.93
2022-11-11,seasonal,-20.08
2022-11-11,residual,-639.55
2022-11-12,actual,38186.29
2022-11-12,trend,39110.13
2022-11-12,seasonal,-28.31
2022-11-12,residual,-895.53
2022-11-13,actual,40413.86
2022-11-13,trend,39298.97
2022-11-13,seasonal,27.86
2022-11-13,residual,1087.04
2022-11-14,actual,40413.86
2022-11-14,trend,39372.11
2022-11-14,seasonal,18.05
2022-11-14,residual,1023.7
2022-11-15,actual,40413.86
2022-11-15,trend,39445.25
2022-11-15,seasonal,8.32
2022-11-15,residual,960.29
2022-11-16,actual,40413.86
2022-11-16,trend,39518.39
2022-11-16,seasonal,-1.32
2022-11-16,residual,896.79
2022-11-17,actual,40413.86
2022-11-17,trend,39591.54
2022-11-17,seasonal,-10.84
2022-11-17,residual,833.17
2022-11-18,actual,40413.86
2022-11-18,trend,39664.68
2022-11-18,seasonal,-20.08
2022-11-18,residual,769.26
2022-11-19,actual,40413.86
2022-11-19,trend,39737.82
2022-11-19,seasonal,-28.31
2022-11-19,residual,704.34
2022-11-20,actual,39283.43
2022-11-20,trend,40050.84
2022-11-20,seasonal,27.86
2022-11-20,residual,-795.27
2022-11-21,actual,39283.43
2022-11-21,trend,40215.35
2022-11-21,seasonal,18.05
2022-11-21,residual,-949.98
2022-11-22,actual,39283.43
2022-11-22,trend,40379.87
2022-11-22,seasonal,8.32
2022-11-22,residual,-1104.76
2022-11-23,actual,39283.43
2022-11-23,trend,40544.38
2022-11-23,seasonal,-1.32
2022-11-23,residual,-1259.63
2022-11-24,actual,39283.43
2022-11-24,trend,40708.9
2022-11-24,seasonal,-10.84
2022-11-24,residual,-1414.62
2022-11-25,actual,39283.43
2022-11-25,trend,40873.41
2022-11-25,seasonal,-20.08
2022-11-25,residual,-1569.9
2022-11-26,actual,39283.43
2022-11-26,trend,41037.92
2022-11-26,seasonal,-28.31
2022-11-26,residual,-1726.19
2022-11-27,actual,42881.57
2022-11-27,trend,41225.56
2022-11-27,seasonal,27.86
2022-11-27,residual,1628.15
2022-11-28,actual,42881.57
2022-11-28,trend,41488.56
2022-11-28,seasonal,18.05
2022-11-28,residual,1374.95
2022-11-29,actual,42881.57
2022-11-29,trend,41751.56
2022-11-29,seasonal,8.32
2022-11-29,residual,1121.69
2022-11-30,actual,42881.57
2022-11-30,trend,42014.56
2022-11-30,seasonal,-1.32
2022-11-30,residual,868.33
2022-12-01,actual,42881.57
2022-12-01,trend,42277.56
2022-12-01,seasonal,-10.84
2022-12-01,residual,614.85
2022-12-02,actual,42881.57
2022-12-02,trend,42540.56
2022-12-02,seasonal,-20.08
2022-12-02,residual,361.09
2022-12-03,actual,42881.57
2022-12-03,trend,42803.56
2022-12-03,seasonal,-28.31
2022-12-03,residual,106.31
2022-12-04,actual,43228.43
2022-12-04,trend,44586.79
2022-12-04,seasonal,27.86
2022-12-04,residual,-1386.22
2022-12-05,actual,43228.43
2022-12-05,trend,46130.14
2022-12-05,seasonal,18.05
2022-12-05,residual,-2919.77
2022-12-06,actual,43228.43
2022-12-06,trend,47673.5
2022-12-06,seasonal,8.32
2022-12-06,residual,-4453.39
2022-12-07,actual,43228.43
2022-12-07,trend,49216.85
2022-12-07,seasonal,-1.32
2022-12-07,residual,-5987.1
2022-12-08,actual,43228.43
2022-12-08,trend,50760.2
2022-12-08,seasonal,-10.84
2022-12-08,residual,-7520.93
2022-12-09,actual,43228.43
2022-12-09,trend,52303.55
2022-12-09,seasonal,-20.08
2022-12-09,residual,-9055.04
2022-12-10,actual,43228.43
2022-12-10,trend,53846.91
2022-12-10,seasonal,-28.31
2022-12-10,residual,-10590.17
2022-12-11,actual,66031.86
2022-12-11,trend,55235.89
2022-12-11,seasonal,27.86
2022-12-11,residual,10768.12
2022-12-12,actual,66031.86
2022-12-12,trend,56601.75
2022-12-12,seasonal,18.05
2022-12-12,residual,9412.06
2022-12-13,actual,66031.86
2022-12-13,trend,57967.6
2022-12-13,seasonal,8.32
2022-12-13,residual,8055.93
2022-12-14,actual,66031.86
2022-12-14,trend,59333.46
2022-12-14,seasonal,-1.32
2022-12-14,residual,6699.72
2022-12-15,actual,66031.86
2022-12-15,trend,60699.32
2022-12-15,seasonal,-10.84
2022-12-15,residual,5343.38
2022-12-16,actual,66031.86
2022-12-16,trend,62065.17
2022-12-16,seasonal,-20.08
2022-12-16,residual,3986.77
2022-12-17,actual,66031.86
2022-12-17,trend,63431.03
2022-12-17,seasonal,-28.31
2022-12-17,residual,2629.13
2022-12-18,actual,63716.29
2022-12-18,trend,65387.32
2022-12-18,seasonal,27.86
2022-12-18,residual,-1698.88
2022-12-19,actual,63716.29
2022-12-19,trend,65823.37
2022-12-19,seasonal,18.05
2022-12-19,residual,-2125.14
2022-12-20,actual,63716.29
2022-12-20,trend,66259.43
2022-12-20,seasonal,8.32
2022-12-20,residual,-2551.46
2022-12-21,actual,63716.29
2022-12-21,trend,66695.49
2022-12-21,seasonal,-1.32
2022-12-21,residual,-2977.88
2022-12-22,actual,63716.29
2022-12-22,trend,67131.54
2022-12-22,seasonal,-10.84
2022-12-22,residual,-3404.41
2022-12-23,actual,63716.29
2022-12-23,trend,67567.6
2022-12-23,seasonal,-20.08
2022-12-23,residual,-3831.23
2022-12-24,actual,63716.29
2022-12-24,trend,68003.66
2022-12-24,seasonal,-28.31
2022-12-24,residual,-4259.06
2022-12-25,actual,72572.71
2022-12-25,trend,67336.8
2022-12-25,seasonal,27.86
2022-12-25,residual,5208.05
2022-12-26,actual,72572.71
2022-12-26,trend,66824.31
2022-12-26,seasonal,18.05
2022-12-26,residual,5730.34
2022-12-27,actual,72572.71
2022-12-27,trend,66311.83
2022-12-27,seasonal,8.32
2022-12-27,residual,6252.56
2022-12-28,actual,72572.71
2022-12-28,trend,65799.34
2022-12-28,seasonal,-1.32
2022-12-28,residual,6774.69
2022-12-29,actual,72572.71
2022-12-29,trend,65286.86
2022-12-29,seasonal,-10.84
2022-12-29,residual,7296.7
2022-12-30,actual,72572.71
2022-12-30,trend,64774.37
2022-12-30,seasonal,-20.08
2022-12-30,residual,7818.42
2022-12-31,actual,72572.71
2022-12-31,trend,64261.88
2022-12-31,seasonal,-28.31
2022-12-31,residual,8339.13
2023-01-01,actual,56029.0
2023-01-01,trend,64506.65
2023-01-01,seasonal,27.86
2023-01-01,residual,-8505.5
2023-01-02,actual,56029.0
2023-01-02,trend,64160.98
2023-01-02,seasonal,18.05
2023-01-02,residual,-8150.03
2023-01-03,actual,56029.0
2023-01-03,trend,63815.31
2023-01-03,seasonal,8.32
2023-01-03,residual,-7794.63
2023-01-04,actual,56029.0
2023-01-04,trend,63469.65
2023-01-04,seasonal,-1.32
2023-01-04,residual,-7439.33
2023-01-05,actual,56029.0
2023-01-05,trend,63123.98
2023-01-05,seasonal,-10.84
2023-01-05,residual,-7084.14
2023-01-06,actual,56029.0
2023-01-06,trend,62778.31
2023-01-06,seasonal,-20.08
2023-01-06,residual,-6729.23
2023-01-07,actual,56029.0
2023-01-07,trend,62432.65
2023-01-07,seasonal,-28.31
2023-01-07,residual,-6375.34
2023-01-08,actual,67387.71
2023-01-08,trend,61862.01
2023-01-08,seasonal,27.86
2023-01-08,residual,5497.85
2023-01-09,actual,67387.71
2023-01-09,trend,62394.28
2023-01-09,seasonal,18.05
2023-01-09,residual,4975.37
2023-01-10,actual,67387.71
2023-01-10,trend,62926.56
2023-01-10,seasonal,8.32
2023-01-10,residual,4452.83
2023-01-11,actual,67387.71
2023-01-11,trend,63458.84
2023-01-11,seasonal,-1.32
2023-01-11,residual,3930.19
2023-01-12,actual,67387.71
2023-01-12,trend,63991.11
2023-01-12,seasonal,-10.84
2023-01-12,residual,3407.44
2023-01-13,actual,67387.71
2023-01-13,trend,64523.39
2023-01-13,seasonal,-20.08
2023-01-13,residual,2884.41
2023-01-14,actual,67387.71
2023-01-14,trend,65055.66
2023-01-14,seasonal,-28.31
2023-01-14,residual,2360.35
2023-01-15,actual,64013.14
2023-01-15,trend,64253.97
2023-01-15,seasonal,27.86
2023-01-15,residual,-268.68
2023-01-16,actual,64013.14
2023-01-16,trend,62695.03
2023-01-16,seasonal,18.05
2023-01-16,residual,1300.06
2023-01-17,actual,64013.14
2023-01-17,trend,61136.08
2023-01-17,seasonal,8.32
2023-01-17,residual,2868.73
2023-01-18,actual,64013.14
2023-01-18,trend,59577.14
2023-01-18,seasonal,-1.32
2023-01-18,residual,4437.32
2023-01-19,actual,64013.14
2023-01-19,trend,58018.2
2023-01-19,seasonal,-10.84
2023-01-19,residual,6005.78
2023-01-20,actual,64013.14
2023-01-20,trend,56459.25
2023-01-20,seasonal,-20.08
2023-01-20,residual,7573.97
2023-01-21,actual,64013.14
2023-01-21,trend,54900.31
2023-01-21,seasonal,-28.31
2023-01-21,residual,9141.13
2023-01-22,actual,44003.57
2023-01-22,trend,53216.06
2023-01-22,seasonal,27.86
2023-01-22,residual,-9240.34
2023-01-23,actual,44003.57
2023-01-23,trend,51756.77
2023-01-23,seasonal,18.05
2023-01-23,residual,-7771.25
2023-01-24,actual,44003.57
2023-01-24,trend,50297.48
2023-01-24,seasonal,8.32
2023-01-24,residual,-6302.24
2023-01-25,actual,44003.57
2023-01-25,trend,48838.2
2023-01-25,seasonal,-1.32
2023-01-25,residual,-4833.31
2023-01-26,actual,44003.57
2023-01-26,trend,47378.91
2023-01-26,seasonal,-10.84
2023-01-26,residual,-3364.5
2023-01-27,actual,44003.57
2023-01-27,trend,45919.63
2023-01-27,seasonal,-20.08
2023-01-27,residual,-1895.98
2023-01-28,actual,44003.57
2023-01-28,trend,44460.34
2023-01-28,seasonal,-28.31
2023-01-28,residual,-428.47
2023-01-29,actual,42123.86
2023-01-29,trend,42910.91
2023-01-29,seasonal,27.86
2023-01-29,residual,-814.91
2023-01-30,actual,42123.86
2023-01-30,trend,42695.46
2023-01-30,seasonal,18.05
2023-01-30,residual,-589.65
2023-01-31,actual,42123.86
2023-01-31,trend,42480.0
2023-01-31,seasonal,8.32
2023-01-31,residual,-364.46
2023-02-01,actual,42123.86
2023-02-01,trend,42264.54
2023-02-01,seasonal,-1.32
2023-02-01,residual,-139.36
2023-02-02,actual,42123.86
2023-02-02,trend,42049.09
2023-02-02,seasonal,-10.84
2023-02-02,residual,85.62
2023-02-03,actual,42123.86
2023-02-03,trend,41833.63
2023-02-03,seasonal,-20.08
2023-02-03,residual,310.31
2023-02-04,actual,42123.86
2023-02-04,trend,41618.17
2023-02-04,seasonal,-28.31
2023-02-04,residual,533.99
2023-02-05,actual,40771.71
2023-02-05,trend,41334.39
2023-02-05,seasonal,27.86
2023-02-05,residual,-590.54
2023-02-06,actual,40771.71
2023-02-06,trend,41175.92
2023-02-06,seasonal,18.05
2023-02-06,residual,-422.27
2023-02-07,actual,40771.71
2023-02-07,trend,41017.46
2023-02-07,seasonal,8.32
2023-02-07,residual,-254.07
2023-02-08,actual,40771.71
2023-02-08,trend,40858.99
2023-02-08,seasonal,-1.32
2023-02-08,residual,-85.96
2023-02-09,actual,40771.71
2023-02-09,trend,40700.52
2023-02-09,seasonal,-10.84
2023-02-09,residual,82.03
2023-02-10,actual,40771.71
2023-02-10,trend,40542.06
2023-02-10,seasonal,-20.08
2023-02-10,residual,249.74
2023-02-11,actual,40771.71
2023-02-11,trend,40383.59
2023-02-11,seasonal,-28.31
2023-02-11,residual,416.43
2023-02-12,actual,39746.86
2023-02-12,trend,39997.92
2023-02-12,seasonal,27.86
2023-02-12,residual,-278.92
2023-02-13,actual,39746.86
2023-02-13,trend,39702.4
2023-02-13,seasonal,18.05
2023-02-13,residual,26.41
2023-02-14,actual,39746.86
2023-02-14,trend,39406.88
2023-02-14,seasonal,8.32
2023-02-14,residual,331.66
2023-02-15,actual,39746.86
2023-02-15,trend,39111.35
2023-02-15,seasonal,-1.32
2023-02-15,residual,636.83
2023-02-16,actual,39746.86
2023-02-16,trend,38815.83
2023-02-16,seasonal,-10.84
2023-02-16,residual,941.87
2023-02-17,actual,39746.86
2023-02-17,trend,38520.31
2023-02-17,seasonal,-20.08
2023-02-17,residual,1246.64
2023-02-18,actual,39746.86
2023-02-18,trend,38224.78
2023-02-18,seasonal,-28.31
2023-02-18,residual,1550.38
2023-02-19,actual,36338.86
2023-02-19,trend,38051.13
2023-02-19,seasonal,27.86
2023-02-19,residual,-1740.12
2023-02-20,actual,36338.86
2023-02-20,trend,37945.79
2023-02-20,seasonal,18.05
2023-02-20,residual,-1624.99
2023-02-21,actual,36338.86
2023-02-21,trend,37840.46
2023-02-21,seasonal,8.32
2023-02-21,residual,-1509.92
2023-02-22,actual,36338.86
2023-02-22,trend,37735.13
2023-02-22,seasonal,-1.32
2023-02-22,residual,-1394.95
2023-02-23,actual,36338.86
2023-02-23,trend,37629.79
2023-02-23,seasonal,-10.84
2023-02-23,residual,-1280.09
2023-02-24,actual,36338.86
2023-02-24,trend,37524.46
2023-02-24,seasonal,-20.08
2023-02-24,residual,-1165.52
2023-02-25,actual,36338.86
2023-02-25,trend,37419.13
2023-02-25,seasonal,-28.31
2023-02-25,residual,-1051.96
2023-02-26,actual,38166.86
2023-02-26,trend,36939.13
2023-02-26,seasonal,27.86
2023-02-26,residual,1199.88
2023-02-27,actual,38166.86
2023-02-27,trend,36686.33
2023-02-27,seasonal,18.05
2023-02-27,residual,1462.48
2023-02-28,actual,38166.86
2023-02-28,trend,36433.53
2023-02-28,seasonal,8.32
2023-02-28,residual,1725.01
2023-03-01,actual,38166.86
2023-03-01,trend,36180.73
2023-03-01,seasonal,-1.32
2023-03-01,residual,1987.45
2023-03-02,actual,38166.86
2023-03-02,trend,35927.93
2023-03-02,seasonal,-10.84
2023-03-02,residual,2249.77
2023-03-03,actual,38166.86
2023-03-03,trend,35675.13
2023-03-03,seasonal,-20.08
2023-03-03,residual,2511.82
2023-03-04,actual,38166.86
2023-03-04,trend,35422.33
2023-03-04,seasonal,-28.31
2023-03-04,residual,2772.84
2023-03-05,actual,32546.86
2023-03-05,trend,34624.43
2023-03-05,seasonal,27.86
2023-03-05,residual,-2105.43
2023-03-06,actual,32546.86
2023-03-06,trend,33704.67
2023-03-06,seasonal,18.05
2023-03-06,residual,-1175.86
2023-03-07,actual,32546.86
2023-03-07,trend,32784.91
2023-03-07,seasonal,8.32
2023-03-07,residual,-246.37
2023-03-08,actual,32546.86
2023-03-08,trend,31865.15
2023-03-08,seasonal,-1.32
2023-03-08,residual,683.03
2023-03-09,actual,32546.86
2023-03-09,trend,30945.38
2023-03-09,seasonal,-10.84
2023-03-09,residual,1612.32
2023-03-10,actual,32546.86
2023-03-10,trend,30025.62
2023-03-10,seasonal,-20.08
2023-03-10,residual,2541.32
2023-03-11,actual,32546.86
2023-03-11,trend,29105.86
2023-03-11,seasonal,-28.31
2023-03-11,residual,3469.31
2023-03-12,actual,24370.43
2023-03-12,trend,27767.24
2023-03-12,seasonal,27.86
2023-03-12,residual,-3424.67
2023-03-13,actual,24370.43
2023-03-13,trend,26803.29
2023-03-13,seasonal,18.05
2023-03-13,residual,-2450.91
2023-03-14,actual,24370.43
2023-03-14,trend,25839.33
2023-03-14,seasonal,8.32
2023-03-14,residual,-1477.23
2023-03-15,actual,24370.43
2023-03-15,trend,24875.38
2023-03-15,seasonal,-1.32
2023-03-15,residual,-503.63
2023-03-16,actual,24370.43
2023-03-16,trend,23911.43
2023-03-16,seasonal,-10.84
2023-03-16,residual,469.84
2023-03-17,actual,24370.43
2023-03-17,trend,22947.48
2023-03-17,seasonal,-20.08
2023-03-17,residual,1443.04
2023-03-18,actual,24370.43
2023-03-18,trend,21983.52
2023-03-18,seasonal,-28.31
2023-03-18,residual,2415.21
2023-03-19,actual,18087.57
2023-03-19,trend,21270.57
2023-03-19,seasonal,27.86
2023-03-19,residual,-3210.86
2023-03-20,actual,18087.57
2023-03-20,trend,21102.71
2023-03-20,seasonal,18.05
2023-03-20,residual,-3033.2
2023-03-21,actual,18087.57
2023-03-21,trend,20934.86
2023-03-21,seasonal,8.32
2023-03-21,residual,-2855.61
2023-03-22,actual,18087.57
2023-03-22,trend,20767.0
2023-03-22,seasonal,-1.32
2023-03-22,residual,-2678.11
2023-03-23,actual,18087.57
2023-03-23,trend,20599.14
2023-03-23,seasonal,-10.84
2023-03-23,residual,-2500.73
2023-03-24,actual,18087.57
2023-03-24,trend,20431.28
2023-03-24,seasonal,-20.08
2023-03-24,residual,-2323.63
2023-03-25,actual,18087.57
2023-03-25,trend,20263.43
2023-03-25,seasonal,-28.31
2023-03-25,residual,-2147.55
2023-03-26,actual,21852.57
2023-03-26,trend,20318.33
2023-03-26,seasonal,27.86
2023-03-26,residual,1506.38
2023-03-27,actual,21852.57
2023-03-27,trend,20792.09
2023-03-27,seasonal,18.05
2023-03-27,residual,1042.42
2023-03-28,actual,21852.57
2023-03-28,trend,21265.86
2023-03-28,seasonal,8.32
2023-03-28,residual,578.39
2023-03-29,actual,21852.57
2023-03-29,trend,21739.62
2023-03-29,seasonal,-1.32
2023-03-29,residual,114.27
2023-03-30,actual,21852.57
2023-03-30,trend,22213.38
2023-03-30,seasonal,-10.84
2023-03-30,residual,-349.97
2023-03-31,actual,21852.57
2023-03-31,trend,22687.14
2023-03-31,seasonal,-20.08
2023-03-31,residual,-814.49
2023-04-01,actual,21852.57
2023-04-01,trend,23160.9
2023-04-01,seasonal,-28.31
2023-04-01,residual,-1280.03
2023-04-02,actual,25194.0
2023-04-02,trend,22940.51
2023-04-02,seasonal,27.86
2023-04-02,residual,2225.63
2023-04-03,actual,25194.0
2023-04-03,trend,22469.12
2023-04-03,seasonal,18.05
2023-04-03,residual,2706.82
2023-04-04,actual,25194.0
2023-04-04,trend,21997.73
2023-04-04,seasonal,8.32
2023-04-04,residual,3187.95
2023-04-05,actual,25194.0
2023-04-05,trend,21526.34
2023-04-05,seasonal,-1.32
2023-04-05,residual,3668.98
2023-04-06,actual,25194.0
2023-04-06,trend,21054.95
2023-04-06,seasonal,-10.84
2023-04-06,residual,4149.89
2023-04-07,actual,25194.0
2023-04-07,trend,20583.56
2023-04-07,seasonal,-20.08
2023-04-07,residual,4630.52
2023-04-08,actual,25194.0
2023-04-08,trend,20112.17
2023-04-08,seasonal,-28.31
2023-04-08,residual,5110.14
2023-04-09,actual,14781.71
2023-04-09,trend,19646.35
2023-04-09,seasonal,27.86
2023-04-09,residual,-4892.5
2023-04-10,actual,14781.71
2023-04-10,trend,18957.77
2023-04-10,seasonal,18.05
2023-04-10,residual,-4194.11
2023-04-11,actual,14781.71
2023-04-11,trend,18269.19
2023-04-11,seasonal,8.32
2023-04-11,residual,-3495.8
2023-04-12,actual,14781.71
2023-04-12,trend,17580.61
2023-04-12,seasonal,-1.32
2023-04-12,residual,-2797.58
2023-04-13,actual,14781.71
2023-04-13,trend,16892.03
2023-04-13,seasonal,-10.84
2023-04-13,residual,-2099.48
2023-04-14,actual,14781.71
2023-04-14,trend,16203.45
2023-04-14,seasonal,-20.08
2023-04-14,residual,-1401.65
2023-04-15,actual,14781.71
2023-04-15,trend,15514.87
2023-04-15,seasonal,-28.31
2023-04-15,residual,-704.85
2023-04-16,actual,14865.29
2023-04-16,trend,14773.05
2023-04-16,seasonal,27.86
2023-04-16,residual,64.39
2023-04-17,actual,14865.29
2023-04-17,trend,14725.38
2023-04-17,seasonal,18.05
2023-04-17,residual,121.85
2023-04-18,actual,14865.29
2023-04-18,trend,14677.71
2023-04-18,seasonal,8.32
2023-04-18,residual,179.25
2023-04-19,actual,14865.29
2023-04-19,trend,14630.05
2023-04-19,seasonal,-1.32
2023-04-19,residual,236.56
2023-04-20,actual,14865.29
2023-04-20,trend,14582.38
2023-04-20,seasonal,-10.84
2023-04-20,residual,293.75
2023-04-21,actual,14865.29
2023-04-21,trend,14534.71
2023-04-21,seasonal,-20.08
2023-04-21,residual,350.66
2023-04-22,actual,14865.29
2023-04-22,trend,14487.05
2023-04-22,seasonal,-28.31
2023-04-22,residual,406.55
2023-04-23,actual,14066.71
2023-04-23,trend,14325.26
2023-04-23,seasonal,27.86
2023-04-23,residual,-286.4
2023-04-24,actual,14066.71
2023-04-24,trend,14157.9
2023-04-24,seasonal,18.05
2023-04-24,residual,-109.24
2023-04-25,actual,14066.71
2023-04-25,trend,13990.53
2023-04-25,seasonal,8.32
2023-04-25,residual,67.85
2023-04-26,actual,14066.71
2023-04-26,trend,13823.17
2023-04-26,seasonal,-1.32
2023-04-26,residual,244.86
2023-04-27,actual,14066.71
2023-04-27,trend,13655.81
2023-04-27,seasonal,-10.84
2023-04-27,residual,421.74
2023-04-28,actual,14066.71
2023-04-28,trend,13488.45
2023-04-28,seasonal,-20.08
2023-04-28,residual,598.35
2023-04-29,actual,14066.71
2023-04-29,trend,13390.1
2023-04-29,seasonal,-28.31
2023-04-29,residual,704.91
2023-04-30,actual,12354.86
2023-04-30,trend,13276.63
2023-04-30,seasonal,27.86
2023-04-30,residual,-949.62
2023-05-01,actual,12354.86
2023-05-01,trend,13210.78
2023-05-01,seasonal,18.05
2023-05-01,residual,-873.98
2023-05-02,actual,12354.86
2023-05-02,trend,13132.97
2023-05-02,seasonal,8.32
2023-05-02,residual,-786.44
2023-05-03,actual,12354.86
2023-05-03,trend,13039.6
2023-05-03,seasonal,-1.32
2023-05-03,residual,-683.42
2023-05-04,actual,12354.86
2023-05-04,trend,12925.48
2023-05-04,seasonal,-10.84
2023-05-04,residual,-559.78
2023-05-05,actual,12354.86
2023-05-05,trend,12782.82
2023-05-05,seasonal,-20.08
2023-05-05,residual,-407.88
