country,continent,week_start,new_cases,new_deaths,new_cases_per_M,new_deaths_per_M
Australia,Oceania,2019-12-30,0,0,0.0,0.0
Australia,Oceania,2020-01-06,0,0,0.0,0.0
Australia,Oceania,2020-01-13,0,0,0.0,0.0
Australia,Oceania,2020-01-20,4,0,0.15,0.0
Australia,Oceania,2020-01-27,8,0,0.31,0.0
Australia,Oceania,2020-02-03,3,0,0.11,0.0
Australia,Oceania,2020-02-10,0,0,0.0,0.0
Australia,Oceania,2020-02-17,7,0,0.27,0.0
Australia,Oceania,2020-02-24,3,0,0.11,0.0
Australia,Oceania,2020-03-02,45,4,1.72,0.153
Australia,Oceania,2020-03-09,179,3,6.84,0.115
Australia,Oceania,2020-03-16,832,2,31.78,0.076
Australia,Oceania,2020-03-23,2728,7,104.21,0.267
Australia,Oceania,2020-03-30,1826,20,69.75,0.764
Australia,Oceania,2020-04-06,654,25,24.98,0.955
Australia,Oceania,2020-04-13,297,12,11.35,0.458
Australia,Oceania,2020-04-20,117,12,4.47,0.458
Australia,Oceania,2020-04-27,80,14,3.06,0.535
Australia,Oceania,2020-05-04,146,2,5.58,0.076
Australia,Oceania,2020-05-11,107,2,4.09,0.076
Australia,Oceania,2020-05-18,70,4,2.67,0.153
Australia,Oceania,2020-05-25,79,0,3.02,0.0
Australia,Oceania,2020-06-01,70,0,2.67,0.0
Australia,Oceania,2020-06-08,47,0,1.8,0.0
Australia,Oceania,2020-06-15,134,0,5.12,0.0
Australia,Oceania,2020-06-22,205,1,7.83,0.038
Australia,Oceania,2020-06-29,721,1,27.54,0.038
Australia,Oceania,2020-07-06,1191,4,45.5,0.153
Australia,Oceania,2020-07-13,1888,16,72.12,0.611
Australia,Oceania,2020-07-20,2509,45,95.85,1.719
Australia,Oceania,2020-07-27,3332,95,127.29,3.629
Australia,Oceania,2020-08-03,3416,106,130.49,4.049
Australia,Oceania,2020-08-10,2337,138,89.28,5.272
Australia,Oceania,2020-08-17,1567,114,59.86,4.355
Australia,Oceania,2020-08-24,945,97,36.1,3.705
Australia,Oceania,2020-08-31,660,58,25.21,2.216
Australia,Oceania,2020-09-07,400,46,15.28,1.757
Australia,Oceania,2020-09-14,278,36,10.62,1.375
Australia,Oceania,2020-09-21,131,23,5.0,0.879
Australia,Oceania,2020-09-28,105,19,4.01,0.726
Australia,Oceania,2020-10-05,123,5,4.7,0.191
Australia,Oceania,2020-10-12,139,1,5.31,0.038
Australia,Oceania,2020-10-19,116,2,4.43,0.076
Australia,Oceania,2020-10-26,91,0,3.48,0.0
Australia,Oceania,2020-11-02,62,0,2.37,0.0
Australia,Oceania,2020-11-09,59,3,2.25,0.115
Australia,Oceania,2020-11-16,96,0,3.67,0.0
Australia,Oceania,2020-11-23,78,1,2.98,0.038
Australia,Oceania,2020-11-30,71,1,2.71,0.038
Australia,Oceania,2020-12-07,69,0,2.64,0.0
Australia,Oceania,2020-12-14,103,0,3.93,0.0
Australia,Oceania,2020-12-21,168,1,6.42,0.038
Australia,Oceania,2020-12-28,187,2,7.14,0.076
Australia,Oceania,2021-01-04,112,0,4.28,0.0
Australia,Oceania,2021-01-11,113,1,4.32,0.038
Australia,Oceania,2021-01-18,58,0,2.22,0.0
Australia,Oceania,2021-01-25,45,0,1.72,0.0
Australia,Oceania,2021-02-01,39,0,1.49,0.0
Australia,Oceania,2021-02-08,48,0,1.83,0.0
Australia,Oceania,2021-02-15,28,1,1.07,0.038
Australia,Oceania,2021-02-22,44,0,1.68,0.0
Australia,Oceania,2021-03-01,67,0,2.56,0.0
Australia,Oceania,2021-03-08,80,1,3.06,0.038
Australia,Oceania,2021-03-15,79,0,3.02,0.0
Australia,Oceania,2021-03-22,64,0,2.44,0.0
Australia,Oceania,2021-03-29,88,1,3.36,0.038
Australia,Oceania,2021-04-05,57,0,2.18,0.0
Australia,Oceania,2021-04-12,114,2,4.35,0.076
Australia,Oceania,2021-04-19,147,0,5.62,0.0
Australia,Oceania,2021-04-26,160,0,6.11,0.0
Australia,Oceania,2021-05-03,97,0,3.71,0.0
Australia,Oceania,2021-05-10,52,0,1.99,0.0
Australia,Oceania,2021-05-17,36,0,1.38,0.0
Australia,Oceania,2021-05-24,87,0,3.32,0.0
Australia,Oceania,2021-05-31,357,0,13.64,0.0
Australia,Oceania,2021-06-07,58,0,2.22,0.0
Australia,Oceania,2021-06-14,87,0,3.32,0.0
Australia,Oceania,2021-06-21,235,0,8.98,0.0
Australia,Oceania,2021-06-28,276,0,10.54,0.0
Australia,Oceania,2021-07-05,549,2,20.97,0.076
Australia,Oceania,2021-07-12,875,5,33.43,0.191
Australia,Oceania,2021-07-19,1260,5,48.13,0.191
Australia,Oceania,2021-07-26,1667,7,63.68,0.267
Australia,Oceania,2021-08-02,2313,16,88.36,0.611
Australia,Oceania,2021-08-09,3613,27,138.02,1.031
Australia,Oceania,2021-08-16,6133,22,234.29,0.84
Australia,Oceania,2021-08-23,8140,20,310.96,0.764
Australia,Oceania,2021-08-30,11094,52,423.8,1.986
Australia,Oceania,2021-09-06,12596,56,481.18,2.139
Australia,Oceania,2021-09-13,12301,77,469.91,2.941
Australia,Oceania,2021-09-20,12498,95,477.43,3.629
Australia,Oceania,2021-09-27,15401,110,588.33,4.202
Australia,Oceania,2021-10-04,15281,119,583.75,4.546
Australia,Oceania,2021-10-11,15347,105,586.27,4.011
Australia,Oceania,2021-10-18,13759,108,525.61,4.126
Australia,Oceania,2021-10-25,10046,112,383.77,4.278
Australia,Oceania,2021-11-01,9666,97,369.25,3.705
Australia,Oceania,2021-11-08,8701,66,332.39,2.521
Australia,Oceania,2021-11-15,9330,81,356.41,3.094
Australia,Oceania,2021-11-22,9744,56,372.23,2.139
Australia,Oceania,2021-11-29,10526,52,402.1,1.986
Australia,Oceania,2021-12-06,13403,36,512.01,1.375
Australia,Oceania,2021-12-13,31489,54,1202.91,2.063
Australia,Oceania,2021-12-20,99764,69,3811.07,2.636
Australia,Oceania,2021-12-27,289614,103,11063.51,3.935
Australia,Oceania,2022-01-03,588813,219,22493.17,8.366
Australia,Oceania,2022-01-10,462325,440,17661.22,16.808
Australia,Oceania,2022-01-17,347960,660,13292.38,25.213
Australia,Oceania,2022-01-24,267817,670,10230.84,25.595
Australia,Oceania,2022-01-31,201112,581,7682.65,22.195
Australia,Oceania,2022-02-07,171754,436,6561.15,16.656
Australia,Oceania,2022-02-14,160429,324,6128.53,12.377
Australia,Oceania,2022-02-21,160402,242,6127.5,9.245
Australia,Oceania,2022-02-28,195717,151,7476.56,5.768
Australia,Oceania,2022-03-07,241848,140,9238.81,5.348
Australia,Oceania,2022-03-14,327240,139,12500.85,5.31
Australia,Oceania,2022-03-21,385762,149,14736.45,5.692
Australia,Oceania,2022-03-28,395982,200,15126.86,7.64
Australia,Oceania,2022-04-04,359765,198,13743.34,7.564
Australia,Oceania,2022-04-11,306184,250,11696.5,9.55
Australia,Oceania,2022-04-18,289282,315,11050.83,12.033
Australia,Oceania,2022-04-25,272054,295,10392.7,11.269
Australia,Oceania,2022-05-02,304061,315,11615.4,12.033
Australia,Oceania,2022-05-09,350375,339,13384.63,12.95
Australia,Oceania,2022-05-16,311716,317,11907.82,12.11
Australia,Oceania,2022-05-23,240429,344,9184.6,13.141
Australia,Oceania,2022-05-30,199964,375,7638.8,14.325
Australia,Oceania,2022-06-06,184472,331,7046.99,12.644
Australia,Oceania,2022-06-13,191043,344,7298.01,13.141
Australia,Oceania,2022-06-20,204308,324,7804.74,12.377
Australia,Oceania,2022-06-27,0,344,0.0,13.141
Australia,Oceania,2022-07-04,243697,400,9309.44,15.28
Australia,Oceania,2022-07-11,271605,451,10375.55,17.229
Australia,Oceania,2022-07-18,303029,607,11575.97,23.188
Australia,Oceania,2022-07-25,319779,618,12215.84,23.608
Australia,Oceania,2022-08-01,259334,603,9906.79,23.035
Australia,Oceania,2022-08-08,200397,526,7655.34,20.094
Australia,Oceania,2022-08-15,139178,375,5316.72,14.325
Australia,Oceania,2022-08-22,103184,329,3941.72,12.568
Australia,Oceania,2022-08-29,79985,240,3055.5,9.168
Australia,Oceania,2022-09-05,63392,214,2421.63,8.175
Australia,Oceania,2022-09-12,51273,184,1958.67,7.029
Australia,Oceania,2022-09-19,43401,147,1657.96,5.616
Australia,Oceania,2022-09-26,37578,113,1435.51,4.317
Australia,Oceania,2022-10-03,38674,102,1477.38,3.896
Australia,Oceania,2022-10-10,31327,74,1196.72,2.827
Australia,Oceania,2022-10-17,29620,103,1131.51,3.935
Australia,Oceania,2022-10-24,30363,85,1159.89,3.247
Australia,Oceania,2022-10-31,35763,111,1366.18,4.24
Australia,Oceania,2022-11-07,52310,116,1998.29,4.431
Australia,Oceania,2022-11-14,73573,154,2810.55,5.883
Australia,Oceania,2022-11-21,83407,178,3186.22,6.8
Australia,Oceania,2022-11-28,97897,259,3739.75,9.894
Australia,Oceania,2022-12-05,107902,272,4121.95,10.391
Australia,Oceania,2022-12-12,112016,299,4279.11,11.422
Australia,Oceania,2022-12-19,108322,334,4138.0,12.759
Australia,Oceania,2022-12-26,91518,1094,3496.07,41.792
Australia,Oceania,2023-01-02,86989,0,3323.06,0.0
Australia,Oceania,2023-01-09,46003,0,1757.35,0.0
Australia,Oceania,2023-01-16,30909,0,1180.75,0.0
Australia,Oceania,2023-01-23,22041,0,841.99,0.0
Australia,Oceania,2023-01-30,18922,1161,722.84,44.351
Australia,Oceania,2023-02-06,17067,96,651.97,3.667
Australia,Oceania,2023-02-13,17927,89,684.83,3.4
Australia,Oceania,2023-02-20,17814,90,680.51,3.438
Australia,Oceania,2023-02-27,18262,78,697.62,2.98
Australia,Oceania,2023-03-06,19780,78,755.61,2.98
Australia,Oceania,2023-03-13,21681,88,828.23,3.362
Australia,Oceania,2023-03-20,23014,93,879.15,3.553
Australia,Oceania,2023-03-27,25521,103,974.92,3.935
Australia,Oceania,2023-04-03,27650,123,1056.25,4.699
Australia,Oceania,2023-04-10,27055,131,1033.52,5.004
Australia,Oceania,2023-04-17,29966,146,1144.73,5.577
Australia,Oceania,2023-04-24,29431,155,1124.29,5.921
Australia,Oceania,2023-05-01,0,0,0.0,0.0
Brazil,South America,2019-12-30,0,0,0.0,0.0
Brazil,South America,2020-01-06,0,0,0.0,0.0
Brazil,South America,2020-01-13,0,0,0.0,0.0
Brazil,South America,2020-01-20,0,0,0.0,0.0
Brazil,South America,2020-01-27,0,0,0.0,0.0
Brazil,South America,2020-02-03,0,0,0.0,0.0
Brazil,South America,2020-02-10,0,0,0.0,0.0
Brazil,South America,2020-02-17,0,0,0.0,0.0
Brazil,South America,2020-02-24,1,0,0.0,0.0
Brazil,South America,2020-03-02,12,0,0.06,0.0
Brazil,South America,2020-03-09,71,0,0.33,0.0
Brazil,South America,2020-03-16,820,11,3.81,0.051
Brazil,South America,2020-03-23,2513,81,11.67,0.376
Brazil,South America,2020-03-30,5639,267,26.19,1.24
Brazil,South America,2020-04-06,10582,697,49.15,3.237
Brazil,South America,2020-04-13,14044,1085,65.23,5.039
Brazil,South America,2020-04-20,19313,1529,89.7,7.101
Brazil,South America,2020-04-27,38594,2659,179.25,12.349
Brazil,South America,2020-05-04,53739,3568,249.58,16.571
Brazil,South America,2020-05-11,72895,4920,338.55,22.85
Brazil,South America,2020-05-18,112667,6231,523.27,28.939
Brazil,South America,2020-05-25,134276,6830,623.63,31.721
Brazil,South America,2020-06-01,180605,7148,838.8,33.198
Brazil,South America,2020-06-08,183039,6802,850.1,31.591
Brazil,South America,2020-06-15,204103,7126,947.93,33.096
Brazil,South America,2020-06-22,242061,7007,1124.23,32.543
Brazil,South America,2020-06-29,264107,7213,1226.62,33.5
Brazil,South America,2020-07-06,261746,7224,1215.65,33.551
Brazil,South America,2020-07-13,245501,7453,1140.2,34.615
Brazil,South America,2020-07-20,297038,7387,1379.56,34.308
Brazil,South America,2020-07-27,319119,7237,1482.11,33.611
Brazil,South America,2020-08-03,299957,7097,1393.12,32.961
Brazil,South America,2020-08-10,313078,6951,1454.06,32.283
Brazil,South America,2020-08-17,256810,6835,1192.73,31.744
Brazil,South America,2020-08-24,272473,6146,1265.47,28.544
Brazil,South America,2020-08-31,288029,6017,1337.72,27.945
Brazil,South America,2020-09-07,189332,4875,879.33,22.641
Brazil,South America,2020-09-14,213019,5397,989.34,25.066
Brazil,South America,2020-09-21,194430,4744,903.01,22.033
Brazil,South America,2020-09-28,190910,4851,886.66,22.53
Brazil,South America,2020-10-05,175365,4251,814.46,19.743
Brazil,South America,2020-10-12,144412,3575,670.71,16.604
Brazil,South America,2020-10-19,153356,3257,712.25,15.127
Brazil,South America,2020-10-26,163002,3006,757.04,13.961
Brazil,South America,2020-11-02,114523,2538,531.89,11.787
Brazil,South America,2020-11-09,179471,2722,833.53,12.642
Brazil,South America,2020-11-16,209512,3876,973.06,18.002
Brazil,South America,2020-11-23,218186,3361,1013.34,15.61
Brazil,South America,2020-11-30,295618,3990,1372.97,18.531
Brazil,South America,2020-12-07,302259,4473,1403.81,20.774
Brazil,South America,2020-12-14,326751,5213,1517.56,24.211
Brazil,South America,2020-12-21,285582,4838,1326.35,22.47
Brazil,South America,2020-12-28,252018,4923,1170.47,22.864
Brazil,South America,2021-01-04,313130,6049,1454.3,28.094
Brazil,South America,2021-01-11,379784,6786,1763.87,31.517
Brazil,South America,2021-01-18,360428,6997,1673.97,32.497
Brazil,South America,2021-01-25,364593,7423,1693.31,34.475
Brazil,South America,2021-02-01,328652,7368,1526.39,34.22
Brazil,South America,2021-02-08,318290,7455,1478.26,34.624
Brazil,South America,2021-02-15,316221,7276,1468.65,33.793
Brazil,South America,2021-02-22,373954,8070,1736.79,37.48
Brazil,South America,2021-03-01,413597,9935,1920.91,46.142
Brazil,South America,2021-03-08,494153,12335,2295.04,57.289
Brazil,South America,2021-03-15,508010,15209,2359.4,70.637
Brazil,South America,2021-03-22,533024,16798,2475.57,78.016
Brazil,South America,2021-03-29,505668,21094,2348.52,97.969
Brazil,South America,2021-04-05,463092,20512,2150.78,95.266
Brazil,South America,2021-04-12,459281,20031,2133.08,93.032
Brazil,South America,2021-04-19,404623,17667,1879.23,82.052
Brazil,South America,2021-04-26,421933,17365,1959.62,80.65
Brazil,South America,2021-05-03,423438,15333,1966.61,71.212
Brazil,South America,2021-05-10,437076,13514,2029.95,62.764
Brazil,South America,2021-05-17,451424,13681,2096.59,63.54
Brazil,South America,2021-05-24,420981,12736,1955.2,59.151
Brazil,South America,2021-05-31,449478,11797,2087.55,54.79
Brazil,South America,2021-06-07,454710,13393,2111.85,62.202
Brazil,South America,2021-06-14,505344,14264,2347.01,66.248
Brazil,South America,2021-06-21,521298,12643,2421.11,58.719
Brazil,South America,2021-06-28,364709,10810,1693.85,50.206
Brazil,South America,2021-07-05,333030,9736,1546.72,45.218
Brazil,South America,2021-07-12,287610,8710,1335.77,40.453
Brazil,South America,2021-07-19,324334,7942,1506.33,36.886
Brazil,South America,2021-07-26,247830,7120,1151.02,33.068
Brazil,South America,2021-08-02,228473,6302,1061.12,29.269
Brazil,South America,2021-08-09,210254,6100,976.5,28.331
Brazil,South America,2021-08-16,209099,5649,971.14,26.236
Brazil,South America,2021-08-23,175807,4815,816.52,22.363
Brazil,South America,2021-08-30,152154,4344,706.66,20.175
Brazil,South America,2021-09-06,118790,3176,551.71,14.751
Brazil,South America,2021-09-13,105369,3727,489.37,17.31
Brazil,South America,2021-09-20,247397,4090,1149.01,18.996
Brazil,South America,2021-09-27,118035,3562,548.2,16.543
Brazil,South America,2021-10-04,105079,3200,488.03,14.862
Brazil,South America,2021-10-11,76746,2244,356.44,10.422
Brazil,South America,2021-10-18,84367,2470,391.83,11.472
Brazil,South America,2021-10-25,81558,2323,378.79,10.789
Brazil,South America,2021-11-01,69057,1598,320.73,7.422
Brazil,South America,2021-11-08,76738,1431,356.4,6.646
Brazil,South America,2021-11-15,64121,1879,297.8,8.727
Brazil,South America,2021-11-22,64313,1587,298.69,7.371
Brazil,South America,2021-11-29,61779,1443,286.93,6.702
Brazil,South America,2021-12-06,55415,1291,257.37,5.996
Brazil,South America,2021-12-13,24196,910,112.38,4.226
Brazil,South America,2021-12-20,21717,791,100.86,3.674
Brazil,South America,2021-12-27,56784,664,263.73,3.084
Brazil,South America,2022-01-03,162701,766,755.65,3.558
Brazil,South America,2022-01-10,476981,974,2215.29,4.524
Brazil,South America,2022-01-17,824579,1767,3829.67,8.207
Brazil,South America,2022-01-24,1283024,3321,5958.86,15.424
Brazil,South America,2022-01-31,1241025,4610,5763.8,21.411
Brazil,South America,2022-02-07,1009678,6658,4689.34,30.922
Brazil,South America,2022-02-14,773353,5877,3591.75,27.295
Brazil,South America,2022-02-21,519785,4361,2414.08,20.254
Brazil,South America,2022-02-28,395152,3865,1835.24,17.951
Brazil,South America,2022-03-07,331315,3301,1538.76,15.331
Brazil,South America,2022-03-14,267998,2242,1244.69,10.413
Brazil,South America,2022-03-21,229145,1768,1064.24,8.211
Brazil,South America,2022-03-28,172908,1436,803.05,6.669
Brazil,South America,2022-04-04,148798,1120,691.08,5.202
Brazil,South America,2022-04-11,123339,785,572.83,3.646
Brazil,South America,2022-04-18,91395,650,424.47,3.019
Brazil,South America,2022-04-25,94345,853,438.18,3.962
Brazil,South America,2022-05-02,110866,681,514.91,3.163
Brazil,South America,2022-05-09,120831,689,561.19,3.2
Brazil,South America,2022-05-16,97674,713,453.64,3.311
Brazil,South America,2022-05-23,158732,826,737.21,3.836
Brazil,South America,2022-05-30,216334,652,1004.74,3.028
Brazil,South America,2022-06-06,279862,989,1299.79,4.593
Brazil,South America,2022-06-13,256034,956,1189.12,4.44
Brazil,South America,2022-06-20,349791,1313,1624.57,6.098
Brazil,South America,2022-06-27,410897,1471,1908.37,6.832
Brazil,South America,2022-07-04,396781,1639,1842.81,7.612
Brazil,South America,2022-07-11,419273,1751,1947.27,8.132
Brazil,South America,2022-07-18,255610,1396,1187.15,6.484
Brazil,South America,2022-07-25,284971,1827,1323.52,8.485
Brazil,South America,2022-08-01,203772,1445,946.4,6.711
Brazil,South America,2022-08-08,153661,1495,713.66,6.943
Brazil,South America,2022-08-15,116106,1105,539.24,5.132
Brazil,South America,2022-08-22,104672,1039,486.14,4.826
Brazil,South America,2022-08-29,87236,865,405.16,4.017
Brazil,South America,2022-09-05,60594,551,281.42,2.559
Brazil,South America,2022-09-12,62346,487,289.56,2.262
Brazil,South America,2022-09-19,45342,450,210.59,2.09
Brazil,South America,2022-09-26,48097,286,223.38,1.328
Brazil,South America,2022-10-03,42613,767,197.91,3.562
Brazil,South America,2022-10-10,31325,341,145.49,1.584
Brazil,South America,2022-10-17,34180,383,158.75,1.779
Brazil,South America,2022-10-24,41585,553,193.14,2.568
Brazil,South America,2022-10-31,26836,252,124.64,1.17
Brazil,South America,2022-11-07,59135,324,274.65,1.505
Brazil,South America,2022-11-14,91297,251,424.02,1.166
Brazil,South America,2022-11-21,150008,535,696.7,2.485
Brazil,South America,2022-11-28,188043,632,873.35,2.935
Brazil,South America,2022-12-05,194170,603,901.8,2.801
Brazil,South America,2022-12-12,337810,1133,1568.92,5.262
Brazil,South America,2022-12-19,254811,933,1183.44,4.333
Brazil,South America,2022-12-26,206944,1110,961.13,5.155
Brazil,South America,2023-01-02,145933,926,677.77,4.301
Brazil,South America,2023-01-09,120721,457,560.68,2.122
Brazil,South America,2023-01-16,114916,952,533.71,4.421
Brazil,South America,2023-01-23,78416,554,364.19,2.573
Brazil,South America,2023-01-30,75391,603,350.15,2.801
Brazil,South America,2023-02-06,63681,317,295.76,1.472
Brazil,South America,2023-02-13,57343,385,266.32,1.788
Brazil,South America,2023-02-20,32849,881,152.56,4.092
Brazil,South America,2023-02-27,55522,348,257.87,1.616
Brazil,South America,2023-03-06,9467,34,43.97,0.158
Brazil,South America,2023-03-13,59994,324,278.64,1.505
Brazil,South America,2023-03-20,59163,283,274.78,1.314
Brazil,South America,2023-03-27,53986,322,250.73,1.495
Brazil,South America,2023-04-03,60591,317,281.41,1.472
Brazil,South America,2023-04-10,38838,255,180.38,1.184
Brazil,South America,2023-04-17,49140,404,228.23,1.876
Brazil,South America,2023-04-24,42186,279,195.93,1.296
Brazil,South America,2023-05-01,0,0,0.0,0.0
China,Asia,2019-12-30,1,0,0.0,0.0
China,Asia,2020-01-06,44,1,0.03,0.001
China,Asia,2020-01-13,80,2,0.06,0.001
China,Asia,2020-01-20,1860,53,1.3,0.037
China,Asia,2020-01-27,12426,305,8.71,0.214
China,Asia,2020-02-03,22840,544,16.02,0.382
China,Asia,2020-02-10,31333,862,21.97,0.605
China,Asia,2020-02-17,8458,679,5.93,0.476
China,Asia,2020-02-24,2926,427,2.05,0.299
China,Asia,2020-03-02,891,228,0.62,0.16
China,Asia,2020-03-09,189,103,0.13,0.072
China,Asia,2020-03-16,450,63,0.32,0.044
China,Asia,2020-03-23,843,39,0.59,0.027
China,Asia,2020-03-30,589,32,0.41,0.022
China,Asia,2020-04-06,552,11,0.39,0.008
China,Asia,2020-04-13,719,1293,0.5,0.907
China,Asia,2020-04-20,137,0,0.1,0.0
China,Asia,2020-04-27,55,1,0.04,0.001
China,Asia,2020-05-04,37,0,0.03,0.0
China,Asia,2020-05-11,54,2,0.04,0.001
China,Asia,2020-05-18,41,0,0.03,0.0
China,Asia,2020-05-25,45,0,0.03,0.0
China,Asia,2020-06-01,59,0,0.04,0.0
China,Asia,2020-06-08,100,0,0.07,0.0
China,Asia,2020-06-15,268,1,0.19,0.001
China,Asia,2020-06-22,193,2,0.14,0.001
China,Asia,2020-06-29,116,0,0.08,0.0
China,Asia,2020-07-06,216,0,0.15,0.0
China,Asia,2020-07-13,415,5,0.29,0.004
China,Asia,2020-07-20,902,6,0.63,0.004
China,Asia,2020-07-27,1463,15,1.03,0.011
China,Asia,2020-08-03,847,14,0.59,0.01
China,Asia,2020-08-10,612,22,0.43,0.015
China,Asia,2020-08-17,380,7,0.27,0.005
China,Asia,2020-08-24,210,11,0.15,0.008
China,Asia,2020-08-31,166,7,0.12,0.005
China,Asia,2020-09-07,149,6,0.1,0.004
China,Asia,2020-09-14,174,3,0.12,0.002
China,Asia,2020-09-21,126,2,0.09,0.001
China,Asia,2020-09-28,155,0,0.11,0.0
China,Asia,2020-10-05,184,0,0.13,0.0
China,Asia,2020-10-12,184,0,0.13,0.0
China,Asia,2020-10-19,185,0,0.13,0.0
China,Asia,2020-10-26,247,0,0.17,0.0
China,Asia,2020-11-02,274,2,0.19,0.001
China,Asia,2020-11-09,233,1,0.16,0.001
China,Asia,2020-11-16,220,0,0.15,0.0
China,Asia,2020-11-23,681,1,0.48,0.001
China,Asia,2020-11-30,831,3,0.58,0.002
China,Asia,2020-12-07,790,3,0.55,0.002
China,Asia,2020-12-14,766,14,0.54,0.01
China,Asia,2020-12-21,608,7,0.43,0.005
China,Asia,2020-12-28,648,14,0.45,0.01
China,Asia,2021-01-04,680,7,0.48,0.005
China,Asia,2021-01-11,1142,6,0.8,0.004
China,Asia,2021-01-18,1342,6,0.94,0.004
China,Asia,2021-01-25,838,13,0.59,0.009
China,Asia,2021-02-01,342,8,0.24,0.006
China,Asia,2021-02-08,220,7,0.15,0.005
China,Asia,2021-02-15,164,4,0.12,0.003
China,Asia,2021-02-22,220,1,0.15,0.001
China,Asia,2021-03-01,181,5,0.13,0.004
China,Asia,2021-03-08,262,1,0.18,0.001
China,Asia,2021-03-15,176,0,0.12,0.0
China,Asia,2021-03-22,159,2,0.11,0.001
China,Asia,2021-03-29,210,0,0.15,0.0
China,Asia,2021-04-05,205,2,0.14,0.001
China,Asia,2021-04-12,202,3,0.14,0.002
China,Asia,2021-04-19,169,0,0.12,0.0
China,Asia,2021-04-26,183,2,0.13,0.001
China,Asia,2021-05-03,141,0,0.1,0.0
China,Asia,2021-05-10,617,0,0.43,0.0
China,Asia,2021-05-17,2762,11,1.94,0.008
China,Asia,2021-05-24,3959,86,2.78,0.06
China,Asia,2021-05-31,3521,151,2.47,0.106
China,Asia,2021-06-07,1634,177,1.15,0.124
China,Asia,2021-06-14,1247,112,0.87,0.079
China,Asia,2021-06-21,810,83,0.57,0.058
China,Asia,2021-06-28,538,57,0.38,0.04
China,Asia,2021-07-05,425,53,0.3,0.037
China,Asia,2021-07-12,377,28,0.26,0.02
China,Asia,2021-07-19,515,18,0.36,0.013
China,Asia,2021-07-26,624,3,0.44,0.002
China,Asia,2021-08-02,847,20,0.59,0.014
China,Asia,2021-08-09,694,12,0.49,0.008
China,Asia,2021-08-16,320,7,0.22,0.005
China,Asia,2021-08-23,297,6,0.21,0.004
China,Asia,2021-08-30,236,3,0.17,0.002
China,Asia,2021-09-06,313,2,0.22,0.001
China,Asia,2021-09-13,558,2,0.39,0.001
China,Asia,2021-09-20,393,1,0.28,0.001
China,Asia,2021-09-27,310,2,0.22,0.001
China,Asia,2021-10-04,250,3,0.18,0.002
China,Asia,2021-10-11,199,0,0.14,0.0
China,Asia,2021-10-18,311,0,0.22,0.0
China,Asia,2021-10-25,513,1,0.36,0.001
China,Asia,2021-11-01,632,0,0.44,0.0
China,Asia,2021-11-08,550,1,0.39,0.001
China,Asia,2021-11-15,252,0,0.18,0.0
China,Asia,2021-11-22,252,0,0.18,0.0
China,Asia,2021-11-29,629,0,0.44,0.0
China,Asia,2021-12-06,689,0,0.48,0.0
China,Asia,2021-12-13,712,2,0.5,0.001
China,Asia,2021-12-20,1064,0,0.75,0.0
China,Asia,2021-12-27,1650,0,1.16,0.0
China,Asia,2022-01-03,1643,0,1.15,0.0
China,Asia,2022-01-10,1876,1,1.32,0.001
China,Asia,2022-01-17,1323,0,0.93,0.0
China,Asia,2022-01-24,1642,0,1.15,0.0
China,Asia,2022-01-31,2057,0,1.44,0.0
China,Asia,2022-02-07,8591,6,6.03,0.004
China,Asia,2022-02-14,31127,70,21.83,0.049
China,Asia,2022-02-21,120387,372,84.43,0.261
China,Asia,2022-02-28,302580,1348,212.2,0.945
China,Asia,2022-03-07,158173,1986,110.93,1.393
China,Asia,2022-03-14,84389,1905,59.18,1.336
China,Asia,2022-03-21,43971,1356,30.84,0.951
China,Asia,2022-03-28,32276,920,22.64,0.645
China,Asia,2022-04-04,21648,599,15.18,0.42
China,Asia,2022-04-11,30667,372,21.51,0.261
China,Asia,2022-04-18,42303,247,29.67,0.173
China,Asia,2022-04-25,91983,392,64.51,0.275
China,Asia,2022-05-02,227721,177,159.7,0.124
China,Asia,2022-05-09,414077,192,290.4,0.135
China,Asia,2022-05-16,554051,347,388.57,0.243
China,Asia,2022-05-23,573340,669,402.09,0.469
China,Asia,2022-05-30,513969,1044,360.46,0.732
China,Asia,2022-06-06,489982,1194,343.63,0.837
China,Asia,2022-06-13,406469,1091,285.06,0.765
China,Asia,2022-06-20,323183,982,226.65,0.689
China,Asia,2022-06-27,230021,689,161.32,0.483
China,Asia,2022-07-04,223915,709,157.04,0.497
China,Asia,2022-07-11,197555,528,138.55,0.37
China,Asia,2022-07-18,180690,458,126.72,0.321
China,Asia,2022-07-25,172003,351,120.63,0.246
China,Asia,2022-08-01,163340,330,114.55,0.231
China,Asia,2022-08-08,166696,224,116.91,0.157
China,Asia,2022-08-15,172424,241,120.92,0.169
China,Asia,2022-08-22,194464,267,136.38,0.187
China,Asia,2022-08-29,238044,292,166.94,0.205
China,Asia,2022-09-05,263288,296,184.65,0.208
China,Asia,2022-09-12,297693,358,208.78,0.251
China,Asia,2022-09-19,292476,532,205.12,0.373
China,Asia,2022-09-26,303092,365,212.56,0.256
China,Asia,2022-10-03,333830,435,234.12,0.305
China,Asia,2022-10-10,328910,427,230.67,0.299
China,Asia,2022-10-17,285348,479,200.12,0.336
China,Asia,2022-10-24,257994,510,180.94,0.358
China,Asia,2022-10-31,219102,479,153.66,0.336
China,Asia,2022-11-07,171745,431,120.45,0.302
China,Asia,2022-11-14,158813,468,111.38,0.328
China,Asia,2022-11-21,144205,354,101.13,0.248
China,Asia,2022-11-28,146141,375,102.49,0.263
China,Asia,2022-12-05,1117898,871,784.0,0.611
China,Asia,2022-12-12,11098550,1708,7783.61,1.198
China,Asia,2022-12-19,40475477,5849,28386.17,4.102
China,Asia,2022-12-26,24644876,17893,17283.89,12.549
China,Asia,2023-01-02,8061762,12991,5653.86,9.111
China,Asia,2023-01-09,2361571,0,1656.21,0.0
China,Asia,2023-01-16,755183,0,529.62,0.0
China,Asia,2023-01-23,175542,0,123.11,0.0
China,Asia,2023-01-30,192969,47687,135.33,33.444
China,Asia,2023-02-06,148174,1360,103.92,0.954
China,Asia,2023-02-13,118748,537,83.28,0.377
China,Asia,2023-02-20,77670,358,54.47,0.251
China,Asia,2023-02-27,84790,360,59.46,0.252
China,Asia,2023-03-06,92268,329,64.71,0.231
China,Asia,2023-03-13,65301,265,45.8,0.186
China,Asia,2023-03-20,13602,119,9.54,0.083
China,Asia,2023-03-27,1060,3,0.74,0.002
China,Asia,2023-04-03,1228,8,0.86,0.006
China,Asia,2023-04-10,1699,7,1.19,0.005
China,Asia,2023-04-17,2206,11,1.55,0.008
China,Asia,2023-04-24,3082,38,2.16,0.027
China,Asia,2023-05-01,0,0,0.0,0.0
France,Europe,2019-12-30,0,0,0.0,0.0
France,Europe,2020-01-06,0,0,0.0,0.0
France,Europe,2020-01-13,0,0,0.0,0.0
France,Europe,2020-01-20,3,0,0.04,0.0
France,Europe,2020-01-27,3,0,0.04,0.0
France,Europe,2020-02-03,6,0,0.09,0.0
France,Europe,2020-02-10,0,0,0.0,0.0
France,Europe,2020-02-17,4,0,0.06,0.0
France,Europe,2020-02-24,0,0,0.0,0.0
France,Europe,2020-03-02,0,0,0.0,0.0
France,Europe,2020-03-09,0,43,0.0,0.634
France,Europe,2020-03-16,0,670,0.0,9.88
France,Europe,2020-03-23,0,1999,0.0,29.478
France,Europe,2020-03-30,0,3276,0.0,48.309
France,Europe,2020-04-06,0,3344,0.0,49.312
France,Europe,2020-04-13,0,2730,0.0,40.258
France,Europe,2020-04-20,0,2096,0.0,30.909
France,Europe,2020-04-27,0,1406,0.0,20.733
France,Europe,2020-05-04,0,1056,0.0,15.572
France,Europe,2020-05-11,677,810,9.98,11.945
France,Europe,2020-05-18,4340,562,64.0,8.287
France,Europe,2020-05-25,3436,471,50.67,6.946
France,Europe,2020-06-01,2745,331,40.48,4.881
France,Europe,2020-06-08,2627,258,38.74,3.805
France,Europe,2020-06-15,2267,159,33.43,2.345
France,Europe,2020-06-22,2024,111,29.85,1.637
France,Europe,2020-06-29,2324,100,34.27,1.475
France,Europe,2020-07-06,2853,120,42.07,1.77
France,Europe,2020-07-13,3510,94,51.76,1.386
France,Europe,2020-07-20,5565,98,82.06,1.445
France,Europe,2020-07-27,7676,77,113.19,1.135
France,Europe,2020-08-03,10899,69,160.72,1.018
France,Europe,2020-08-10,16650,92,245.53,1.357
France,Europe,2020-08-17,25208,118,371.73,1.74
France,Europe,2020-08-24,37753,111,556.72,1.637
France,Europe,2020-08-31,50197,126,740.23,1.858
France,Europe,2020-09-07,61432,258,905.9,3.805
France,Europe,2020-09-14,73481,429,1083.58,6.326
France,Europe,2020-09-21,72509,559,1069.25,8.243
France,Europe,2020-09-28,74819,561,1103.31,8.273
France,Europe,2020-10-05,116159,690,1712.93,10.175
France,Europe,2020-10-12,167835,963,2474.97,14.201
France,Europe,2020-10-19,261329,1774,3853.67,26.16
France,Europe,2020-10-26,332505,3154,4903.26,46.51
France,Europe,2020-11-02,303116,4794,4469.88,70.694
France,Europe,2020-11-09,176429,5487,2601.7,80.914
France,Europe,2020-11-16,114947,5602,1695.06,82.61
France,Europe,2020-11-23,77077,4679,1136.61,68.999
France,Europe,2020-11-30,71372,3963,1052.48,58.44
France,Europe,2020-12-07,77674,3792,1145.41,55.918
France,Europe,2020-12-14,92919,3383,1370.22,49.887
France,Europe,2020-12-21,83888,3119,1237.05,45.994
France,Europe,2020-12-28,88948,2915,1311.67,42.986
France,Europe,2021-01-04,122263,3429,1802.94,50.566
France,Europe,2021-01-11,118842,3454,1752.5,50.934
France,Europe,2021-01-18,130149,3414,1919.23,50.344
France,Europe,2021-01-25,132624,3159,1955.73,46.584
France,Europe,2021-02-01,128451,3069,1894.19,45.257
France,Europe,2021-02-08,110436,2892,1628.54,42.647
France,Europe,2021-02-15,117551,2516,1733.46,37.102
France,Europe,2021-02-22,127696,2151,1883.06,31.72
France,Europe,2021-03-01,124259,2033,1832.38,29.98
France,Europe,2021-03-08,142978,1872,2108.42,27.605
France,Europe,2021-03-15,183823,1799,2710.73,26.529
France,Europe,2021-03-22,223964,1834,3302.67,27.045
France,Europe,2021-03-29,242407,1959,3574.64,28.888
France,Europe,2021-04-05,203218,2120,2996.74,31.262
France,Europe,2021-04-12,202154,1967,2981.05,29.006
France,Europe,2021-04-19,179462,2062,2646.42,30.407
France,Europe,2021-04-26,142908,1954,2107.38,28.815
France,Europe,2021-05-03,106629,1533,1572.4,22.606
France,Europe,2021-05-10,80870,1189,1192.54,17.534
France,Europe,2021-05-17,83455,940,1230.66,13.862
France,Europe,2021-05-24,60391,772,890.55,11.384
France,Europe,2021-05-31,46483,565,685.46,8.332
France,Europe,2021-06-07,27004,355,398.21,5.235
France,Europe,2021-06-14,14820,309,218.54,4.557
France,Europe,2021-06-21,10690,234,157.64,3.451
France,Europe,2021-06-28,13906,171,205.06,2.522
France,Europe,2021-07-05,23318,142,343.86,2.094
France,Europe,2021-07-12,46656,96,688.01,1.416
France,Europe,2021-07-19,118078,119,1741.23,1.755
France,Europe,2021-07-26,143183,240,2111.44,3.539
France,Europe,2021-08-02,147135,282,2169.72,4.158
France,Europe,2021-08-09,150930,353,2225.68,5.205
France,Europe,2021-08-16,133571,699,1969.7,10.308
France,Europe,2021-08-23,112124,464,1653.43,6.842
France,Europe,2021-08-30,85782,489,1264.98,7.211
France,Europe,2021-09-06,64820,437,955.86,6.444
France,Europe,2021-09-13,46736,386,689.19,5.692
France,Europe,2021-09-20,36114,331,532.55,4.881
France,Europe,2021-09-27,30916,276,455.9,4.07
France,Europe,2021-10-04,26346,191,388.51,2.817
France,Europe,2021-10-11,31095,175,458.54,2.581
France,Europe,2021-10-18,34241,179,504.93,2.64
France,Europe,2021-10-25,38425,177,566.63,2.61
France,Europe,2021-11-01,48057,212,708.67,3.126
France,Europe,2021-11-08,66361,233,978.59,3.436
France,Europe,2021-11-15,119701,317,1765.16,4.675
France,Europe,2021-11-22,195222,454,2878.83,6.695
France,Europe,2021-11-29,288799,619,4258.76,9.128
France,Europe,2021-12-06,337285,903,4973.75,13.316
France,Europe,2021-12-13,360652,1033,5318.33,15.233
France,Europe,2021-12-20,519740,1157,7664.31,17.062
France,Europe,2021-12-27,1140724,1315,16821.61,19.392
France,Europe,2022-01-03,1726217,1484,25455.55,21.884
France,Europe,2022-01-10,1961912,1499,28931.21,22.105
France,Europe,2022-01-17,2417043,1658,35642.77,24.45
France,Europe,2022-01-24,2329374,1933,34349.96,28.505
France,Europe,2022-01-31,1707588,1996,25180.84,29.434
France,Europe,2022-02-07,958639,1988,14136.51,29.316
France,Europe,2022-02-14,565947,1745,8345.7,25.733
France,Europe,2022-02-21,393549,1331,5803.44,19.628
France,Europe,2022-02-28,348284,1094,5135.95,16.133
France,Europe,2022-03-07,419228,820,6182.12,12.092
France,Europe,2022-03-14,586328,792,8646.25,11.679
France,Europe,2022-03-21,851993,727,12563.86,10.721
France,Europe,2022-03-28,959358,801,14147.11,11.812
France,Europe,2022-04-04,928373,788,13690.19,11.62
France,Europe,2022-04-11,822438,852,12128.03,12.564
France,Europe,2022-04-18,539161,889,7950.7,13.11
France,Europe,2022-04-25,376510,867,5552.18,12.785
France,Europe,2022-05-02,264928,749,3906.74,11.045
France,Europe,2022-05-09,216715,614,3195.77,9.054
France,Europe,2022-05-16,162239,466,2392.45,6.872
France,Europe,2022-05-23,113355,300,1671.58,4.424
France,Europe,2022-05-30,148073,329,2183.55,4.852
France,Europe,2022-06-06,193813,237,2858.05,3.495
France,Europe,2022-06-13,297927,265,4393.36,3.908
France,Europe,2022-06-20,456705,291,6734.77,4.291
France,Europe,2022-06-27,731586,264,10788.29,3.893
France,Europe,2022-07-04,903969,424,13330.32,6.252
France,Europe,2022-07-11,683784,585,10083.38,8.627
France,Europe,2022-07-18,522296,731,7702.0,10.78
France,Europe,2022-07-25,329431,597,4857.93,8.804
France,Europe,2022-08-01,212195,529,3129.12,7.801
France,Europe,2022-08-08,151186,518,2229.45,7.639
France,Europe,2022-08-15,119216,413,1758.01,6.09
France,Europe,2022-08-22,117039,317,1725.91,4.675
France,Europe,2022-08-29,106571,302,1571.54,4.453
France,Europe,2022-09-05,112374,263,1657.12,3.878
France,Europe,2022-09-12,188853,202,2784.91,2.979
France,Europe,2022-09-19,230732,217,3402.47,3.2
France,Europe,2022-09-26,310114,217,4573.08,3.2
France,Europe,2022-10-03,385474,314,5684.37,4.63
France,Europe,2022-10-10,392073,414,5781.68,6.105
France,Europe,2022-10-17,348646,522,5141.29,7.698
France,Europe,2022-10-24,222885,495,3286.76,7.299
France,Europe,2022-10-31,153617,445,2265.3,6.562
France,Europe,2022-11-07,151055,397,2227.52,5.854
France,Europe,2022-11-14,221689,469,3269.12,6.916
France,Europe,2022-11-21,293632,455,4330.03,6.71
France,Europe,2022-11-28,384070,485,5663.66,7.152
France,Europe,2022-12-05,429679,569,6336.23,8.391
France,Europe,2022-12-12,391192,721,5768.69,10.632
France,Europe,2022-12-19,299842,807,4421.6,11.9
France,Europe,2022-12-26,151707,808,2237.14,11.915
France,Europe,2023-01-02,80829,775,1191.94,11.428
France,Europe,2023-01-09,43524,506,641.82,7.462
France,Europe,2023-01-16,31693,398,467.36,5.869
France,Europe,2023-01-23,29999,326,442.38,4.807
France,Europe,2023-01-30,26127,260,385.28,3.834
France,Europe,2023-02-06,22545,171,332.46,2.522
France,Europe,2023-02-13,24116,180,355.63,2.654
France,Europe,2023-02-20,26274,170,387.45,2.507
France,Europe,2023-02-27,25318,152,373.35,2.241
France,Europe,2023-03-06,35851,125,528.67,1.843
France,Europe,2023-03-13,46305,163,682.83,2.404
France,Europe,2023-03-20,54593,168,805.05,2.477
France,Europe,2023-03-27,57282,210,844.71,3.097
France,Europe,2023-04-03,55344,188,816.13,2.772
France,Europe,2023-04-10,52509,162,774.32,2.389
France,Europe,2023-04-17,48578,280,716.35,4.129
France,Europe,2023-04-24,40443,249,596.39,3.672
France,Europe,2023-05-01,0,0,0.0,0.0
Germany,Europe,2019-12-30,1,3,0.01,0.036
Germany,Europe,2020-01-06,0,0,0.0,0.0
Germany,Europe,2020-01-13,0,0,0.0,0.0
Germany,Europe,2020-01-20,1,3,0.01,0.036
Germany,Europe,2020-01-27,9,3,0.11,0.036
Germany,Europe,2020-02-03,9,0,0.11,0.0
Germany,Europe,2020-02-10,5,0,0.06,0.0
Germany,Europe,2020-02-17,6,1,0.07,0.012
Germany,Europe,2020-02-24,139,1,1.67,0.012
Germany,Europe,2020-03-02,905,12,10.86,0.144
Germany,Europe,2020-03-09,6441,84,77.26,1.008
Germany,Europe,2020-03-16,22407,479,268.77,5.745
Germany,Europe,2020-03-23,33981,1459,407.59,17.5
Germany,Europe,2020-03-30,36067,2273,432.61,27.264
Germany,Europe,2020-04-06,27145,1878,325.6,22.526
Germany,Europe,2020-04-13,17345,1226,208.05,14.706
Germany,Europe,2020-04-20,12351,727,148.15,8.72
Germany,Europe,2020-04-27,7442,388,89.26,4.654
Germany,Europe,2020-05-04,6243,258,74.88,3.095
Germany,Europe,2020-05-11,4775,165,57.27,1.979
Germany,Europe,2020-05-18,3604,111,43.23,1.331
Germany,Europe,2020-05-25,3206,65,38.46,0.78
Germany,Europe,2020-06-01,2354,44,28.24,0.528
Germany,Europe,2020-06-08,2348,35,28.16,0.42
Germany,Europe,2020-06-15,4192,41,50.28,0.492
Germany,Europe,2020-06-22,3167,21,37.99,0.252
Germany,Europe,2020-06-29,2691,26,32.28,0.312
Germany,Europe,2020-07-06,2429,25,29.14,0.3
Germany,Europe,2020-07-13,3044,31,36.51,0.372
Germany,Europe,2020-07-20,3936,33,47.21,0.396
Germany,Europe,2020-07-27,4843,37,58.09,0.444
Germany,Europe,2020-08-03,6067,34,72.77,0.408
Germany,Europe,2020-08-10,7971,31,95.61,0.372
Germany,Europe,2020-08-17,9580,31,114.91,0.372
Germany,Europe,2020-08-24,8844,18,106.08,0.216
Germany,Europe,2020-08-31,8609,35,103.26,0.42
Germany,Europe,2020-09-07,9785,68,117.37,0.816
Germany,Europe,2020-09-14,12285,82,147.36,0.984
Germany,Europe,2020-09-21,13064,110,156.7,1.319
Germany,Europe,2020-09-28,15946,121,191.27,1.451
Germany,Europe,2020-10-05,26145,247,313.6,2.963
Germany,Europe,2020-10-12,42031,464,504.15,5.566
Germany,Europe,2020-10-19,74792,1015,897.11,12.175
Germany,Europe,2020-10-26,111009,1621,1331.52,19.443
Germany,Europe,2020-11-02,125692,1910,1507.64,22.91
Germany,Europe,2020-11-09,127862,2536,1533.67,30.419
Germany,Europe,2020-11-16,128400,3226,1540.13,38.695
Germany,Europe,2020-11-23,123122,3601,1476.82,43.193
Germany,Europe,2020-11-30,128258,4480,1538.42,53.736
Germany,Europe,2020-12-07,156213,5762,1873.74,69.114
Germany,Europe,2020-12-14,174589,6460,2094.15,77.486
Germany,Europe,2020-12-21,138828,5728,1665.21,68.706
Germany,Europe,2020-12-28,122953,5744,1474.79,68.898
Germany,Europe,2021-01-04,145505,5759,1745.3,69.078
Germany,Europe,2021-01-11,118929,5096,1426.52,61.125
Germany,Europe,2021-01-18,95553,4107,1146.13,49.262
Germany,Europe,2021-01-25,78172,3102,937.65,37.208
Germany,Europe,2021-02-01,64596,2268,774.81,27.204
Germany,Europe,2021-02-08,50827,1680,609.66,20.151
Germany,Europe,2021-02-15,52329,1478,627.67,17.728
Germany,Europe,2021-02-22,56356,1227,675.98,14.718
Germany,Europe,2021-03-01,58425,1049,700.79,12.582
Germany,Europe,2021-03-08,71391,1104,856.32,13.242
Germany,Europe,2021-03-15,92610,1277,1110.83,15.317
Germany,Europe,2021-03-22,116309,1526,1395.1,18.304
Germany,Europe,2021-03-29,110007,1590,1319.51,19.072
Germany,Europe,2021-04-05,118188,1582,1417.63,18.976
Germany,Europe,2021-04-12,142021,1627,1703.51,19.515
Germany,Europe,2021-04-19,144678,1622,1735.38,19.455
Germany,Europe,2021-04-26,124684,1307,1495.55,15.677
Germany,Europe,2021-05-03,100847,1010,1209.63,12.115
Germany,Europe,2021-05-10,70746,676,848.58,8.108
Germany,Europe,2021-05-17,52670,448,631.76,5.374
Germany,Europe,2021-05-24,29867,261,358.25,3.131
Germany,Europe,2021-05-31,20680,141,248.05,1.691
Germany,Europe,2021-06-07,14062,67,168.67,0.804
Germany,Europe,2021-06-14,7285,47,87.38,0.564
Germany,Europe,2021-06-21,4859,30,58.28,0.36
Germany,Europe,2021-06-28,4388,25,52.63,0.3
Germany,Europe,2021-07-05,5597,25,67.13,0.3
Germany,Europe,2021-07-12,9113,30,109.31,0.36
Germany,Europe,2021-07-19,12646,40,151.69,0.48
Germany,Europe,2021-07-26,15522,72,186.18,0.864
Germany,Europe,2021-08-02,20423,89,244.97,1.068
Germany,Europe,2021-08-09,32077,144,384.76,1.727
Germany,Europe,2021-08-16,49652,224,595.56,2.687
Germany,Europe,2021-08-23,66371,351,796.1,4.21
Germany,Europe,2021-08-30,74737,432,896.45,5.182
Germany,Europe,2021-09-06,71656,449,859.5,5.386
Germany,Europe,2021-09-13,61471,385,737.33,4.618
Germany,Europe,2021-09-20,53623,354,643.19,4.246
Germany,Europe,2021-09-27,56481,423,677.48,5.074
Germany,Europe,2021-10-04,58025,489,696.0,5.865
Germany,Europe,2021-10-11,65359,581,783.96,6.969
Germany,Europe,2021-10-18,97723,1051,1172.16,12.606
Germany,Europe,2021-10-25,137011,1274,1643.41,15.281
Germany,Europe,2021-11-01,177868,1672,2133.48,20.055
Germany,Europe,2021-11-08,271174,2286,3252.66,27.42
Germany,Europe,2021-11-15,351654,2710,4218.0,32.506
Germany,Europe,2021-11-22,403348,3093,4838.06,37.1
Germany,Europe,2021-11-29,388054,2865,4654.61,34.365
Germany,Europe,2021-12-06,338008,2513,4054.32,30.143
Germany,Europe,2021-12-13,273503,1994,3280.6,23.918
Germany,Europe,2021-12-20,193832,1287,2324.97,15.437
Germany,Europe,2021-12-27,208696,1029,2503.26,12.343
Germany,Europe,2022-01-03,337882,870,4052.81,10.435
Germany,Europe,2022-01-10,486124,693,5830.93,8.312
Germany,Europe,2022-01-17,796815,867,9557.59,10.399
Germany,Europe,2022-01-24,1114352,1117,13366.37,13.398
Germany,Europe,2022-01-31,1292740,1504,15506.09,18.04
Germany,Europe,2022-02-07,1309845,1705,15711.26,20.451
Germany,Europe,2022-02-14,1193271,1786,14312.98,21.423
Germany,Europe,2022-02-21,1093093,1645,13111.37,19.731
Germany,Europe,2022-02-28,1134009,1606,13602.15,19.264
Germany,Europe,2022-03-07,1413846,1778,16958.72,21.327
Germany,Europe,2022-03-14,1582504,1934,18981.73,23.198
Germany,Europe,2022-03-21,1588891,1881,19058.34,22.562
Germany,Europe,2022-03-28,1295125,1536,15534.69,18.424
Germany,Europe,2022-04-04,984600,1292,11810.03,15.497
Germany,Europe,2022-04-11,778948,985,9343.28,11.815
Germany,Europe,2022-04-18,731499,808,8774.14,9.692
Germany,Europe,2022-04-25,596917,678,7159.87,8.132
Germany,Europe,2022-05-02,471440,541,5654.8,6.489
Germany,Europe,2022-05-09,408745,418,4902.79,5.014
Germany,Europe,2022-05-16,292505,330,3508.52,3.958
Germany,Europe,2022-05-23,187159,213,2244.92,2.555
Germany,Europe,2022-05-30,245141,223,2940.4,2.675
Germany,Europe,2022-06-06,331434,285,3975.47,3.419
Germany,Europe,2022-06-13,413791,402,4963.32,4.822
Germany,Europe,2022-06-20,574225,566,6887.68,6.789
Germany,Europe,2022-06-27,622776,610,7470.04,7.317
Germany,Europe,2022-07-04,629349,702,7548.88,8.42
Germany,Europe,2022-07-11,675130,960,8098.01,11.515
Germany,Europe,2022-07-18,627179,1129,7522.85,13.542
Germany,Europe,2022-07-25,495729,1038,5946.14,12.451
Germany,Europe,2022-08-01,362936,791,4353.32,9.488
Germany,Europe,2022-08-08,298292,623,3577.94,7.473
Germany,Europe,2022-08-15,263329,593,3158.56,7.113
Germany,Europe,2022-08-22,227979,397,2734.55,4.762
Germany,Europe,2022-08-29,201757,351,2420.02,4.21
Germany,Europe,2022-09-05,204084,317,2447.94,3.802
Germany,Europe,2022-09-12,228913,354,2745.75,4.246
Germany,Europe,2022-09-19,286535,520,3436.91,6.237
Germany,Europe,2022-09-26,458852,880,5503.81,10.555
Germany,Europe,2022-10-03,594073,1284,7125.75,15.401
Germany,Europe,2022-10-10,644986,1560,7736.44,18.712
Germany,Europe,2022-10-17,544616,1477,6532.53,17.716
Germany,Europe,2022-10-24,373903,1049,4484.87,12.582
Germany,Europe,2022-10-31,243578,698,2921.66,8.372
Germany,Europe,2022-11-07,202015,640,2423.12,7.677
Germany,Europe,2022-11-14,169667,553,2035.11,6.633
Germany,Europe,2022-11-21,170589,640,2046.17,7.677
Germany,Europe,2022-11-28,184825,800,2216.93,9.596
Germany,Europe,2022-12-05,199505,961,2393.01,11.527
Germany,Europe,2022-12-12,222953,1139,2674.26,13.662
Germany,Europe,2022-12-19,230746,1288,2767.74,15.449
Germany,Europe,2022-12-26,151567,970,1818.01,11.635
Germany,Europe,2023-01-02,130316,829,1563.11,9.944
Germany,Europe,2023-01-09,89089,517,1068.6,6.201
Germany,Europe,2023-01-16,62867,338,754.07,4.054
Germany,Europe,2023-01-23,73298,331,879.19,3.97
Germany,Europe,2023-01-30,84243,344,1010.47,4.126
Germany,Europe,2023-02-06,86595,455,1038.68,5.458
Germany,Europe,2023-02-13,97850,601,1173.69,7.209
Germany,Europe,2023-02-20,113434,599,1360.61,7.185
Germany,Europe,2023-02-27,86321,535,1035.4,6.417
Germany,Europe,2023-03-06,43758,572,524.87,6.861
Germany,Europe,2023-03-13,40307,626,483.47,7.509
Germany,Europe,2023-03-20,32639,545,391.5,6.537
Germany,Europe,2023-03-27,22652,431,271.7,5.17
Germany,Europe,2023-04-03,14679,278,176.07,3.335
Germany,Europe,2023-04-10,13045,304,156.47,3.646
Germany,Europe,2023-04-17,11468,231,137.56,2.771
Germany,Europe,2023-04-24,9193,162,110.27,1.943
Germany,Europe,2023-05-01,0,0,0.0,0.0
India,Asia,2019-12-30,0,0,0.0,0.0
India,Asia,2020-01-06,0,0,0.0,0.0
India,Asia,2020-01-13,0,0,0.0,0.0
India,Asia,2020-01-20,0,0,0.0,0.0
India,Asia,2020-01-27,2,0,0.0,0.0
India,Asia,2020-02-03,5,0,0.0,0.0
India,Asia,2020-02-10,0,0,0.0,0.0
India,Asia,2020-02-17,0,0,0.0,0.0
India,Asia,2020-02-24,0,0,0.0,0.0
India,Asia,2020-03-02,32,0,0.02,0.0
India,Asia,2020-03-09,68,2,0.05,0.001
India,Asia,2020-03-16,253,5,0.18,0.004
India,Asia,2020-03-23,619,18,0.44,0.013
India,Asia,2020-03-30,2395,52,1.69,0.037
India,Asia,2020-04-06,4982,196,3.52,0.138
India,Asia,2020-04-13,7356,234,5.19,0.165
India,Asia,2020-04-20,10784,317,7.61,0.224
India,Asia,2020-04-27,13484,477,9.51,0.337
India,Asia,2020-05-04,22959,808,16.2,0.57
India,Asia,2020-05-11,27988,763,19.75,0.538
India,Asia,2020-05-18,40941,995,28.89,0.702
India,Asia,2020-05-25,50275,1297,35.48,0.915
India,Asia,2020-06-01,64485,1765,45.5,1.245
India,Asia,2020-06-08,74294,2266,52.42,1.599
India,Asia,2020-06-15,89539,4059,63.18,2.864
India,Asia,2020-06-22,118398,2841,83.55,2.005
India,Asia,2020-06-29,144306,3173,101.83,2.239
India,Asia,2020-07-06,176388,3406,124.46,2.403
India,Asia,2020-07-13,228065,4142,160.93,2.923
India,Asia,2020-07-20,307904,5247,217.27,3.702
India,Asia,2020-07-27,365201,5301,257.7,3.741
India,Asia,2020-08-03,402287,6015,283.87,4.244
India,Asia,2020-08-10,436672,6601,308.13,4.658
India,Asia,2020-08-17,455258,6726,321.24,4.746
India,Asia,2020-08-24,497793,6792,351.26,4.793
India,Asia,2020-08-31,571078,7128,402.97,5.03
India,Asia,2020-09-07,640545,7960,451.99,5.617
India,Asia,2020-09-14,646263,8166,456.02,5.762
India,Asia,2020-09-21,591913,7751,417.67,5.469
India,Asia,2020-09-28,556841,7279,392.92,5.136
India,Asia,2020-10-05,504433,6552,355.94,4.623
India,Asia,2020-10-12,440745,5697,311.0,4.02
India,Asia,2020-10-19,370260,4503,261.27,3.177
India,Asia,2020-10-26,319271,3577,225.29,2.524
India,Asia,2020-11-02,323672,4010,228.39,2.83
India,Asia,2020-11-09,306825,3514,216.5,2.48
India,Asia,2020-11-16,281227,3592,198.44,2.535
India,Asia,2020-11-23,297113,3469,209.65,2.448
India,Asia,2020-11-30,251303,3486,177.33,2.46
India,Asia,2020-12-07,212807,2837,150.16,2.002
India,Asia,2020-12-14,174194,2458,122.92,1.734
India,Asia,2020-12-21,156627,2145,110.52,1.514
India,Asia,2020-12-28,136115,1813,96.05,1.279
India,Asia,2021-01-04,126319,1564,89.13,1.104
India,Asia,2021-01-11,107701,1275,76.0,0.9
India,Asia,2021-01-18,96548,1065,68.13,0.751
India,Asia,2021-01-25,91650,935,64.67,0.66
India,Asia,2021-02-01,80180,722,56.58,0.509
India,Asia,2021-02-08,78577,646,55.45,0.456
India,Asia,2021-02-15,86711,660,61.19,0.466
India,Asia,2021-02-22,105080,749,74.15,0.529
India,Asia,2021-03-01,114068,705,80.49,0.497
India,Asia,2021-03-08,148249,851,104.61,0.6
India,Asia,2021-03-15,240082,1148,169.41,0.81
India,Asia,2021-03-22,372494,1797,262.84,1.268
India,Asia,2021-03-29,513885,3071,362.61,2.167
India,Asia,2021-04-05,873296,4652,616.22,3.283
India,Asia,2021-04-12,1429304,7875,1008.56,5.557
India,Asia,2021-04-19,2172063,15161,1532.67,10.698
India,Asia,2021-04-26,2597285,23231,1832.72,16.392
India,Asia,2021-05-03,2738957,26820,1932.69,18.925
India,Asia,2021-05-10,2387663,27922,1684.81,19.703
India,Asia,2021-05-17,1846055,28982,1302.63,20.451
India,Asia,2021-05-24,1364668,26706,962.95,18.845
India,Asia,2021-05-31,914539,20787,645.33,14.668
India,Asia,2021-06-07,630650,23625,445.01,16.671
India,Asia,2021-06-14,441976,16329,311.87,11.522
India,Asia,2021-06-21,351218,9038,247.83,6.377
India,Asia,2021-06-28,312250,6254,220.33,4.413
India,Asia,2021-07-05,291789,6035,205.9,4.258
India,Asia,2021-07-12,268843,5569,189.7,3.93
India,Asia,2021-07-19,265836,6942,187.58,4.898
India,Asia,2021-07-26,283923,3800,200.34,2.681
India,Asia,2021-08-02,278631,3511,196.61,2.477
India,Asia,2021-08-09,258121,3363,182.14,2.373
India,Asia,2021-08-16,231658,3142,163.46,2.217
India,Asia,2021-08-23,270796,3463,191.08,2.444
India,Asia,2021-08-30,293643,2703,207.2,1.907
India,Asia,2021-09-06,248248,2122,175.17,1.497
India,Asia,2021-09-13,211242,2183,149.06,1.54
India,Asia,2021-09-20,204582,2080,144.36,1.468
India,Asia,2021-09-27,161158,1899,113.72,1.34
India,Asia,2021-10-04,139572,1772,98.49,1.25
India,Asia,2021-10-11,114244,1535,80.61,1.083
India,Asia,2021-10-18,107749,2145,76.03,1.514
India,Asia,2021-10-25,97832,3917,69.03,2.764
India,Asia,2021-11-01,82236,2605,58.03,1.838
India,Asia,2021-11-08,81771,2739,57.7,1.933
India,Asia,2021-11-15,73106,2132,51.59,1.504
India,Asia,2021-11-22,62110,2892,43.83,2.041
India,Asia,2021-11-29,60732,4772,42.85,3.367
India,Asia,2021-12-06,57255,2108,40.4,1.487
India,Asia,2021-12-13,49765,1988,35.12,1.403
India,Asia,2021-12-20,46527,2260,32.83,1.595
India,Asia,2021-12-27,102330,2088,72.21,1.473
India,Asia,2022-01-03,638872,2020,450.81,1.425
India,Asia,2022-01-10,1594160,2276,1124.89,1.606
India,Asia,2022-01-17,2115100,3343,1492.48,2.359
India,Asia,2022-01-24,1855258,4682,1309.13,3.304
India,Asia,2022-01-31,1095616,7888,773.1,5.566
India,Asia,2022-02-07,443283,6686,312.79,4.718
India,Asia,2022-02-14,191052,3238,134.81,2.285
India,Asia,2022-02-21,93644,1821,66.08,1.285
India,Asia,2022-02-28,46836,1312,33.05,0.926
India,Asia,2022-03-07,28038,814,19.78,0.574
India,Asia,2022-03-14,16850,629,11.89,0.444
India,Asia,2022-03-21,11612,4525,8.19,3.193
India,Asia,2022-03-28,8678,341,6.12,0.241
India,Asia,2022-04-04,7140,340,5.04,0.24
India,Asia,2022-04-11,6826,66,4.82,0.047
India,Asia,2022-04-18,15448,442,10.9,0.312
India,Asia,2022-04-25,21643,1650,15.27,1.164
India,Asia,2022-05-02,23006,221,16.23,0.156
India,Asia,2022-05-09,19405,150,13.69,0.106
India,Asia,2022-05-16,14772,199,10.42,0.14
India,Asia,2022-05-23,16672,173,11.76,0.122
India,Asia,2022-05-30,23774,106,16.78,0.075
India,Asia,2022-06-06,45200,69,31.89,0.049
India,Asia,2022-06-13,74675,94,52.69,0.066
India,Asia,2022-06-20,93281,144,65.82,0.102
India,Asia,2022-06-27,112456,200,79.35,0.141
India,Asia,2022-07-04,120222,229,84.83,0.162
India,Asia,2022-07-11,127948,281,90.28,0.198
India,Asia,2022-07-18,138156,324,97.49,0.229
India,Asia,2022-07-25,131056,324,92.48,0.229
India,Asia,2022-08-01,125921,332,88.85,0.234
India,Asia,2022-08-08,107732,348,76.02,0.246
India,Asia,2022-08-15,85965,295,60.66,0.208
India,Asia,2022-08-22,68703,422,48.48,0.298
India,Asia,2022-08-29,48403,237,34.15,0.167
India,Asia,2022-09-05,38824,159,27.4,0.112
India,Asia,2022-09-12,38829,187,27.4,0.132
India,Asia,2022-09-19,33926,173,23.94,0.122
India,Asia,2022-09-26,26373,163,18.61,0.115
India,Asia,2022-10-03,17526,126,12.37,0.089
India,Asia,2022-10-10,16815,96,11.87,0.068
India,Asia,2022-10-17,13914,66,9.82,0.047
India,Asia,2022-10-24,9524,55,6.72,0.039
India,Asia,2022-10-31,8313,1484,5.87,1.047
India,Asia,2022-11-07,5798,31,4.09,0.022
India,Asia,2022-11-14,2638,43,1.86,0.03
India,Asia,2022-11-21,2547,38,1.8,0.027
India,Asia,2022-11-28,1830,16,1.29,0.011
India,Asia,2022-12-05,1430,30,1.01,0.021
India,Asia,2022-12-12,1130,14,0.8,0.01
India,Asia,2022-12-19,1154,21,0.81,0.015
India,Asia,2022-12-26,1543,12,1.09,0.008
India,Asia,2023-01-02,1275,15,0.9,0.011
India,Asia,2023-01-09,1116,6,0.79,0.004
India,Asia,2023-01-16,881,7,0.62,0.005
India,Asia,2023-01-23,718,7,0.51,0.005
India,Asia,2023-01-30,724,5,0.51,0.004
India,Asia,2023-02-06,755,5,0.53,0.004
India,Asia,2023-02-13,799,10,0.56,0.007
India,Asia,2023-02-20,1100,9,0.78,0.006
India,Asia,2023-02-27,1803,6,1.27,0.004
India,Asia,2023-03-06,2672,6,1.89,0.004
India,Asia,2023-03-13,4928,21,3.48,0.015
India,Asia,2023-03-20,8727,29,6.16,0.02
India,Asia,2023-03-27,18458,50,13.02,0.035
India,Asia,2023-04-03,34011,84,24.0,0.059
India,Asia,2023-04-10,61499,149,43.4,0.105
India,Asia,2023-04-17,73874,215,52.13,0.152
India,Asia,2023-04-24,53400,204,37.68,0.144
India,Asia,2023-05-01,0,0,0.0,0.0
Israel,Asia,2019-12-30,0,0,0.0,0.0
Israel,Asia,2020-01-06,0,0,0.0,0.0
Israel,Asia,2020-01-13,0,0,0.0,0.0
Israel,Asia,2020-01-20,0,0,0.0,0.0
Israel,Asia,2020-01-27,0,0,0.0,0.0
Israel,Asia,2020-02-03,0,0,0.0,0.0
Israel,Asia,2020-02-10,9,0,0.95,0.0
Israel,Asia,2020-02-17,1,0,0.11,0.0
Israel,Asia,2020-02-24,5,0,0.53,0.0
Israel,Asia,2020-03-02,26,0,2.75,0.0
Israel,Asia,2020-03-09,151,0,15.98,0.0
Israel,Asia,2020-03-16,844,1,89.32,0.106
Israel,Asia,2020-03-23,2868,12,303.52,1.27
Israel,Asia,2020-03-30,4259,36,450.74,3.81
Israel,Asia,2020-04-06,2786,54,294.85,5.715
Israel,Asia,2020-04-13,2567,63,271.67,6.667
Israel,Asia,2020-04-20,1759,37,186.16,3.916
Israel,Asia,2020-04-27,768,30,81.28,3.175
Israel,Asia,2020-05-04,293,19,31.01,2.011
Israel,Asia,2020-05-11,169,21,17.89,2.222
Israel,Asia,2020-05-18,121,10,12.81,1.058
Israel,Asia,2020-05-25,344,6,36.41,0.635
Israel,Asia,2020-06-01,752,11,79.59,1.164
Israel,Asia,2020-06-08,1260,5,133.35,0.529
Israel,Asia,2020-06-15,1676,5,177.37,0.529
Israel,Asia,2020-06-22,2831,16,299.61,1.693
Israel,Asia,2020-06-29,5810,15,614.88,1.587
Israel,Asia,2020-07-06,8756,34,926.66,3.598
Israel,Asia,2020-07-13,11408,53,1207.32,5.609
Israel,Asia,2020-07-20,11867,68,1255.9,7.197
Israel,Asia,2020-07-27,10932,83,1156.95,8.784
Israel,Asia,2020-08-03,10106,82,1069.53,8.678
Israel,Asia,2020-08-10,9839,88,1041.27,9.313
Israel,Asia,2020-08-17,9687,87,1025.19,9.207
Israel,Asia,2020-08-24,11652,88,1233.15,9.313
Israel,Asia,2020-08-31,15508,108,1641.23,11.43
Israel,Asia,2020-09-07,23881,113,2527.36,11.959
Israel,Asia,2020-09-14,32590,145,3449.04,15.346
Israel,Asia,2020-09-21,43128,190,4564.29,20.108
Israel,Asia,2020-09-28,35988,241,3808.66,25.505
Israel,Asia,2020-10-05,25121,257,2658.59,27.199
Israel,Asia,2020-10-12,12757,245,1350.09,25.929
Israel,Asia,2020-10-19,6926,190,732.99,20.108
Israel,Asia,2020-10-26,4652,156,492.33,16.51
Israel,Asia,2020-11-02,4530,113,479.42,11.959
Israel,Asia,2020-11-09,4585,60,485.24,6.35
Israel,Asia,2020-11-16,5091,68,538.79,7.197
Israel,Asia,2020-11-23,6362,58,673.3,6.138
Israel,Asia,2020-11-30,9033,60,955.97,6.35
Israel,Asia,2020-12-07,11998,80,1269.76,8.467
Israel,Asia,2020-12-14,17326,103,1833.63,10.901
Israel,Asia,2020-12-21,26083,131,2760.4,13.864
Israel,Asia,2020-12-28,36643,191,3877.98,20.214
Israel,Asia,2021-01-04,50749,244,5370.83,25.823
Israel,Asia,2021-01-11,58256,341,6165.31,36.088
Israel,Asia,2021-01-18,49873,366,5278.12,38.734
Israel,Asia,2021-01-25,45816,381,4848.77,40.322
Israel,Asia,2021-02-01,46171,348,4886.34,36.829
Israel,Asia,2021-02-08,35955,248,3805.16,26.246
Israel,Asia,2021-02-15,25826,205,2733.2,21.695
Israel,Asia,2021-02-22,25825,177,2733.09,18.732
Israel,Asia,2021-03-01,26152,132,2767.7,13.97
Israel,Asia,2021-03-08,17889,115,1893.22,12.171
Israel,Asia,2021-03-15,9371,101,991.75,10.689
Israel,Asia,2021-03-22,4543,77,480.79,8.149
Israel,Asia,2021-03-29,2360,81,249.76,8.572
Israel,Asia,2021-04-05,1684,59,178.22,6.244
Israel,Asia,2021-04-12,1052,43,111.33,4.551
Israel,Asia,2021-04-19,984,24,104.14,2.54
Israel,Asia,2021-04-26,624,16,66.04,1.693
Israel,Asia,2021-05-03,404,13,42.76,1.376
Israel,Asia,2021-05-10,261,8,27.62,0.847
Israel,Asia,2021-05-17,209,7,22.12,0.741
Israel,Asia,2021-05-24,150,6,15.87,0.635
Israel,Asia,2021-05-31,115,4,12.17,0.423
Israel,Asia,2021-06-07,92,3,9.74,0.317
Israel,Asia,2021-06-14,184,3,19.47,0.317
Israel,Asia,2021-06-21,1095,1,115.89,0.106
Israel,Asia,2021-06-28,2005,0,212.19,0.0
Israel,Asia,2021-07-05,3244,5,343.32,0.529
Israel,Asia,2021-07-12,5222,12,552.65,1.27
Israel,Asia,2021-07-19,8764,14,927.51,1.482
Israel,Asia,2021-07-26,14859,26,1572.55,2.752
Israel,Asia,2021-08-02,23515,75,2488.62,7.937
Israel,Asia,2021-08-09,38065,124,4028.47,13.123
Israel,Asia,2021-08-16,51170,163,5415.39,17.251
Israel,Asia,2021-08-23,61130,193,6469.47,20.425
Israel,Asia,2021-08-30,66012,208,6986.14,22.013
Israel,Asia,2021-09-06,55065,171,5827.6,18.097
Israel,Asia,2021-09-13,54413,146,5758.6,15.451
Israel,Asia,2021-09-20,40329,143,4268.07,15.134
Israel,Asia,2021-09-27,24955,129,2641.02,13.652
Israel,Asia,2021-10-04,16145,101,1708.65,10.689
Israel,Asia,2021-10-11,11082,82,1172.82,8.678
Israel,Asia,2021-10-18,7222,45,764.31,4.762
Israel,Asia,2021-10-25,4653,47,492.43,4.974
Israel,Asia,2021-11-01,3775,22,399.51,2.328
Israel,Asia,2021-11-08,3104,25,328.5,2.646
Israel,Asia,2021-11-15,3191,22,337.71,2.328
Israel,Asia,2021-11-22,3564,12,377.18,1.27
Israel,Asia,2021-11-29,3636,15,384.8,1.587
Israel,Asia,2021-12-06,4294,16,454.44,1.693
Israel,Asia,2021-12-13,4887,13,517.2,1.376
Israel,Asia,2021-12-20,9079,6,960.84,0.635
Israel,Asia,2021-12-27,26891,11,2845.91,1.164
Israel,Asia,2022-01-03,112884,24,11946.66,2.54
Israel,Asia,2022-01-10,308975,74,32699.23,7.832
Israel,Asia,2022-01-17,494733,193,52358.24,20.425
Israel,Asia,2022-01-24,474410,336,50207.43,35.559
Israel,Asia,2022-01-31,382736,434,40505.45,45.931
Israel,Asia,2022-02-07,241078,439,25513.6,46.46
Israel,Asia,2022-02-14,135580,262,14348.61,27.728
Israel,Asia,2022-02-21,77870,192,8241.08,20.32
Israel,Asia,2022-02-28,53061,134,5615.51,14.181
Israel,Asia,2022-03-07,43758,71,4630.97,7.514
Israel,Asia,2022-03-14,47811,58,5059.9,6.138
Israel,Asia,2022-03-21,88966,50,9415.39,5.292
Israel,Asia,2022-03-28,86177,63,9120.22,6.667
Israel,Asia,2022-04-04,57296,60,6063.71,6.35
Israel,Asia,2022-04-11,34453,48,3646.21,5.08
Israel,Asia,2022-04-18,25894,46,2740.4,4.868
Israel,Asia,2022-04-25,21226,36,2246.38,3.81
Israel,Asia,2022-05-02,14419,30,1525.98,3.175
Israel,Asia,2022-05-09,15310,20,1620.28,2.117
Israel,Asia,2022-05-16,14797,23,1565.99,2.434
Israel,Asia,2022-05-23,13249,11,1402.16,1.164
Israel,Asia,2022-05-30,16478,14,1743.89,1.482
Israel,Asia,2022-06-06,29452,13,3116.94,1.376
Israel,Asia,2022-06-13,47448,18,5021.48,1.905
Israel,Asia,2022-06-20,67821,49,7177.58,5.186
Israel,Asia,2022-06-27,74269,89,7859.99,9.419
Israel,Asia,2022-07-04,73628,96,7792.15,10.16
Israel,Asia,2022-07-11,60205,103,6371.57,10.901
Israel,Asia,2022-07-18,43530,99,4606.84,10.477
Israel,Asia,2022-07-25,30706,82,3249.66,8.678
Israel,Asia,2022-08-01,21063,70,2229.12,7.408
Israel,Asia,2022-08-08,13168,52,1393.59,5.503
Israel,Asia,2022-08-15,9188,43,972.38,4.551
Israel,Asia,2022-08-22,6922,41,732.56,4.339
Israel,Asia,2022-08-29,6023,26,637.42,2.752
Israel,Asia,2022-09-05,6094,16,644.94,1.693
Israel,Asia,2022-09-12,7637,15,808.23,1.587
Israel,Asia,2022-09-19,7584,9,802.62,0.952
Israel,Asia,2022-09-26,6116,13,647.26,1.376
Israel,Asia,2022-10-03,4937,17,522.49,1.799
Israel,Asia,2022-10-10,4311,17,456.24,1.799
Israel,Asia,2022-10-17,4605,18,487.35,1.905
Israel,Asia,2022-10-24,5518,16,583.98,1.693
Israel,Asia,2022-10-31,6333,15,670.23,1.587
Israel,Asia,2022-11-07,7173,16,759.13,1.693
Israel,Asia,2022-11-14,8825,23,933.96,2.434
Israel,Asia,2022-11-21,10228,24,1082.44,2.54
Israel,Asia,2022-11-28,11231,39,1188.59,4.127
Israel,Asia,2022-12-05,10967,44,1160.65,4.657
Israel,Asia,2022-12-12,10321,42,1092.28,4.445
Israel,Asia,2022-12-19,8581,41,908.14,4.339
Israel,Asia,2022-12-26,7374,41,780.4,4.339
Israel,Asia,2023-01-02,6639,46,702.61,4.868
Israel,Asia,2023-01-09,5328,24,563.87,2.54
Israel,Asia,2023-01-16,4576,36,484.28,3.81
Israel,Asia,2023-01-23,4168,26,441.1,2.752
Israel,Asia,2023-01-30,3442,26,364.27,2.752
Israel,Asia,2023-02-06,2878,19,304.58,2.011
Israel,Asia,2023-02-13,3097,21,327.76,2.222
Israel,Asia,2023-02-20,3552,26,375.91,2.752
Israel,Asia,2023-02-27,3657,25,387.03,2.646
Israel,Asia,2023-03-06,3462,23,366.39,2.434
Israel,Asia,2023-03-13,3838,32,406.18,3.387
Israel,Asia,2023-03-20,3192,22,337.81,2.328
Israel,Asia,2023-03-27,2791,24,295.38,2.54
Israel,Asia,2023-04-03,1969,16,208.38,1.693
Israel,Asia,2023-04-10,1852,22,196.0,2.328
Israel,Asia,2023-04-17,1956,25,207.01,2.646
Israel,Asia,2023-04-24,1334,19,141.18,2.011
Israel,Asia,2023-05-01,0,0,0.0,0.0
Italy,Europe,2019-12-30,0,0,0.0,0.0
Italy,Europe,2020-01-06,0,0,0.0,0.0
Italy,Europe,2020-01-13,0,0,0.0,0.0
Italy,Europe,2020-01-20,0,0,0.0,0.0
Italy,Europe,2020-01-27,3,0,0.05,0.0
Italy,Europe,2020-02-03,0,0,0.0,0.0
Italy,Europe,2020-02-10,0,0,0.0,0.0
Italy,Europe,2020-02-17,76,2,1.29,0.034
Italy,Europe,2020-02-24,1049,27,17.77,0.457
Italy,Europe,2020-03-02,4755,204,80.54,3.455
Italy,Europe,2020-03-09,15274,1208,258.72,20.462
Italy,Europe,2020-03-16,32421,3384,549.16,57.32
Italy,Europe,2020-03-23,38894,5198,658.8,88.046
Italy,Europe,2020-03-30,32160,5339,544.74,90.434
Italy,Europe,2020-04-06,27639,4106,468.16,69.549
Italy,Europe,2020-04-13,23654,3759,400.66,63.671
Italy,Europe,2020-04-20,19426,3157,329.05,53.475
Italy,Europe,2020-04-27,13977,2326,236.75,39.399
Italy,Europe,2020-05-04,8940,1685,151.43,28.541
Italy,Europe,2020-05-11,6492,1368,109.96,23.172
Italy,Europe,2020-05-18,4567,972,77.36,16.464
Italy,Europe,2020-05-25,3337,605,56.52,10.248
Italy,Europe,2020-06-01,2137,506,36.2,8.571
Italy,Europe,2020-06-08,1850,455,31.34,7.707
Italy,Europe,2020-06-15,2023,309,34.27,5.234
Italy,Europe,2020-06-22,1861,106,31.52,1.795
Italy,Europe,2020-06-29,1283,138,21.73,2.337
Italy,Europe,2020-07-06,1408,91,23.85,1.541
Italy,Europe,2020-07-13,1389,97,23.53,1.643
Italy,Europe,2020-07-20,1648,60,27.91,1.016
Italy,Europe,2020-07-27,1968,44,33.33,0.745
Italy,Europe,2020-08-03,2271,57,38.47,0.965
Italy,Europe,2020-08-10,3335,189,56.49,3.201
Italy,Europe,2020-08-17,4698,38,79.58,0.644
Italy,Europe,2020-08-24,8717,43,147.65,0.728
Italy,Europe,2020-08-31,9484,60,160.64,1.016
Italy,Europe,2020-09-07,9960,70,168.71,1.186
Italy,Europe,2020-09-14,10272,89,173.99,1.508
Italy,Europe,2020-09-21,11535,126,195.38,2.134
Italy,Europe,2020-09-28,14647,150,248.1,2.541
Italy,Europe,2020-10-05,26743,172,452.98,2.913
Italy,Europe,2020-10-12,53042,334,898.45,5.657
Italy,Europe,2020-10-19,101973,736,1727.26,12.467
Italy,Europe,2020-10-26,174921,1408,2962.88,23.849
Italy,Europe,2020-11-02,223060,2445,3778.28,41.414
Italy,Europe,2020-11-09,242062,3620,4100.14,61.317
Italy,Europe,2020-11-16,235979,4578,3997.11,77.544
Italy,Europe,2020-11-23,184001,5102,3116.68,86.42
Italy,Europe,2020-11-30,145459,5151,2463.84,87.25
Italy,Europe,2020-12-07,115784,4522,1961.2,76.595
Italy,Europe,2020-12-14,112308,4411,1902.32,74.715
Italy,Europe,2020-12-21,100700,3180,1705.7,53.864
Italy,Europe,2020-12-28,102019,3358,1728.04,56.879
Italy,Europe,2021-01-04,116665,3409,1976.12,57.743
Italy,Europe,2021-01-11,110867,3406,1877.91,57.692
Italy,Europe,2021-01-18,86452,3362,1464.36,56.947
Italy,Europe,2021-01-25,86598,3117,1466.83,52.797
Italy,Europe,2021-02-01,83315,2724,1411.22,46.14
Italy,Europe,2021-02-08,85721,2353,1451.98,39.856
Italy,Europe,2021-02-15,84977,2130,1439.37,36.079
Italy,Europe,2021-02-22,112029,2021,1897.59,34.232
Italy,Europe,2021-03-01,138937,2071,2353.37,35.079
Italy,Europe,2021-03-08,155076,2303,2626.74,39.009
Italy,Europe,2021-03-15,154493,2761,2616.86,46.767
Italy,Europe,2021-03-22,156059,2994,2643.39,50.714
Italy,Europe,2021-03-29,137857,3068,2335.08,51.967
Italy,Europe,2021-04-05,103830,3219,1758.71,54.525
Italy,Europe,2021-04-12,103366,2753,1750.85,46.631
Italy,Europe,2021-04-19,92074,2345,1559.59,39.721
Italy,Europe,2021-04-26,86100,2012,1458.4,34.08
Italy,Europe,2021-05-03,67304,1661,1140.02,28.135
Italy,Europe,2021-05-10,50453,1369,854.59,23.189
Italy,Europe,2021-05-17,34816,1090,589.73,18.463
Italy,Europe,2021-05-24,24865,849,421.17,14.381
Italy,Europe,2021-05-31,17098,470,289.61,7.961
Italy,Europe,2021-06-07,13329,504,225.77,8.537
Italy,Europe,2021-06-14,8613,277,145.89,4.692
Italy,Europe,2021-06-21,5194,205,87.98,3.472
Italy,Europe,2021-06-28,5222,179,88.45,3.032
Italy,Europe,2021-07-05,7374,131,124.9,2.219
Italy,Europe,2021-07-12,14447,96,244.71,1.626
Italy,Europe,2021-07-19,28341,78,480.05,1.321
Italy,Europe,2021-07-26,37355,121,632.73,2.05
Italy,Europe,2021-08-02,40656,146,688.65,2.473
Italy,Europe,2021-08-09,44324,204,750.78,3.455
Italy,Europe,2021-08-16,43683,315,739.92,5.336
Italy,Europe,2021-08-23,45601,328,772.41,5.556
Italy,Europe,2021-08-30,41834,410,708.6,6.945
Italy,Europe,2021-09-06,35623,419,603.4,7.097
Italy,Europe,2021-09-13,30526,399,517.06,6.758
Italy,Europe,2021-09-20,24940,369,422.44,6.25
Italy,Europe,2021-09-27,21852,345,370.14,5.844
Italy,Europe,2021-10-04,18971,276,321.34,4.675
Italy,Europe,2021-10-11,17426,243,295.17,4.116
Italy,Europe,2021-10-18,21998,285,372.61,4.827
Italy,Europe,2021-10-25,29978,272,507.78,4.607
Italy,Europe,2021-11-01,34785,291,589.2,4.929
Italy,Europe,2021-11-08,50271,374,851.51,6.335
Italy,Europe,2021-11-15,63485,392,1075.33,6.64
Italy,Europe,2021-11-22,78910,496,1336.61,8.401
Italy,Europe,2021-11-29,99181,525,1679.97,8.893
Italy,Europe,2021-12-06,112233,613,1901.05,10.383
Italy,Europe,2021-12-13,158547,779,2685.53,13.195
Italy,Europe,2021-12-20,257579,986,4362.97,16.701
Italy,Europe,2021-12-27,644604,983,10918.56,16.65
Italy,Europe,2022-01-03,1014262,1368,17179.97,23.172
Italy,Europe,2022-01-10,1268153,1975,21480.48,33.453
Italy,Europe,2022-01-17,1231741,2440,20863.72,41.33
Italy,Europe,2022-01-24,1040184,2618,17619.05,44.345
Italy,Europe,2022-01-31,721418,2628,12219.66,44.514
Italy,Europe,2022-02-07,510537,2282,8647.68,38.653
Italy,Europe,2022-02-14,374443,2024,6342.46,34.283
Italy,Europe,2022-02-21,304907,1568,5164.64,26.559
Italy,Europe,2022-02-28,257543,1366,4362.36,23.138
Italy,Europe,2022-03-07,332905,1000,5638.88,16.938
Italy,Europe,2022-03-14,477051,910,8080.48,15.414
Italy,Europe,2022-03-21,503932,1008,8535.8,17.074
Italy,Europe,2022-03-28,486695,966,8243.83,16.362
Italy,Europe,2022-04-04,447322,992,7576.92,16.803
Italy,Europe,2022-04-11,421707,944,7143.04,15.99
Italy,Europe,2022-04-18,419374,1007,7103.52,17.057
Italy,Europe,2022-04-25,383991,898,6504.19,15.211
Italy,Europe,2022-05-02,304573,910,5158.98,15.414
Italy,Europe,2022-05-09,262374,765,4444.19,12.958
Italy,Europe,2022-05-16,199116,736,3372.71,12.467
Italy,Europe,2022-05-23,144478,624,2447.23,10.57
Italy,Europe,2022-05-30,116710,380,1976.88,6.437
Italy,Europe,2022-06-06,143614,443,2432.59,7.504
Italy,Europe,2022-06-13,210840,338,3571.29,5.725
Italy,Europe,2022-06-20,340012,355,5759.26,6.013
Italy,Europe,2022-06-27,511037,430,8656.15,7.284
Italy,Europe,2022-07-04,661984,574,11212.95,9.723
Italy,Europe,2022-07-11,718925,784,12177.44,13.28
Italy,Europe,2022-07-18,531327,952,8999.83,16.125
Italy,Europe,2022-07-25,394583,1205,6683.6,20.411
Italy,Europe,2022-08-01,283998,1059,4810.47,17.938
Italy,Europe,2022-08-08,193305,920,3274.28,15.583
Italy,Europe,2022-08-15,150922,677,2556.38,11.467
Italy,Europe,2022-08-22,157864,647,2673.96,10.959
Italy,Europe,2022-08-29,136211,496,2307.2,8.401
Italy,Europe,2022-09-05,110644,373,1874.13,6.318
Italy,Europe,2022-09-12,113218,371,1917.73,6.284
Italy,Europe,2022-09-19,135877,321,2301.54,5.437
Italy,Europe,2022-09-26,215534,263,3650.8,4.455
Italy,Europe,2022-10-03,280947,348,4758.79,5.895
Italy,Europe,2022-10-10,288452,478,4885.91,8.097
Italy,Europe,2022-10-17,252777,586,4281.64,9.926
Italy,Europe,2022-10-24,208501,559,3531.67,9.469
Italy,Europe,2022-10-31,165989,554,2811.59,9.384
Italy,Europe,2022-11-07,181181,484,3068.92,8.198
Italy,Europe,2022-11-14,221013,540,3743.61,9.147
Italy,Europe,2022-11-21,228458,592,3869.71,10.028
Italy,Europe,2022-11-28,227792,673,3858.43,11.4
Italy,Europe,2022-12-05,198433,675,3361.14,11.433
Italy,Europe,2022-12-12,174187,751,2950.45,12.721
Italy,Europe,2022-12-19,132427,798,2243.1,13.517
Italy,Europe,2022-12-26,132328,750,2241.42,12.704
Italy,Europe,2023-01-02,108312,614,1834.63,10.4
Italy,Europe,2023-01-09,79745,626,1350.75,10.603
Italy,Europe,2023-01-16,47190,443,799.32,7.504
Italy,Europe,2023-01-23,36722,303,622.01,5.132
Italy,Europe,2023-01-30,32751,455,554.75,7.707
Italy,Europe,2023-02-06,29286,259,496.06,4.387
Italy,Europe,2023-02-13,29146,309,493.69,5.234
Italy,Europe,2023-02-20,29177,247,494.21,4.184
Italy,Europe,2023-02-27,25133,222,425.71,3.76
Italy,Europe,2023-03-06,24149,198,409.05,3.354
Italy,Europe,2023-03-13,23041,201,390.28,3.405
Italy,Europe,2023-03-20,22665,179,383.91,3.032
Italy,Europe,2023-03-27,20999,181,355.69,3.066
Italy,Europe,2023-04-03,19907,148,337.19,2.507
Italy,Europe,2023-04-10,24746,137,419.16,2.321
Italy,Europe,2023-04-17,26659,187,451.56,3.167
Italy,Europe,2023-04-24,23050,159,390.43,2.693
Italy,Europe,2023-05-01,0,0,0.0,0.0
Japan,Asia,2019-12-30,0,0,0.0,0.0
Japan,Asia,2020-01-06,0,0,0.0,0.0
Japan,Asia,2020-01-13,1,0,0.01,0.0
Japan,Asia,2020-01-20,2,0,0.02,0.0
Japan,Asia,2020-01-27,12,0,0.1,0.0
Japan,Asia,2020-02-03,10,0,0.08,0.0
Japan,Asia,2020-02-10,27,1,0.22,0.008
Japan,Asia,2020-02-17,80,0,0.65,0.0
Japan,Asia,2020-02-24,107,5,0.86,0.04
Japan,Asia,2020-03-02,216,0,1.74,0.0
Japan,Asia,2020-03-09,325,16,2.62,0.129
Japan,Asia,2020-03-16,266,18,2.15,0.145
Japan,Asia,2020-03-23,647,12,5.22,0.097
Japan,Asia,2020-03-30,1578,18,12.73,0.145
Japan,Asia,2020-04-06,3477,28,28.05,0.226
Japan,Asia,2020-04-13,3613,63,29.15,0.508
Japan,Asia,2020-04-20,2821,187,22.76,1.509
Japan,Asia,2020-04-27,1657,144,13.37,1.162
Japan,Asia,2020-05-04,908,121,7.33,0.976
Japan,Asia,2020-05-11,538,131,4.34,1.057
Japan,Asia,2020-05-18,265,76,2.14,0.613
Japan,Asia,2020-05-25,301,71,2.43,0.573
Japan,Asia,2020-06-01,290,25,2.34,0.202
Japan,Asia,2020-06-08,288,9,2.32,0.073
Japan,Asia,2020-06-15,435,28,3.51,0.226
Japan,Asia,2020-06-22,526,18,4.24,0.145
Japan,Asia,2020-06-29,1132,6,9.13,0.048
Japan,Asia,2020-07-06,1980,5,15.97,0.04
Japan,Asia,2020-07-13,3140,3,25.33,0.024
Japan,Asia,2020-07-20,4740,11,38.24,0.089
Japan,Asia,2020-07-27,7307,15,58.95,0.121
Japan,Asia,2020-08-03,10094,29,81.43,0.234
Japan,Asia,2020-08-10,7931,48,63.98,0.387
Japan,Asia,2020-08-17,7033,88,56.74,0.71
Japan,Asia,2020-08-24,5517,88,44.51,0.71
Japan,Asia,2020-08-31,4155,93,33.52,0.75
Japan,Asia,2020-09-07,3799,82,30.65,0.662
Japan,Asia,2020-09-14,3439,61,27.74,0.492
Japan,Asia,2020-09-21,3033,45,24.47,0.363
Japan,Asia,2020-09-28,3649,52,29.44,0.42
Japan,Asia,2020-10-05,3573,30,28.83,0.242
Japan,Asia,2020-10-12,3744,43,30.21,0.347
Japan,Asia,2020-10-19,3878,41,31.29,0.331
Japan,Asia,2020-10-26,4612,55,37.21,0.444
Japan,Asia,2020-11-02,5940,46,47.92,0.371
Japan,Asia,2020-11-09,9591,71,77.38,0.573
Japan,Asia,2020-11-16,13502,91,108.93,0.734
Japan,Asia,2020-11-23,14474,132,116.77,1.065
Japan,Asia,2020-11-30,15445,209,124.6,1.686
Japan,Asia,2020-12-07,17189,247,138.67,1.993
Japan,Asia,2020-12-14,18593,311,150.0,2.509
Japan,Asia,2020-12-21,21432,340,172.91,2.743
Japan,Asia,2020-12-28,26535,335,214.08,2.703
Japan,Asia,2021-01-04,42905,448,346.14,3.614
Japan,Asia,2021-01-11,41542,450,335.15,3.63
Japan,Asia,2021-01-18,36519,573,294.62,4.623
Japan,Asia,2021-01-25,24705,635,199.31,5.123
Japan,Asia,2021-02-01,15472,684,124.82,5.518
Japan,Asia,2021-02-08,10792,574,87.07,4.631
Japan,Asia,2021-02-15,9815,505,79.18,4.074
Japan,Asia,2021-02-22,7176,443,57.89,3.574
Japan,Asia,2021-03-01,7219,367,58.24,2.961
Japan,Asia,2021-03-08,7914,333,63.85,2.687
Japan,Asia,2021-03-15,8875,252,71.6,2.033
Japan,Asia,2021-03-22,11833,219,95.46,1.767
Japan,Asia,2021-03-29,16711,190,134.82,1.533
Japan,Asia,2021-04-05,20961,161,169.11,1.299
Japan,Asia,2021-04-12,27766,240,224.01,1.936
Japan,Asia,2021-04-19,32811,291,264.71,2.348
Japan,Asia,2021-04-26,35999,448,290.43,3.614
Japan,Asia,2021-05-03,37182,515,299.97,4.155
Japan,Asia,2021-05-10,43131,632,347.97,5.099
Japan,Asia,2021-05-17,35689,804,287.93,6.486
Japan,Asia,2021-05-24,25623,655,206.72,5.284
Japan,Asia,2021-05-31,17914,607,144.52,4.897
Japan,Asia,2021-06-07,12830,497,103.51,4.01
Japan,Asia,2021-06-14,10056,352,81.13,2.84
Japan,Asia,2021-06-21,10469,246,84.46,1.985
Japan,Asia,2021-06-28,11078,179,89.37,1.444
Japan,Asia,2021-07-05,13881,107,111.99,0.863
Japan,Asia,2021-07-12,20822,93,167.98,0.75
Japan,Asia,2021-07-19,28908,81,233.22,0.653
Japan,Asia,2021-07-26,65441,68,527.96,0.549
Japan,Asia,2021-08-02,95410,83,769.74,0.67
Japan,Asia,2021-08-09,113250,128,913.66,1.033
Japan,Asia,2021-08-16,155807,223,1257.0,1.799
Japan,Asia,2021-08-23,154011,315,1242.51,2.541
Japan,Asia,2021-08-30,117008,408,943.98,3.292
Japan,Asia,2021-09-06,68173,443,550.0,3.574
Japan,Asia,2021-09-13,37166,407,299.84,3.284
Japan,Asia,2021-09-20,17964,278,144.93,2.243
Japan,Asia,2021-09-27,10371,248,83.67,2.001
Japan,Asia,2021-10-04,5927,211,47.82,1.702
Japan,Asia,2021-10-11,3747,162,30.23,1.307
Japan,Asia,2021-10-18,2218,96,17.89,0.774
Japan,Asia,2021-10-25,5926,69,47.81,0.557
Japan,Asia,2021-11-01,1336,42,10.78,0.339
Japan,Asia,2021-11-08,1266,17,10.21,0.137
Japan,Asia,2021-11-15,1008,20,8.13,0.161
Japan,Asia,2021-11-22,669,11,5.4,0.089
Japan,Asia,2021-11-29,799,6,6.45,0.048
Japan,Asia,2021-12-06,878,9,7.08,0.073
Japan,Asia,2021-12-13,1144,6,9.23,0.048
Japan,Asia,2021-12-20,1825,8,14.72,0.065
Japan,Asia,2021-12-27,3019,8,24.36,0.065
Japan,Asia,2022-01-03,30796,8,248.45,0.065
Japan,Asia,2022-01-10,114235,30,921.61,0.242
Japan,Asia,2022-01-17,289814,73,2338.12,0.589
Japan,Asia,2022-01-24,499985,258,4033.71,2.081
Japan,Asia,2022-01-31,630951,560,5090.3,4.518
Japan,Asia,2022-02-07,611609,1035,4934.25,8.35
Japan,Asia,2022-02-14,572555,1462,4619.18,11.795
Japan,Asia,2022-02-21,469867,1449,3790.73,11.69
Japan,Asia,2022-02-28,438913,1665,3541.0,13.433
Japan,Asia,2022-03-07,378863,1219,3056.54,9.834
Japan,Asia,2022-03-14,331694,891,2675.99,7.188
Japan,Asia,2022-03-21,273629,722,2207.55,5.825
Japan,Asia,2022-03-28,324367,519,2616.88,4.187
Japan,Asia,2022-04-04,337477,398,2722.65,3.211
Japan,Asia,2022-04-11,334688,339,2700.15,2.735
Japan,Asia,2022-04-18,285761,285,2305.42,2.299
Japan,Asia,2022-04-25,241921,293,1951.74,2.364
Japan,Asia,2022-05-02,197600,212,1594.17,1.71
Japan,Asia,2022-05-09,273523,248,2206.69,2.001
Japan,Asia,2022-05-16,245627,246,1981.63,1.985
Japan,Asia,2022-05-23,192931,251,1556.5,2.025
Japan,Asia,2022-05-30,134170,215,1082.44,1.735
Japan,Asia,2022-06-06,105948,137,854.75,1.105
Japan,Asia,2022-06-13,98001,135,790.64,1.089
Japan,Asia,2022-06-20,103653,94,836.24,0.758
Japan,Asia,2022-06-27,122586,193,988.98,1.557
Japan,Asia,2022-07-04,269760,113,2176.33,0.912
Japan,Asia,2022-07-11,559111,165,4510.72,1.331
Japan,Asia,2022-07-18,969068,330,7818.11,2.662
Japan,Asia,2022-07-25,1379099,754,11126.1,6.083
Japan,Asia,2022-08-01,1496968,1131,12077.03,9.125
Japan,Asia,2022-08-08,1395301,1546,11256.81,12.473
Japan,Asia,2022-08-15,1476374,1906,11910.88,15.377
Japan,Asia,2022-08-22,1258772,1976,10155.34,15.942
Japan,Asia,2022-08-29,1164787,2040,9397.1,16.458
Japan,Asia,2022-09-05,537181,1501,4333.79,12.11
Japan,Asia,2022-09-12,605919,1033,4888.35,8.334
Japan,Asia,2022-09-19,535502,636,4320.25,5.131
Japan,Asia,2022-09-26,306958,555,2476.43,4.478
Japan,Asia,2022-10-03,208547,493,1682.49,3.977
Japan,Asia,2022-10-10,218276,379,1760.98,3.058
Japan,Asia,2022-10-17,233682,457,1885.27,3.687
Japan,Asia,2022-10-24,281974,364,2274.87,2.937
Japan,Asia,2022-10-31,401693,428,3240.72,3.453
Japan,Asia,2022-11-07,503766,576,4064.21,4.647
Japan,Asia,2022-11-14,593075,767,4784.73,6.188
Japan,Asia,2022-11-21,698772,952,5637.45,7.68
Japan,Asia,2022-11-28,749895,1174,6049.9,9.471
Japan,Asia,2022-12-05,849371,1435,6852.44,11.577
Japan,Asia,2022-12-12,1046650,1687,8444.02,13.61
Japan,Asia,2022-12-19,1149932,2083,9277.26,16.805
Japan,Asia,2022-12-26,946130,1908,7633.05,15.393
Japan,Asia,2023-01-02,1070496,775,8636.4,6.252
Japan,Asia,2023-01-09,1025321,0,8271.94,0.0
Japan,Asia,2023-01-16,672526,0,5425.71,0.0
Japan,Asia,2023-01-23,438754,0,3539.72,0.0
Japan,Asia,2023-01-30,292614,10981,2360.71,88.591
Japan,Asia,2023-02-06,223365,1218,1802.03,9.826
Japan,Asia,2023-02-13,141082,991,1138.2,7.995
Japan,Asia,2023-02-20,95874,582,773.48,4.695
Japan,Asia,2023-02-27,78930,503,636.78,4.058
Japan,Asia,2023-03-06,65012,428,524.49,3.453
Japan,Asia,2023-03-13,51856,312,418.36,2.517
Japan,Asia,2023-03-20,47096,236,379.95,1.904
Japan,Asia,2023-03-27,47398,206,382.39,1.662
Japan,Asia,2023-04-03,53989,143,435.56,1.154
Japan,Asia,2023-04-10,56847,139,458.62,1.121
Japan,Asia,2023-04-17,65510,141,528.51,1.138
Japan,Asia,2023-04-24,74812,166,603.56,1.339
Japan,Asia,2023-05-01,0,0,0.0,0.0
Mexico,North America,2019-12-30,0,0,0.0,0.0
Mexico,North America,2020-01-06,0,0,0.0,0.0
Mexico,North America,2020-01-13,0,0,0.0,0.0
Mexico,North America,2020-01-20,0,0,0.0,0.0
Mexico,North America,2020-01-27,0,0,0.0,0.0
Mexico,North America,2020-02-03,0,0,0.0,0.0
Mexico,North America,2020-02-10,0,0,0.0,0.0
Mexico,North America,2020-02-17,1,0,0.01,0.0
Mexico,North America,2020-02-24,5,0,0.04,0.0
Mexico,North America,2020-03-02,45,0,0.35,0.0
Mexico,North America,2020-03-09,183,0,1.44,0.0
Mexico,North America,2020-03-16,669,4,5.25,0.031
Mexico,North America,2020-03-23,1214,24,9.52,0.188
Mexico,North America,2020-03-30,2134,146,16.74,1.145
Mexico,North America,2020-04-06,3291,382,25.81,2.996
Mexico,North America,2020-04-13,5958,749,46.73,5.874
Mexico,North America,2020-04-20,9264,1453,72.66,11.396
Mexico,North America,2020-04-27,11571,2361,90.75,18.517
Mexico,North America,2020-05-04,15196,2893,119.18,22.689
Mexico,North America,2020-05-11,19538,3414,153.23,26.776
Mexico,North America,2020-05-18,24187,3994,189.7,31.324
Mexico,North America,2020-05-25,26973,4178,211.55,32.768
Mexico,North America,2020-06-01,30556,4512,239.65,35.387
Mexico,North America,2020-06-08,34822,4891,273.1,38.36
Mexico,North America,2020-06-15,37587,4986,294.79,39.105
Mexico,North America,2020-06-22,39306,4569,308.27,35.834
Mexico,North America,2020-06-29,43553,4971,341.58,38.987
Mexico,North America,2020-07-06,44406,5374,348.27,42.148
Mexico,North America,2020-07-13,49775,5534,390.38,43.403
Mexico,North America,2020-07-20,50177,5464,393.53,42.854
Mexico,North America,2020-07-27,45999,5258,360.76,41.238
Mexico,North America,2020-08-03,41814,5027,327.94,39.426
Mexico,North America,2020-08-10,39452,4522,309.42,35.466
Mexico,North America,2020-08-17,37867,4065,296.99,31.881
Mexico,North America,2020-08-24,39230,3731,307.68,29.262
Mexico,North America,2020-08-31,38873,3556,304.88,27.889
Mexico,North America,2020-09-07,35339,3208,277.16,25.16
Mexico,North America,2020-09-14,29659,2955,232.61,23.176
Mexico,North America,2020-09-21,33716,2840,264.43,22.274
Mexico,North America,2020-09-28,32636,2586,255.96,20.282
Mexico,North America,2020-10-05,33071,2488,259.37,19.513
Mexico,North America,2020-10-12,38778,2689,304.13,21.09
Mexico,North America,2020-10-19,44301,3107,347.45,24.368
Mexico,North America,2020-10-26,42679,3336,334.73,26.164
Mexico,North America,2020-11-02,40741,3482,319.53,27.309
Mexico,North America,2020-11-09,48200,3561,378.03,27.929
Mexico,North America,2020-11-16,44816,3709,351.49,29.089
Mexico,North America,2020-11-23,56457,4060,442.79,31.842
Mexico,North America,2020-11-30,64076,4235,502.54,33.215
Mexico,North America,2020-12-07,73050,4644,572.92,36.422
Mexico,North America,2020-12-14,77433,5157,607.3,40.446
Mexico,North America,2020-12-21,64816,5775,508.34,45.293
Mexico,North America,2020-12-28,72877,6552,571.57,51.387
Mexico,North America,2021-01-04,105375,7632,826.44,59.857
Mexico,North America,2021-01-11,110588,8745,867.33,68.586
Mexico,North America,2021-01-18,104374,9877,818.59,77.464
Mexico,North America,2021-01-25,90123,9495,706.82,74.468
Mexico,North America,2021-02-01,61598,8292,483.11,65.033
Mexico,North America,2021-02-08,53192,6731,417.18,52.79
Mexico,North America,2021-02-15,43136,5321,338.31,41.732
Mexico,North America,2021-02-22,42204,4449,331.0,34.893
Mexico,North America,2021-03-01,40192,3889,315.22,30.501
Mexico,North America,2021-03-08,34305,3411,269.05,26.752
Mexico,North America,2021-03-15,28302,2881,221.97,22.595
Mexico,North America,2021-03-22,28664,2442,224.81,19.152
Mexico,North America,2021-03-29,21218,2273,166.41,17.827
Mexico,North America,2021-04-05,26011,2060,204.0,16.156
Mexico,North America,2021-04-12,23767,1923,186.4,15.082
Mexico,North America,2021-04-19,20925,1611,164.11,12.635
Mexico,North America,2021-04-26,19142,1400,150.13,10.98
Mexico,North America,2021-05-03,16175,1164,126.86,9.129
Mexico,North America,2021-05-10,14482,963,113.58,7.553
Mexico,North America,2021-05-17,14750,827,115.68,6.486
Mexico,North America,2021-05-24,15313,746,120.1,5.851
Mexico,North America,2021-05-31,16193,654,127.0,5.129
Mexico,North America,2021-06-07,19451,708,152.55,5.553
Mexico,North America,2021-06-14,22779,686,178.65,5.38
Mexico,North America,2021-06-21,29738,769,233.23,6.031
Mexico,North America,2021-06-28,37423,931,293.5,7.302
Mexico,North America,2021-07-05,55106,1114,432.19,8.737
Mexico,North America,2021-07-12,78515,1460,615.78,11.451
Mexico,North America,2021-07-19,102995,2197,807.78,17.231
Mexico,North America,2021-07-26,122311,3135,959.27,24.587
Mexico,North America,2021-08-02,128282,4191,1006.1,32.87
Mexico,North America,2021-08-09,135141,4909,1059.9,38.501
Mexico,North America,2021-08-16,120883,5528,948.07,43.355
Mexico,North America,2021-08-23,103015,5539,807.93,43.442
Mexico,North America,2021-08-30,87342,5103,685.01,40.022
Mexico,North America,2021-09-06,76284,4561,598.29,35.771
Mexico,North America,2021-09-13,57961,3950,454.58,30.979
Mexico,North America,2021-09-20,58868,3416,461.69,26.791
Mexico,North America,2021-09-27,44758,2863,351.03,22.454
Mexico,North America,2021-10-04,36194,2389,283.87,18.737
Mexico,North America,2021-10-11,31059,2006,243.59,15.733
Mexico,North America,2021-10-18,25762,1633,202.05,12.807
Mexico,North America,2021-10-25,23445,1375,183.88,10.784
Mexico,North America,2021-11-01,18907,1159,148.29,9.09
Mexico,North America,2021-11-08,20001,1012,156.87,7.937
Mexico,North America,2021-11-15,17228,965,135.12,7.568
Mexico,North America,2021-11-22,19349,927,151.75,7.27
Mexico,North America,2021-11-29,18247,940,143.11,7.372
Mexico,North America,2021-12-06,17484,903,137.12,7.082
Mexico,North America,2021-12-13,16128,848,126.49,6.651
Mexico,North America,2021-12-20,21003,810,164.72,6.353
Mexico,North America,2021-12-27,56920,770,446.42,6.039
Mexico,North America,2022-01-03,194803,909,1527.82,7.129
Mexico,North America,2022-01-10,406782,1385,3190.34,10.862
Mexico,North America,2022-01-17,406815,2395,3190.6,18.784
Mexico,North America,2022-01-24,282729,3603,2217.41,28.258
Mexico,North America,2022-01-31,166547,3901,1306.21,30.595
Mexico,North America,2022-02-07,86372,3308,677.41,25.944
Mexico,North America,2022-02-14,61576,2385,482.93,18.705
Mexico,North America,2022-02-21,37281,1571,292.39,12.321
Mexico,North America,2022-02-28,21369,930,167.59,7.294
Mexico,North America,2022-03-07,14069,532,110.34,4.172
Mexico,North America,2022-03-14,10068,349,78.96,2.737
Mexico,North America,2022-03-21,6920,209,54.27,1.639
Mexico,North America,2022-03-28,6523,153,51.16,1.2
Mexico,North America,2022-04-04,4757,117,37.31,0.918
Mexico,North America,2022-04-11,3205,71,25.14,0.557
Mexico,North America,2022-04-18,3846,70,30.16,0.549
Mexico,North America,2022-04-25,3993,41,31.32,0.322
Mexico,North America,2022-05-02,4324,42,33.91,0.329
Mexico,North America,2022-05-09,5359,34,42.03,0.267
Mexico,North America,2022-05-16,7750,40,60.78,0.314
Mexico,North America,2022-05-23,12237,38,95.97,0.298
Mexico,North America,2022-05-30,19550,35,153.33,0.275
Mexico,North America,2022-06-06,34371,37,269.57,0.29
Mexico,North America,2022-06-13,55313,76,433.81,0.596
Mexico,North America,2022-06-20,97266,118,762.85,0.925
Mexico,North America,2022-06-27,152465,186,1195.77,1.459
Mexico,North America,2022-07-04,200105,315,1569.4,2.471
Mexico,North America,2022-07-11,213873,559,1677.38,4.384
Mexico,North America,2022-07-18,179987,607,1411.62,4.761
Mexico,North America,2022-07-25,122038,638,957.13,5.004
Mexico,North America,2022-08-01,80263,596,629.49,4.674
Mexico,North America,2022-08-08,53654,423,420.8,3.318
Mexico,North America,2022-08-15,33244,292,260.73,2.29
Mexico,North America,2022-08-22,22956,231,180.04,1.812
Mexico,North America,2022-08-29,16411,171,128.71,1.341
Mexico,North America,2022-09-05,12055,105,94.55,0.824
Mexico,North America,2022-09-12,7691,86,60.32,0.674
Mexico,North America,2022-09-19,7673,55,60.18,0.431
Mexico,North America,2022-09-26,5199,55,40.78,0.431
Mexico,North America,2022-10-03,3878,53,30.41,0.416
Mexico,North America,2022-10-10,2867,22,22.49,0.173
Mexico,North America,2022-10-17,2657,25,20.84,0.196
Mexico,North America,2022-10-24,2840,25,22.27,0.196
Mexico,North America,2022-10-31,2896,24,22.71,0.188
Mexico,North America,2022-11-07,4403,19,34.53,0.149
Mexico,North America,2022-11-14,5670,33,44.47,0.259
Mexico,North America,2022-11-21,7419,22,58.19,0.173
Mexico,North America,2022-11-28,12749,61,99.99,0.478
Mexico,North America,2022-12-05,19203,69,150.61,0.541
Mexico,North America,2022-12-12,26720,117,209.56,0.918
Mexico,North America,2022-12-19,33950,159,266.27,1.247
Mexico,North America,2022-12-26,30816,206,241.69,1.616
Mexico,North America,2023-01-02,31932,280,250.44,2.196
Mexico,North America,2023-01-09,29637,301,232.44,2.361
Mexico,North America,2023-01-16,25514,261,200.1,2.047
Mexico,North America,2023-01-23,23596,251,185.06,1.969
Mexico,North America,2023-01-30,20573,194,161.35,1.522
Mexico,North America,2023-02-06,18694,148,146.61,1.161
Mexico,North America,2023-02-13,19702,170,154.52,1.333
Mexico,North America,2023-02-20,20305,117,159.25,0.918
Mexico,North America,2023-02-27,19418,98,152.29,0.769
Mexico,North America,2023-03-06,20313,107,159.31,0.839
Mexico,North America,2023-03-13,19021,74,149.18,0.58
Mexico,North America,2023-03-20,15357,111,120.44,0.871
Mexico,North America,2023-03-27,15113,96,118.53,0.753
Mexico,North America,2023-04-03,8608,84,67.51,0.659
Mexico,North America,2023-04-10,9869,69,77.4,0.541
Mexico,North America,2023-04-17,9401,73,73.73,0.573
Mexico,North America,2023-04-24,9419,72,73.87,0.565
Mexico,North America,2023-05-01,0,0,0.0,0.0
South Africa,Africa,2019-12-30,0,0,0.0,0.0
South Africa,Africa,2020-01-06,0,0,0.0,0.0
South Africa,Africa,2020-01-13,0,0,0.0,0.0
South Africa,Africa,2020-01-20,0,0,0.0,0.0
South Africa,Africa,2020-01-27,0,0,0.0,0.0
South Africa,Africa,2020-02-03,0,0,0.0,0.0
South Africa,Africa,2020-02-10,0,0,0.0,0.0
South Africa,Africa,2020-02-17,0,0,0.0,0.0
South Africa,Africa,2020-02-24,0,0,0.0,0.0
South Africa,Africa,2020-03-02,2,0,0.03,0.0
South Africa,Africa,2020-03-09,36,0,0.6,0.0
South Africa,Africa,2020-03-16,202,0,3.37,0.0
South Africa,Africa,2020-03-23,947,1,15.81,0.017
South Africa,Africa,2020-03-30,398,8,6.65,0.134
South Africa,Africa,2020-04-06,443,19,7.4,0.317
South Africa,Africa,2020-04-13,1006,24,16.8,0.401
South Africa,Africa,2020-04-20,1327,34,22.16,0.568
South Africa,Africa,2020-04-27,1975,37,32.97,0.618
South Africa,Africa,2020-05-04,3084,63,51.49,1.052
South Africa,Africa,2020-05-11,4935,75,82.4,1.252
South Africa,Africa,2020-05-18,6988,146,116.67,2.438
South Africa,Africa,2020-05-25,9624,236,160.68,3.94
South Africa,Africa,2020-06-01,15006,1012,250.54,16.897
South Africa,Africa,2020-06-08,19763,792,329.97,13.223
South Africa,Africa,2020-06-15,26945,1007,449.88,16.813
South Africa,Africa,2020-06-22,39119,1184,653.14,19.768
South Africa,Africa,2020-06-29,56177,874,937.94,14.592
South Africa,Africa,2020-07-06,76207,945,1272.37,15.778
South Africa,Africa,2020-07-13,86695,977,1447.48,16.312
South Africa,Africa,2020-07-20,83321,1707,1391.14,28.5
South Africa,Africa,2020-07-27,69090,1498,1153.54,25.011
South Africa,Africa,2020-08-03,49898,2057,833.11,34.344
South Africa,Africa,2020-08-10,30465,1467,508.65,24.493
South Africa,Africa,2020-08-17,23392,1310,390.56,21.872
South Africa,Africa,2020-08-24,15506,994,258.89,16.596
South Africa,Africa,2020-08-31,14333,798,239.31,13.324
South Africa,Africa,2020-09-07,11330,648,189.17,10.819
South Africa,Africa,2020-09-14,11442,513,191.04,8.565
South Africa,Africa,2020-09-21,9842,436,164.32,7.28
South Africa,Africa,2020-09-28,10218,562,170.6,9.383
South Africa,Africa,2020-10-05,11180,620,186.66,10.352
South Africa,Africa,2020-10-12,11235,77,187.58,1.286
South Africa,Africa,2020-10-19,12115,220,202.27,3.673
South Africa,Africa,2020-10-26,11206,85,187.1,1.419
South Africa,Africa,2020-11-02,10454,72,174.54,1.202
South Africa,Africa,2020-11-09,13276,140,221.66,2.337
South Africa,Africa,2020-11-16,16227,207,270.93,3.456
South Africa,Africa,2020-11-23,19730,594,329.42,9.918
South Africa,Africa,2020-11-30,25310,628,422.58,10.485
South Africa,Africa,2020-12-07,42516,1039,709.86,17.347
South Africa,Africa,2020-12-14,59512,1433,993.62,23.926
South Africa,Africa,2020-12-21,82434,1982,1376.33,33.092
South Africa,Africa,2020-12-28,93978,2654,1569.08,44.312
South Africa,Africa,2021-01-04,125287,3649,2091.82,60.924
South Africa,Africa,2021-01-11,111483,4027,1861.34,67.236
South Africa,Africa,2021-01-18,79180,3723,1322.0,62.16
South Africa,Africa,2021-01-25,44397,3377,741.26,56.383
South Africa,Africa,2021-02-01,24464,2229,408.46,37.216
South Africa,Africa,2021-02-08,16363,1641,273.2,27.398
South Africa,Africa,2021-02-15,12304,1119,205.43,18.683
South Africa,Africa,2021-02-22,9858,1001,164.59,16.713
South Africa,Africa,2021-03-01,7981,706,133.25,11.788
South Africa,Africa,2021-03-08,8208,614,137.04,10.251
South Africa,Africa,2021-03-15,8387,821,140.03,13.708
South Africa,Africa,2021-03-22,7665,566,127.98,9.45
South Africa,Africa,2021-03-29,7035,306,117.46,5.109
South Africa,Africa,2021-04-05,6026,302,100.61,5.042
South Africa,Africa,2021-04-12,8153,455,136.12,7.597
South Africa,Africa,2021-04-19,8690,414,145.09,6.912
South Africa,Africa,2021-04-26,8472,281,141.45,4.692
South Africa,Africa,2021-05-03,11975,318,199.94,5.309
South Africa,Africa,2021-05-10,16326,459,272.58,7.664
South Africa,Africa,2021-05-17,21428,589,357.77,9.834
South Africa,Africa,2021-05-24,26499,591,442.43,9.867
South Africa,Africa,2021-05-31,32421,566,541.31,9.45
South Africa,Africa,2021-06-07,47934,724,800.32,12.088
South Africa,Africa,2021-06-14,70739,937,1181.07,15.644
South Africa,Africa,2021-06-21,103697,1188,1731.35,19.835
South Africa,Africa,2021-06-28,132450,1729,2211.41,28.868
South Africa,Africa,2021-07-05,132986,2631,2220.36,43.928
South Africa,Africa,2021-07-12,104583,2538,1746.14,42.375
South Africa,Africa,2021-07-19,84225,2812,1406.24,46.95
South Africa,Africa,2021-07-26,79349,2525,1324.83,42.158
South Africa,Africa,2021-08-02,76034,2610,1269.48,43.577
South Africa,Africa,2021-08-09,71959,2246,1201.44,37.5
South Africa,Africa,2021-08-16,84778,2382,1415.47,39.77
South Africa,Africa,2021-08-23,76966,2210,1285.04,36.899
South Africa,Africa,2021-08-30,56823,1882,948.73,31.422
South Africa,Africa,2021-09-06,40220,1408,671.52,23.508
South Africa,Africa,2021-09-13,26115,1365,436.02,22.79
South Africa,Africa,2021-09-20,15627,885,260.91,14.776
South Africa,Africa,2021-09-27,9637,752,160.9,12.556
South Africa,Africa,2021-10-04,5884,539,98.24,8.999
South Africa,Africa,2021-10-11,4682,295,78.17,4.925
South Africa,Africa,2021-10-18,3153,327,52.64,5.46
South Africa,Africa,2021-10-25,2554,249,42.64,4.157
South Africa,Africa,2021-11-01,1865,156,31.14,2.605
South Africa,Africa,2021-11-08,1926,157,32.16,2.621
South Africa,Africa,2021-11-15,3498,96,58.4,1.603
South Africa,Africa,2021-11-22,29373,219,490.42,3.656
South Africa,Africa,2021-11-29,62021,174,1035.51,2.905
South Africa,Africa,2021-12-06,109053,151,1820.77,2.521
South Africa,Africa,2021-12-13,162987,229,2721.26,3.823
South Africa,Africa,2021-12-20,115328,428,1925.54,7.146
South Africa,Africa,2021-12-27,60142,425,1004.14,7.096
South Africa,Africa,2022-01-03,53433,1173,892.13,19.585
South Africa,Africa,2022-01-10,35121,907,586.39,15.143
South Africa,Africa,2022-01-17,22795,785,380.59,13.107
South Africa,Africa,2022-01-24,22202,842,370.69,14.058
South Africa,Africa,2022-01-31,20580,912,343.61,15.227
South Africa,Africa,2022-02-07,17952,1168,299.73,19.501
South Africa,Africa,2022-02-14,16929,1632,282.65,27.248
South Africa,Africa,2022-02-21,14900,574,248.77,9.584
South Africa,Africa,2022-02-28,11181,352,186.68,5.877
South Africa,Africa,2022-03-07,10360,169,172.97,2.822
South Africa,Africa,2022-03-14,9797,167,163.57,2.788
South Africa,Africa,2022-03-21,8934,86,149.16,1.436
South Africa,Africa,2022-03-28,9802,81,163.66,1.352
South Africa,Africa,2022-04-04,9182,50,153.3,0.835
South Africa,Africa,2022-04-11,9151,48,152.79,0.801
South Africa,Africa,2022-04-18,19291,154,322.09,2.571
South Africa,Africa,2022-04-25,32236,65,538.22,1.085
South Africa,Africa,2022-05-02,43977,153,734.25,2.555
South Africa,Africa,2022-05-09,51547,237,860.64,3.957
South Africa,Africa,2022-05-16,39203,178,654.54,2.972
South Africa,Africa,2022-05-23,25541,211,426.44,3.523
South Africa,Africa,2022-05-30,14885,171,248.52,2.855
South Africa,Africa,2022-06-06,10550,164,176.14,2.738
South Africa,Africa,2022-06-13,7978,121,133.2,2.02
South Africa,Africa,2022-06-20,6843,133,114.25,2.221
South Africa,Africa,2022-06-27,2842,81,47.45,1.352
South Africa,Africa,2022-07-04,1978,64,33.03,1.069
South Africa,Africa,2022-07-11,2482,42,41.44,0.701
South Africa,Africa,2022-07-18,2382,25,39.77,0.417
South Africa,Africa,2022-07-25,2991,39,49.94,0.651
South Africa,Africa,2022-08-01,1747,0,29.17,0.0
South Africa,Africa,2022-08-08,1293,0,21.59,0.0
South Africa,Africa,2022-08-15,1566,84,26.15,1.402
South Africa,Africa,2022-08-22,1480,18,24.71,0.301
South Africa,Africa,2022-08-29,1275,24,21.29,0.401
South Africa,Africa,2022-09-05,1792,21,29.92,0.351
South Africa,Africa,2022-09-12,1603,17,26.76,0.284
South Africa,Africa,2022-09-19,1283,23,21.42,0.384
South Africa,Africa,2022-09-26,1605,16,26.8,0.267
South Africa,Africa,2022-10-03,2020,9,33.73,0.15
South Africa,Africa,2022-10-10,2570,52,42.91,0.868
South Africa,Africa,2022-10-17,2017,11,33.68,0.184
South Africa,Africa,2022-10-24,2369,54,39.55,0.902
South Africa,Africa,2022-10-31,1993,52,33.28,0.868
South Africa,Africa,2022-11-07,3445,8,57.52,0.134
South Africa,Africa,2022-11-14,4039,24,67.44,0.401
South Africa,Africa,2022-11-21,3718,33,62.08,0.551
South Africa,Africa,2022-11-28,1973,36,32.94,0.601
South Africa,Africa,2022-12-05,0,86,0.0,1.436
South Africa,Africa,2022-12-12,2350,18,39.24,0.301
South Africa,Africa,2022-12-19,2970,0,49.59,0.0
South Africa,Africa,2022-12-26,348,0,5.81,0.0
South Africa,Africa,2023-01-02,1708,0,28.52,0.0
South Africa,Africa,2023-01-09,1499,0,25.03,0.0
South Africa,Africa,2023-01-16,2419,27,40.39,0.451
South Africa,Africa,2023-01-23,1450,0,24.21,0.0
South Africa,Africa,2023-01-30,1478,0,24.68,0.0
South Africa,Africa,2023-02-06,1781,0,29.74,0.0
South Africa,Africa,2023-02-13,1470,0,24.54,0.0
South Africa,Africa,2023-02-20,1193,0,19.92,0.0
South Africa,Africa,2023-02-27,4165,0,69.54,0.0
South Africa,Africa,2023-03-06,2481,0,41.42,0.0
South Africa,Africa,2023-03-13,2210,0,36.9,0.0
South Africa,Africa,2023-03-20,2099,0,35.05,0.0
South Africa,Africa,2023-03-27,0,0,0.0,0.0
South Africa,Africa,2023-04-03,0,0,0.0,0.0
South Africa,Africa,2023-04-10,0,0,0.0,0.0
South Africa,Africa,2023-04-17,0,0,0.0,0.0
South Africa,Africa,2023-04-24,0,0,0.0,0.0
South Africa,Africa,2023-05-01,0,0,0.0,0.0
South Korea,Asia,2019-12-30,0,0,0.0,0.0
South Korea,Asia,2020-01-06,0,0,0.0,0.0
South Korea,Asia,2020-01-13,1,0,0.02,0.0
South Korea,Asia,2020-01-20,2,0,0.04,0.0
South Korea,Asia,2020-01-27,12,0,0.23,0.0
South Korea,Asia,2020-02-03,12,0,0.23,0.0
South Korea,Asia,2020-02-10,3,0,0.06,0.0
South Korea,Asia,2020-02-17,526,3,10.15,0.058
South Korea,Asia,2020-02-24,2970,14,57.32,0.27
South Korea,Asia,2020-03-02,3608,33,69.63,0.637
South Korea,Asia,2020-03-09,1028,25,19.84,0.482
South Korea,Asia,2020-03-16,735,29,14.18,0.56
South Korea,Asia,2020-03-23,686,48,13.24,0.926
South Korea,Asia,2020-03-30,654,31,12.62,0.598
South Korea,Asia,2020-04-06,275,31,5.31,0.598
South Korea,Asia,2020-04-13,149,20,2.88,0.386
South Korea,Asia,2020-04-20,67,8,1.29,0.154
South Korea,Asia,2020-04-27,65,8,1.25,0.154
South Korea,Asia,2020-05-04,81,6,1.56,0.116
South Korea,Asia,2020-05-11,176,6,3.4,0.116
South Korea,Asia,2020-05-18,140,4,2.7,0.077
South Korea,Asia,2020-05-25,278,4,5.37,0.077
South Korea,Asia,2020-06-01,308,3,5.94,0.058
South Korea,Asia,2020-06-08,308,4,5.94,0.077
South Korea,Asia,2020-06-15,337,3,6.5,0.058
South Korea,Asia,2020-06-22,294,2,5.67,0.039
South Korea,Asia,2020-06-29,374,1,7.22,0.019
South Korea,Asia,2020-07-06,328,6,6.33,0.116
South Korea,Asia,2020-07-13,328,6,6.33,0.116
South Korea,Asia,2020-07-20,405,3,7.82,0.058
South Korea,Asia,2020-07-27,216,3,4.17,0.058
South Korea,Asia,2020-08-03,232,4,4.48,0.077
South Korea,Asia,2020-08-10,720,0,13.9,0.0
South Korea,Asia,2020-08-17,2081,4,40.16,0.077
South Korea,Asia,2020-08-24,2300,14,44.39,0.27
South Korea,Asia,2020-08-31,1478,11,28.52,0.212
South Korea,Asia,2020-09-07,999,24,19.28,0.463
South Korea,Asia,2020-09-14,799,25,15.42,0.482
South Korea,Asia,2020-09-21,636,18,12.27,0.347
South Korea,Asia,2020-09-28,480,20,9.26,0.386
South Korea,Asia,2020-10-05,515,11,9.94,0.212
South Korea,Asia,2020-10-12,593,12,11.44,0.232
South Korea,Asia,2020-10-19,637,13,12.29,0.251
South Korea,Asia,2020-10-26,799,9,15.42,0.174
South Korea,Asia,2020-11-02,791,12,15.27,0.232
South Korea,Asia,2020-11-09,1118,15,21.58,0.289
South Korea,Asia,2020-11-16,2126,12,41.03,0.232
South Korea,Asia,2020-11-23,3091,18,59.65,0.347
South Korea,Asia,2020-11-30,3776,22,72.87,0.425
South Korea,Asia,2020-12-07,5221,35,100.76,0.675
South Korea,Asia,2020-12-14,6896,94,133.09,1.814
South Korea,Asia,2020-12-21,7201,134,138.97,2.586
South Korea,Asia,2020-12-28,7396,154,142.74,2.972
South Korea,Asia,2021-01-04,4844,163,93.48,3.146
South Korea,Asia,2021-01-11,3623,124,69.92,2.393
South Korea,Asia,2021-01-18,2796,100,53.96,1.93
South Korea,Asia,2021-01-25,2989,71,57.69,1.37
South Korea,Asia,2021-02-01,2673,51,51.59,0.984
South Korea,Asia,2021-02-08,2685,51,51.82,0.984
South Korea,Asia,2021-02-15,3456,35,66.7,0.675
South Korea,Asia,2021-02-22,2703,46,52.17,0.888
South Korea,Asia,2021-03-01,2790,31,53.84,0.598
South Korea,Asia,2021-03-08,3197,35,61.7,0.675
South Korea,Asia,2021-03-15,3058,27,59.02,0.521
South Korea,Asia,2021-03-22,3062,26,59.09,0.502
South Korea,Asia,2021-03-29,3620,22,69.86,0.425
South Korea,Asia,2021-04-05,4394,24,84.8,0.463
South Korea,Asia,2021-04-12,4505,29,86.94,0.56
South Korea,Asia,2021-04-19,4732,16,91.32,0.309
South Korea,Asia,2021-04-26,4342,21,83.8,0.405
South Korea,Asia,2021-05-03,4044,41,78.05,0.791
South Korea,Asia,2021-05-10,4516,28,87.15,0.54
South Korea,Asia,2021-05-17,4178,31,80.63,0.598
South Korea,Asia,2021-05-24,3880,25,74.88,0.482
South Korea,Asia,2021-05-31,4297,15,82.93,0.289
South Korea,Asia,2021-06-07,3638,14,70.21,0.27
South Korea,Asia,2021-06-14,3233,16,62.39,0.309
South Korea,Asia,2021-06-21,4066,11,78.47,0.212
South Korea,Asia,2021-06-28,5223,13,100.8,0.251
South Korea,Asia,2021-07-05,8351,16,161.17,0.309
South Korea,Asia,2021-07-12,10057,14,194.09,0.27
South Korea,Asia,2021-07-19,10963,19,211.58,0.367
South Korea,Asia,2021-07-26,10835,22,209.11,0.425
South Korea,Asia,2021-08-02,11446,26,220.9,0.502
South Korea,Asia,2021-08-09,13034,42,251.54,0.811
South Korea,Asia,2021-08-16,12297,55,237.32,1.061
South Korea,Asia,2021-08-23,12271,62,236.82,1.197
South Korea,Asia,2021-08-30,11728,43,226.34,0.83
South Korea,Asia,2021-09-06,12636,33,243.86,0.637
South Korea,Asia,2021-09-13,13121,49,253.22,0.946
South Korea,Asia,2021-09-20,16019,47,309.15,0.907
South Korea,Asia,2021-09-27,16224,57,313.11,1.1
South Korea,Asia,2021-10-04,13039,70,251.64,1.351
South Korea,Asia,2021-10-11,10629,85,205.13,1.64
South Korea,Asia,2021-10-18,9644,105,186.12,2.026
South Korea,Asia,2021-10-25,13296,86,256.6,1.66
South Korea,Asia,2021-11-01,15307,121,295.41,2.335
South Korea,Asia,2021-11-08,15774,135,304.42,2.605
South Korea,Asia,2021-11-15,20785,183,401.13,3.532
South Korea,Asia,2021-11-22,25947,282,500.75,5.442
South Korea,Asia,2021-11-29,33158,313,639.92,6.041
South Korea,Asia,2021-12-06,45729,400,882.53,7.72
South Korea,Asia,2021-12-13,47328,483,913.39,9.321
South Korea,Asia,2021-12-20,41254,524,796.17,10.113
South Korea,Asia,2021-12-27,30535,430,589.3,8.299
South Korea,Asia,2022-01-03,25184,341,486.03,6.581
South Korea,Asia,2022-01-10,28644,262,552.8,5.056
South Korea,Asia,2022-01-17,45378,232,875.76,4.477
South Korea,Asia,2022-01-24,104291,190,2012.73,3.667
South Korea,Asia,2022-01-31,199263,131,3845.6,2.528
South Korea,Asia,2022-02-07,360282,216,6953.13,4.169
South Korea,Asia,2022-02-14,652917,348,12600.73,6.716
South Korea,Asia,2022-02-21,1076295,608,20771.56,11.734
South Korea,Asia,2022-02-28,1532514,1038,29576.19,20.032
South Korea,Asia,2022-03-07,2199242,1499,42443.46,28.929
South Korea,Asia,2022-03-14,2716348,2162,52423.15,41.725
South Korea,Asia,2022-03-21,2420314,2429,46709.95,46.878
South Korea,Asia,2022-03-28,1998392,2267,38567.23,43.751
South Korea,Asia,2022-04-04,1423253,2226,27467.54,42.96
South Korea,Asia,2022-04-11,928917,1545,17927.29,29.817
South Korea,Asia,2022-04-18,576068,1019,11117.61,19.666
South Korea,Asia,2022-04-25,366118,715,7065.76,13.799
South Korea,Asia,2022-05-02,269340,442,5198.03,8.53
South Korea,Asia,2022-05-09,230350,344,4445.55,6.639
South Korea,Asia,2022-05-16,172329,243,3325.8,4.69
South Korea,Asia,2022-05-23,118806,180,2292.85,3.474
South Korea,Asia,2022-05-30,82261,132,1587.57,2.547
South Korea,Asia,2022-06-06,60570,91,1168.95,1.756
South Korea,Asia,2022-06-13,50785,73,980.11,1.409
South Korea,Asia,2022-06-20,49360,67,952.61,1.293
South Korea,Asia,2022-06-27,60188,46,1161.58,0.888
South Korea,Asia,2022-07-04,122234,92,2359.01,1.776
South Korea,Asia,2022-07-11,249912,97,4823.08,1.872
South Korea,Asia,2022-07-18,449856,142,8681.83,2.74
South Korea,Asia,2022-07-25,564437,177,10893.14,3.416
South Korea,Asia,2022-08-01,713078,248,13761.78,4.786
South Korea,Asia,2022-08-08,866830,378,16729.06,7.295
South Korea,Asia,2022-08-15,884373,451,17067.63,8.704
South Korea,Asia,2022-08-22,743487,528,14348.65,10.19
South Korea,Asia,2022-08-29,585374,504,11297.21,9.727
South Korea,Asia,2022-09-05,435695,340,8408.53,6.562
South Korea,Asia,2022-09-12,389579,358,7518.54,6.909
South Korea,Asia,2022-09-19,225662,381,4355.08,7.353
South Korea,Asia,2022-09-26,199483,256,3849.85,4.941
South Korea,Asia,2022-10-03,151178,180,2917.6,3.474
South Korea,Asia,2022-10-10,149676,148,2888.62,2.856
South Korea,Asia,2022-10-17,176869,161,3413.42,3.107
South Korea,Asia,2022-10-24,241465,213,4660.06,4.111
South Korea,Asia,2022-10-31,299440,190,5778.93,3.667
South Korea,Asia,2022-11-07,355990,328,6870.3,6.33
South Korea,Asia,2022-11-14,364536,363,7035.23,7.006
South Korea,Asia,2022-11-21,378751,343,7309.56,6.62
South Korea,Asia,2022-11-28,370574,339,7151.76,6.542
South Korea,Asia,2022-12-05,420392,335,8113.2,6.465
South Korea,Asia,2022-12-12,459811,362,8873.95,6.986
South Korea,Asia,2022-12-19,470762,392,9085.3,7.565
South Korea,Asia,2022-12-26,457745,419,8834.08,8.086
South Korea,Asia,2023-01-02,403800,195,7792.99,3.763
South Korea,Asia,2023-01-09,286291,0,5525.17,0.0
South Korea,Asia,2023-01-16,192638,0,3717.75,0.0
South Korea,Asia,2023-01-23,150072,0,2896.26,0.0
South Korea,Asia,2023-01-30,107810,1118,2080.64,21.576
South Korea,Asia,2023-02-06,92788,133,1790.73,2.567
South Korea,Asia,2023-02-13,79372,118,1531.81,2.277
South Korea,Asia,2023-02-20,69307,96,1337.56,1.853
South Korea,Asia,2023-02-27,66037,73,1274.46,1.409
South Korea,Asia,2023-03-06,69816,81,1347.39,1.563
South Korea,Asia,2023-03-13,64299,56,1240.91,1.081
South Korea,Asia,2023-03-20,70226,52,1355.3,1.004
South Korea,Asia,2023-03-27,71121,58,1372.57,1.119
South Korea,Asia,2023-04-03,73678,51,1421.92,0.984
South Korea,Asia,2023-04-10,75087,44,1449.11,0.849
South Korea,Asia,2023-04-17,89417,51,1725.67,0.984
South Korea,Asia,2023-04-24,92327,60,1781.83,1.158
South Korea,Asia,2023-05-01,0,0,0.0,0.0
Sweden,Europe,2019-12-30,0,0,0.0,0.0
Sweden,Europe,2020-01-06,0,0,0.0,0.0
Sweden,Europe,2020-01-13,0,0,0.0,0.0
Sweden,Europe,2020-01-20,0,0,0.0,0.0
Sweden,Europe,2020-01-27,0,0,0.0,0.0
Sweden,Europe,2020-02-03,1,0,0.09,0.0
Sweden,Europe,2020-02-10,0,0,0.0,0.0
Sweden,Europe,2020-02-17,0,0,0.0,0.0
Sweden,Europe,2020-02-24,13,0,1.23,0.0
Sweden,Europe,2020-03-02,165,0,15.64,0.0
Sweden,Europe,2020-03-09,815,3,77.26,0.284
Sweden,Europe,2020-03-16,875,35,82.94,3.318
Sweden,Europe,2020-03-23,1795,163,170.15,15.451
Sweden,Europe,2020-03-30,3169,404,300.4,38.296
Sweden,Europe,2020-04-06,3616,652,342.77,61.805
Sweden,Europe,2020-04-13,3828,667,362.87,63.227
Sweden,Europe,2020-04-20,4291,559,406.75,52.989
Sweden,Europe,2020-04-27,3871,542,366.94,51.378
Sweden,Europe,2020-05-04,4135,511,391.97,48.439
Sweden,Europe,2020-05-11,3889,401,368.65,38.012
Sweden,Europe,2020-05-18,3708,368,351.49,34.884
Sweden,Europe,2020-05-25,4225,270,400.5,25.594
Sweden,Europe,2020-06-01,5824,259,552.07,24.551
Sweden,Europe,2020-06-08,7167,240,679.38,22.75
Sweden,Europe,2020-06-15,7170,205,679.66,19.432
Sweden,Europe,2020-06-22,7361,137,697.77,12.987
Sweden,Europe,2020-06-29,4379,112,415.1,10.617
Sweden,Europe,2020-07-06,2388,85,226.36,8.057
Sweden,Europe,2020-07-13,1618,58,153.37,5.498
Sweden,Europe,2020-07-20,1384,35,131.19,3.318
Sweden,Europe,2020-07-27,1560,17,147.88,1.611
Sweden,Europe,2020-08-03,1979,17,187.59,1.611
Sweden,Europe,2020-08-10,2062,20,195.46,1.896
Sweden,Europe,2020-08-17,1693,16,160.48,1.517
Sweden,Europe,2020-08-24,1209,10,114.6,0.948
Sweden,Europe,2020-08-31,1313,12,124.46,1.138
Sweden,Europe,2020-09-07,1553,14,147.21,1.327
Sweden,Europe,2020-09-14,2053,10,194.61,0.948
Sweden,Europe,2020-09-21,2885,14,273.48,1.327
Sweden,Europe,2020-09-28,3653,15,346.28,1.422
Sweden,Europe,2020-10-05,4273,23,405.05,2.18
Sweden,Europe,2020-10-12,5460,17,517.57,1.611
Sweden,Europe,2020-10-19,8962,36,849.53,3.413
Sweden,Europe,2020-10-26,17691,68,1676.98,6.446
Sweden,Europe,2020-11-02,24605,157,2332.37,14.882
Sweden,Europe,2020-11-09,31835,218,3017.72,20.665
Sweden,Europe,2020-11-16,31103,312,2948.33,29.575
Sweden,Europe,2020-11-23,35229,426,3339.45,40.382
Sweden,Europe,2020-11-30,37787,445,3581.93,42.183
Sweden,Europe,2020-12-07,42377,510,4017.03,48.344
Sweden,Europe,2020-12-14,45482,622,4311.36,58.961
Sweden,Europe,2020-12-21,37678,638,3571.59,60.478
Sweden,Europe,2020-12-28,41777,679,3960.15,64.364
Sweden,Europe,2021-01-04,39883,635,3780.61,60.193
Sweden,Europe,2021-01-11,30002,629,2843.97,59.625
Sweden,Europe,2021-01-18,23325,523,2211.04,49.577
Sweden,Europe,2021-01-25,20638,401,1956.33,38.012
Sweden,Europe,2021-02-01,19755,279,1872.63,26.447
Sweden,Europe,2021-02-08,21083,206,1998.51,19.527
Sweden,Europe,2021-02-15,23225,179,2201.56,16.968
Sweden,Europe,2021-02-22,27037,142,2562.91,13.461
Sweden,Europe,2021-03-01,27531,137,2609.73,12.987
Sweden,Europe,2021-03-08,28966,136,2745.76,12.892
Sweden,Europe,2021-03-15,32493,131,3080.1,12.418
Sweden,Europe,2021-03-22,37479,127,3552.73,12.039
Sweden,Europe,2021-03-29,38914,145,3688.76,13.745
Sweden,Europe,2021-04-05,40200,130,3810.66,12.323
Sweden,Europe,2021-04-12,40911,142,3878.06,13.461
Sweden,Europe,2021-04-19,36788,127,3487.23,12.039
Sweden,Europe,2021-04-26,35344,123,3350.35,11.659
Sweden,Europe,2021-05-03,33738,103,3198.11,9.764
Sweden,Europe,2021-05-10,26165,114,2480.25,10.806
Sweden,Europe,2021-05-17,18960,72,1797.27,6.825
Sweden,Europe,2021-05-24,6645,50,629.9,4.74
Sweden,Europe,2021-05-31,10821,44,1025.75,4.171
Sweden,Europe,2021-06-07,4459,25,422.68,2.37
Sweden,Europe,2021-06-14,3006,14,284.95,1.327
Sweden,Europe,2021-06-21,1976,12,187.31,1.138
Sweden,Europe,2021-06-28,1877,8,177.93,0.758
Sweden,Europe,2021-07-05,1516,2,143.71,0.19
Sweden,Europe,2021-07-12,1877,3,177.93,0.284
Sweden,Europe,2021-07-19,2665,3,252.62,0.284
Sweden,Europe,2021-07-26,3462,4,328.17,0.379
Sweden,Europe,2021-08-02,4609,5,436.9,0.474
Sweden,Europe,2021-08-09,5812,8,550.93,0.758
Sweden,Europe,2021-08-16,6471,10,613.4,0.948
Sweden,Europe,2021-08-23,6686,17,633.78,1.611
Sweden,Europe,2021-08-30,7235,24,685.82,2.275
Sweden,Europe,2021-09-06,7984,47,756.82,4.455
Sweden,Europe,2021-09-13,6268,54,594.16,5.119
Sweden,Europe,2021-09-20,4304,44,407.99,4.171
Sweden,Europe,2021-09-27,4244,36,402.3,3.413
Sweden,Europe,2021-10-04,4132,53,391.68,5.024
Sweden,Europe,2021-10-11,4083,32,387.04,3.033
Sweden,Europe,2021-10-18,4884,27,462.97,2.559
Sweden,Europe,2021-10-25,5933,27,562.4,2.559
Sweden,Europe,2021-11-01,5088,34,482.3,3.223
Sweden,Europe,2021-11-08,5792,31,549.04,2.939
Sweden,Europe,2021-11-15,6931,30,657.01,2.844
Sweden,Europe,2021-11-22,11523,16,1092.29,1.517
Sweden,Europe,2021-11-29,13760,25,1304.35,2.37
Sweden,Europe,2021-12-06,18112,41,1716.88,3.886
Sweden,Europe,2021-12-13,23958,46,2271.04,4.36
Sweden,Europe,2021-12-20,28152,47,2668.6,4.455
Sweden,Europe,2021-12-27,55443,63,5255.58,5.972
Sweden,Europe,2022-01-03,114584,126,10861.71,11.944
Sweden,Europe,2022-01-10,159272,153,15097.8,14.503
Sweden,Europe,2022-01-17,247473,247,23458.6,23.414
Sweden,Europe,2022-01-24,281038,296,26640.32,28.059
Sweden,Europe,2022-01-31,190729,351,18079.69,33.272
Sweden,Europe,2022-02-07,71262,331,6755.11,31.376
Sweden,Europe,2022-02-14,22263,373,2110.37,35.358
Sweden,Europe,2022-02-21,17695,322,1677.35,30.523
Sweden,Europe,2022-02-28,13503,271,1279.98,25.689
Sweden,Europe,2022-03-07,10035,207,951.24,19.622
Sweden,Europe,2022-03-14,8568,208,812.18,19.717
Sweden,Europe,2022-03-21,7138,164,676.63,15.546
Sweden,Europe,2022-03-28,5017,118,475.57,11.186
Sweden,Europe,2022-04-04,4089,121,387.61,11.47
Sweden,Europe,2022-04-11,3147,77,298.31,7.299
Sweden,Europe,2022-04-18,2568,75,243.43,7.109
Sweden,Europe,2022-04-25,2302,51,218.21,4.834
Sweden,Europe,2022-05-02,1972,50,186.93,4.74
Sweden,Europe,2022-05-09,1643,42,155.74,3.981
Sweden,Europe,2022-05-16,1830,46,173.47,4.36
Sweden,Europe,2022-05-23,1324,27,125.51,2.559
Sweden,Europe,2022-05-30,1256,26,119.06,2.465
Sweden,Europe,2022-06-06,1865,21,176.79,1.991
Sweden,Europe,2022-06-13,2103,29,199.35,2.749
Sweden,Europe,2022-06-20,3091,32,293.0,3.033
Sweden,Europe,2022-06-27,4074,38,386.18,3.602
Sweden,Europe,2022-07-04,4171,61,395.38,5.782
Sweden,Europe,2022-07-11,5417,59,513.49,5.593
Sweden,Europe,2022-07-18,5974,110,566.29,10.427
Sweden,Europe,2022-07-25,5709,96,541.17,9.1
Sweden,Europe,2022-08-01,6223,113,589.89,10.712
Sweden,Europe,2022-08-08,6644,115,629.8,10.901
Sweden,Europe,2022-08-15,6640,135,629.42,12.797
Sweden,Europe,2022-08-22,5067,93,480.31,8.816
Sweden,Europe,2022-08-29,4770,98,452.16,9.29
Sweden,Europe,2022-09-05,5077,82,481.26,7.773
Sweden,Europe,2022-09-12,5055,95,479.18,9.005
Sweden,Europe,2022-09-19,4963,96,470.46,9.1
Sweden,Europe,2022-09-26,13579,97,1287.19,9.195
Sweden,Europe,2022-10-03,3965,98,375.85,9.29
Sweden,Europe,2022-10-10,3427,91,324.85,8.626
Sweden,Europe,2022-10-17,3297,91,312.53,8.626
Sweden,Europe,2022-10-24,3482,89,330.07,8.437
Sweden,Europe,2022-10-31,3412,69,323.43,6.541
Sweden,Europe,2022-11-07,3759,94,356.33,8.911
Sweden,Europe,2022-11-14,3632,87,344.29,8.247
Sweden,Europe,2022-11-21,4231,93,401.07,8.816
Sweden,Europe,2022-11-28,6562,108,622.03,10.238
Sweden,Europe,2022-12-05,9637,158,913.52,14.977
Sweden,Europe,2022-12-12,12616,247,1195.9,23.414
Sweden,Europe,2022-12-19,12680,361,1201.97,34.22
Sweden,Europe,2022-12-26,9197,370,871.81,35.073
Sweden,Europe,2023-01-02,5953,403,564.3,38.201
Sweden,Europe,2023-01-09,3815,302,361.63,28.627
Sweden,Europe,2023-01-16,2002,230,189.77,21.802
Sweden,Europe,2023-01-23,1411,145,133.75,13.745
Sweden,Europe,2023-01-30,1339,97,126.93,9.195
Sweden,Europe,2023-02-06,1066,70,101.05,6.635
Sweden,Europe,2023-02-13,823,50,78.01,4.74
Sweden,Europe,2023-02-20,642,38,60.86,3.602
Sweden,Europe,2023-02-27,710,51,67.3,4.834
Sweden,Europe,2023-03-06,858,29,81.33,2.749
Sweden,Europe,2023-03-13,878,33,83.23,3.128
Sweden,Europe,2023-03-20,64,4,6.07,0.379
Sweden,Europe,2023-03-27,1048,54,99.34,5.119
Sweden,Europe,2023-04-03,1016,47,96.31,4.455
Sweden,Europe,2023-04-10,1048,51,99.34,4.834
Sweden,Europe,2023-04-17,1197,55,113.47,5.214
Sweden,Europe,2023-04-24,1171,70,111.0,6.635
Sweden,Europe,2023-05-01,0,0,0.0,0.0
United Kingdom,Europe,2019-12-30,0,0,0.0,0.0
United Kingdom,Europe,2020-01-06,0,0,0.0,0.0
United Kingdom,Europe,2020-01-13,0,0,0.0,0.0
United Kingdom,Europe,2020-01-20,0,0,0.0,0.0
United Kingdom,Europe,2020-01-27,1,1,0.01,0.015
United Kingdom,Europe,2020-02-03,20,1,0.3,0.015
United Kingdom,Europe,2020-02-10,11,0,0.16,0.0
United Kingdom,Europe,2020-02-17,3,0,0.04,0.0
United Kingdom,Europe,2020-02-24,33,1,0.49,0.015
United Kingdom,Europe,2020-03-02,311,6,4.61,0.089
United Kingdom,Europe,2020-03-09,1901,46,28.16,0.681
United Kingdom,Europe,2020-03-16,5455,429,80.8,6.355
United Kingdom,Europe,2020-03-23,16046,2005,237.69,29.7
United Kingdom,Europe,2020-03-30,28818,5622,426.88,83.278
United Kingdom,Europe,2020-04-06,32630,8974,483.34,132.931
United Kingdom,Europe,2020-04-13,30969,9082,458.74,134.53
United Kingdom,Europe,2020-04-20,33506,7693,496.32,113.955
United Kingdom,Europe,2020-04-27,31851,5860,471.8,86.803
United Kingdom,Europe,2020-05-04,24027,4508,355.91,66.776
United Kingdom,Europe,2020-05-11,20019,3240,296.54,47.994
United Kingdom,Europe,2020-05-18,16906,2569,250.43,38.054
United Kingdom,Europe,2020-05-25,11713,1966,173.5,29.122
United Kingdom,Europe,2020-06-01,8884,1416,131.6,20.975
United Kingdom,Europe,2020-06-08,7052,1034,104.46,15.316
United Kingdom,Europe,2020-06-15,6892,746,102.09,11.05
United Kingdom,Europe,2020-06-22,5270,635,78.06,9.406
United Kingdom,Europe,2020-06-29,4275,456,63.32,6.755
United Kingdom,Europe,2020-07-06,4283,353,63.44,5.229
United Kingdom,Europe,2020-07-13,4340,253,64.29,3.748
United Kingdom,Europe,2020-07-20,4969,206,73.61,3.051
United Kingdom,Europe,2020-07-27,5524,175,81.83,2.592
United Kingdom,Europe,2020-08-03,6418,145,95.07,2.148
United Kingdom,Europe,2020-08-10,7797,151,115.5,2.237
United Kingdom,Europe,2020-08-17,7728,113,114.47,1.674
United Kingdom,Europe,2020-08-24,8854,100,131.15,1.481
United Kingdom,Europe,2020-08-31,15523,87,229.94,1.289
United Kingdom,Europe,2020-09-07,22634,116,335.27,1.718
United Kingdom,Europe,2020-09-14,25850,189,382.91,2.8
United Kingdom,Europe,2020-09-21,44393,266,657.59,3.94
United Kingdom,Europe,2020-09-28,74110,412,1097.78,6.103
United Kingdom,Europe,2020-10-05,110514,588,1637.03,8.71
United Kingdom,Europe,2020-10-12,120078,910,1778.7,13.48
United Kingdom,Europe,2020-10-19,151561,1455,2245.05,21.553
United Kingdom,Europe,2020-10-26,153892,1994,2279.58,29.537
United Kingdom,Europe,2020-11-02,162260,2558,2403.53,37.891
United Kingdom,Europe,2020-11-09,175280,3039,2596.4,45.016
United Kingdom,Europe,2020-11-16,141113,3296,2090.29,48.823
United Kingdom,Europe,2020-11-23,106260,3432,1574.01,50.838
United Kingdom,Europe,2020-11-30,105190,3287,1558.16,48.69
United Kingdom,Europe,2020-12-07,138488,3216,2051.4,47.638
United Kingdom,Europe,2020-12-14,217712,3617,3224.94,53.578
United Kingdom,Europe,2020-12-21,243069,4227,3600.55,62.614
United Kingdom,Europe,2020-12-28,377718,5231,5595.08,77.486
United Kingdom,Europe,2021-01-04,422675,6625,6261.02,98.135
United Kingdom,Europe,2021-01-11,317881,8794,4708.72,130.264
United Kingdom,Europe,2021-01-18,246142,9723,3646.07,144.025
United Kingdom,Europe,2021-01-25,171875,8572,2545.96,126.976
United Kingdom,Europe,2021-02-01,130901,6655,1939.02,98.58
United Kingdom,Europe,2021-02-08,94014,5060,1392.62,74.953
United Kingdom,Europe,2021-02-15,80167,3864,1187.5,57.237
United Kingdom,Europe,2021-02-22,61484,2644,910.75,39.165
United Kingdom,Europe,2021-03-01,41508,1801,614.85,26.678
United Kingdom,Europe,2021-03-08,40316,1256,597.2,18.605
United Kingdom,Europe,2021-03-15,38162,857,565.29,12.695
United Kingdom,Europe,2021-03-22,37987,654,562.7,9.688
United Kingdom,Europe,2021-03-29,27123,428,401.77,6.34
United Kingdom,Europe,2021-04-05,20330,330,301.15,4.888
United Kingdom,Europe,2021-04-12,17336,279,256.8,4.133
United Kingdom,Europe,2021-04-19,16722,228,247.7,3.377
United Kingdom,Europe,2021-04-26,15041,151,222.8,2.237
United Kingdom,Europe,2021-05-03,14468,124,214.31,1.837
United Kingdom,Europe,2021-05-10,15509,104,229.73,1.541
United Kingdom,Europe,2021-05-17,16918,82,250.6,1.215
United Kingdom,Europe,2021-05-24,22380,83,331.51,1.229
United Kingdom,Europe,2021-05-31,33779,84,500.36,1.244
United Kingdom,Europe,2021-06-07,49979,87,740.33,1.289
United Kingdom,Europe,2021-06-14,67059,100,993.34,1.481
United Kingdom,Europe,2021-06-21,107478,133,1592.06,1.97
United Kingdom,Europe,2021-06-28,175476,168,2599.3,2.489
United Kingdom,Europe,2021-07-05,225580,253,3341.48,3.748
United Kingdom,Europe,2021-07-12,323274,328,4788.61,4.859
United Kingdom,Europe,2021-07-19,257101,515,3808.4,7.629
United Kingdom,Europe,2021-07-26,188020,573,2785.11,8.488
United Kingdom,Europe,2021-08-02,193901,651,2872.23,9.643
United Kingdom,Europe,2021-08-09,203157,650,3009.33,9.628
United Kingdom,Europe,2021-08-16,232682,738,3446.68,10.932
United Kingdom,Europe,2021-08-23,244811,852,3626.35,12.621
United Kingdom,Europe,2021-08-30,258216,921,3824.92,13.643
United Kingdom,Europe,2021-09-06,246171,1103,3646.5,16.339
United Kingdom,Europe,2021-09-13,203289,1088,3011.29,16.116
United Kingdom,Europe,2021-09-20,242060,1018,3585.6,15.079
United Kingdom,Europe,2021-09-27,235286,895,3485.26,13.258
United Kingdom,Europe,2021-10-04,254728,840,3773.25,12.443
United Kingdom,Europe,2021-10-11,305103,947,4519.45,14.028
United Kingdom,Europe,2021-10-18,329421,1040,4879.67,15.405
United Kingdom,Europe,2021-10-25,285143,1227,4223.78,18.175
United Kingdom,Europe,2021-11-01,251477,1234,3725.09,18.279
United Kingdom,Europe,2021-11-08,266098,1119,3941.67,16.576
United Kingdom,Europe,2021-11-15,295358,1023,4375.09,15.154
United Kingdom,Europe,2021-11-22,301042,940,4459.29,13.924
United Kingdom,Europe,2021-11-29,335799,941,4974.14,13.939
United Kingdom,Europe,2021-12-06,364101,940,5393.37,13.924
United Kingdom,Europe,2021-12-13,606364,876,8981.98,12.976
United Kingdom,Europe,2021-12-20,921736,855,13653.54,12.665
United Kingdom,Europe,2021-12-27,1292071,985,19139.26,14.591
United Kingdom,Europe,2022-01-03,1320332,1360,19557.88,20.145
United Kingdom,Europe,2022-01-10,723565,1648,10718.06,24.412
United Kingdom,Europe,2022-01-17,730232,1650,10816.82,24.441
United Kingdom,Europe,2022-01-24,713559,1482,10569.85,21.953
United Kingdom,Europe,2022-01-31,588540,1324,8717.96,19.612
United Kingdom,Europe,2022-02-07,420192,1037,6224.24,15.361
United Kingdom,Europe,2022-02-14,316060,947,4681.75,14.028
United Kingdom,Europe,2022-02-21,251631,845,3727.37,12.517
United Kingdom,Europe,2022-02-28,277241,796,4106.73,11.791
United Kingdom,Europe,2022-03-07,437488,778,6480.45,11.524
United Kingdom,Europe,2022-03-14,581248,951,8609.94,14.087
United Kingdom,Europe,2022-03-21,606372,1176,8982.1,17.42
United Kingdom,Europe,2022-03-28,478671,1272,7090.48,18.842
United Kingdom,Europe,2022-04-04,299046,1426,4429.72,21.123
United Kingdom,Europe,2022-04-11,209920,1340,3109.51,19.849
United Kingdom,Europe,2022-04-18,146688,1137,2172.87,16.842
United Kingdom,Europe,2022-04-25,94269,904,1396.39,13.391
United Kingdom,Europe,2022-05-02,73460,712,1088.15,10.547
United Kingdom,Europe,2022-05-09,60338,592,893.78,8.769
United Kingdom,Europe,2022-05-16,52075,441,771.38,6.532
United Kingdom,Europe,2022-05-23,42463,346,629.0,5.125
United Kingdom,Europe,2022-05-30,44731,266,662.59,3.94
United Kingdom,Europe,2022-06-06,74352,258,1101.37,3.822
United Kingdom,Europe,2022-06-13,96164,299,1424.46,4.429
United Kingdom,Europe,2022-06-20,130271,380,1929.69,5.629
United Kingdom,Europe,2022-06-27,160214,513,2373.23,7.599
United Kingdom,Europe,2022-07-04,195623,679,2897.73,10.058
United Kingdom,Europe,2022-07-11,166429,873,2465.29,12.932
United Kingdom,Europe,2022-07-18,110346,1067,1634.54,15.805
United Kingdom,Europe,2022-07-25,74614,852,1105.25,12.621
United Kingdom,Europe,2022-08-01,56953,649,843.64,9.614
United Kingdom,Europe,2022-08-08,45624,636,675.82,9.421
United Kingdom,Europe,2022-08-15,35449,530,525.1,7.851
United Kingdom,Europe,2022-08-22,29390,425,435.35,6.295
United Kingdom,Europe,2022-08-29,29213,383,432.73,5.673
United Kingdom,Europe,2022-09-05,28943,324,428.73,4.799
United Kingdom,Europe,2022-09-12,31812,305,471.23,4.518
United Kingdom,Europe,2022-09-19,42707,320,632.61,4.74
United Kingdom,Europe,2022-09-26,53755,417,796.26,6.177
United Kingdom,Europe,2022-10-03,67496,617,999.81,9.14
United Kingdom,Europe,2022-10-10,60442,751,895.32,11.124
United Kingdom,Europe,2022-10-17,52930,778,784.04,11.524
United Kingdom,Europe,2022-10-24,37668,725,557.97,10.739
United Kingdom,Europe,2022-10-31,28331,625,419.66,9.258
United Kingdom,Europe,2022-11-07,23756,471,351.89,6.977
United Kingdom,Europe,2022-11-14,21872,398,323.99,5.896
United Kingdom,Europe,2022-11-21,22911,387,339.38,5.733
United Kingdom,Europe,2022-11-28,26105,374,386.69,5.54
United Kingdom,Europe,2022-12-05,31048,450,459.91,6.666
United Kingdom,Europe,2022-12-12,41009,522,607.46,7.732
United Kingdom,Europe,2022-12-19,48639,763,720.48,11.302
United Kingdom,Europe,2022-12-26,41644,971,616.87,14.383
United Kingdom,Europe,2023-01-02,33390,951,494.6,14.087
United Kingdom,Europe,2023-01-09,19533,817,289.34,12.102
United Kingdom,Europe,2023-01-16,14136,679,209.39,10.058
United Kingdom,Europe,2023-01-23,16501,529,244.43,7.836
United Kingdom,Europe,2023-01-30,21190,493,313.88,7.303
United Kingdom,Europe,2023-02-06,23225,475,344.03,7.036
United Kingdom,Europe,2023-02-13,27956,495,414.11,7.332
United Kingdom,Europe,2023-02-20,27843,519,412.43,7.688
United Kingdom,Europe,2023-02-27,27238,582,403.47,8.621
United Kingdom,Europe,2023-03-06,29418,665,435.76,9.851
United Kingdom,Europe,2023-03-13,33341,713,493.88,10.562
United Kingdom,Europe,2023-03-20,31649,739,468.81,10.947
United Kingdom,Europe,2023-03-27,25172,691,372.87,10.236
United Kingdom,Europe,2023-04-03,16894,605,250.25,8.962
United Kingdom,Europe,2023-04-10,14917,550,220.96,8.147
United Kingdom,Europe,2023-04-17,12823,520,189.95,7.703
United Kingdom,Europe,2023-04-24,11492,406,170.23,6.014
United Kingdom,Europe,2023-05-01,0,0,0.0,0.0
United States,North America,2019-12-30,0,0,0.0,0.0
United States,North America,2020-01-06,0,0,0.0,0.0
United States,North America,2020-01-13,0,0,0.0,0.0
United States,North America,2020-01-20,7,0,0.02,0.0
United States,North America,2020-01-27,2,0,0.01,0.0
United States,North America,2020-02-03,11,0,0.03,0.0
United States,North America,2020-02-10,4,0,0.01,0.0
United States,North America,2020-02-17,16,0,0.05,0.0
United States,North America,2020-02-24,33,1,0.1,0.003
United States,North America,2020-03-02,391,18,1.16,0.053
United States,North America,2020-03-09,3465,50,10.24,0.148
United States,North America,2020-03-16,27486,305,81.25,0.902
United States,North America,2020-03-23,94894,1732,280.51,5.12
United States,North America,2020-03-30,176151,6642,520.71,19.634
United States,North America,2020-04-06,219172,13889,647.88,41.057
United States,North America,2020-04-13,196150,15898,579.83,46.995
United States,North America,2020-04-20,205165,14899,606.48,44.042
United States,North America,2020-04-27,198436,13635,586.59,40.306
United States,North America,2020-05-04,182246,12758,538.73,37.713
United States,North America,2020-05-11,169032,10130,499.67,29.945
United States,North America,2020-05-18,166325,8558,491.66,25.298
United States,North America,2020-05-25,146436,6810,432.87,20.131
United States,North America,2020-06-01,149780,5987,442.76,17.698
United States,North America,2020-06-08,151876,5370,448.95,15.874
United States,North America,2020-06-15,180021,4455,532.15,13.169
United States,North America,2020-06-22,258278,6081,763.48,17.976
United States,North America,2020-06-29,342166,4451,1011.46,13.157
United States,North America,2020-07-06,392205,5529,1159.38,16.344
United States,North America,2020-07-13,466267,6666,1378.31,19.705
United States,North America,2020-07-20,467901,7726,1383.14,22.838
United States,North America,2020-07-27,431250,8146,1274.79,24.08
United States,North America,2020-08-03,375909,7799,1111.2,23.054
United States,North America,2020-08-10,362662,7404,1072.05,21.887
United States,North America,2020-08-17,315788,6677,933.48,19.738
United States,North America,2020-08-24,294946,6343,871.87,18.75
United States,North America,2020-08-31,295253,5705,872.78,16.864
United States,North America,2020-09-07,245621,4977,726.07,14.712
United States,North America,2020-09-14,280977,5176,830.58,15.3
United States,North America,2020-09-21,304774,4776,900.93,14.118
United States,North America,2020-09-28,298348,4687,881.93,13.855
United States,North America,2020-10-05,334249,4615,988.06,13.642
United States,North America,2020-10-12,387634,4801,1145.86,14.192
United States,North America,2020-10-19,449438,5723,1328.56,16.917
United States,North America,2020-10-26,559394,6096,1653.59,18.02
United States,North America,2020-11-02,790094,7204,2335.55,21.295
United States,North America,2020-11-09,1004845,8717,2970.37,25.768
United States,North America,2020-11-16,1175483,10820,3474.78,31.984
United States,North America,2020-11-23,1162401,11950,3436.11,35.325
United States,North America,2020-11-30,1280932,14801,3786.49,43.752
United States,North America,2020-12-07,1468482,17714,4340.9,52.363
United States,North America,2020-12-14,1517928,18866,4487.06,55.769
United States,North America,2020-12-21,1360122,18333,4020.58,54.193
United States,North America,2020-12-28,1380995,19650,4082.28,58.086
United States,North America,2021-01-04,1667151,21497,4928.17,63.546
United States,North America,2021-01-11,1589955,23312,4699.98,68.911
United States,North America,2021-01-18,1265861,22495,3741.94,66.496
United States,North America,2021-01-25,1068625,22249,3158.9,65.769
United States,North America,2021-02-01,857250,20100,2534.07,59.417
United States,North America,2021-02-08,670572,19838,1982.24,58.642
United States,North America,2021-02-15,473485,14432,1399.64,42.662
United States,North America,2021-02-22,465751,13360,1376.78,39.493
United States,North America,2021-03-01,420739,10446,1243.72,30.879
United States,North America,2021-03-08,384000,8559,1135.12,25.301
United States,North America,2021-03-15,379551,6264,1121.97,18.517
United States,North America,2021-03-22,417818,6111,1235.09,18.064
United States,North America,2021-03-29,449960,5352,1330.1,15.821
United States,North America,2021-04-05,455950,4903,1347.81,14.493
United States,North America,2021-04-12,467217,4875,1381.11,14.411
United States,North America,2021-04-19,406095,4721,1200.44,13.955
United States,North America,2021-04-26,338407,4493,1000.35,13.282
United States,North America,2021-05-03,292324,4451,864.12,13.157
United States,North America,2021-05-10,233350,3973,689.79,11.744
United States,North America,2021-05-17,181609,3624,536.84,10.713
United States,North America,2021-05-24,147811,3534,436.94,10.447
United States,North America,2021-05-31,99112,2675,292.98,7.907
United States,North America,2021-06-07,99565,2624,294.32,7.757
United States,North America,2021-06-14,80627,1762,238.34,5.209
United States,North America,2021-06-21,87637,2101,259.06,6.211
United States,North America,2021-06-28,97037,1717,286.85,5.076
United States,North America,2021-07-05,286510,1509,846.94,4.461
United States,North America,2021-07-12,222579,1931,657.95,5.708
United States,North America,2021-07-19,359027,2084,1061.3,6.16
United States,North America,2021-07-26,547086,2927,1617.21,8.652
United States,North America,2021-08-02,743056,4453,2196.51,13.163
United States,North America,2021-08-09,886464,5637,2620.43,16.663
United States,North America,2021-08-16,1019966,8055,3015.07,23.811
United States,North America,2021-08-23,1094890,10183,3236.54,30.101
United States,North America,2021-08-30,1144251,11709,3382.46,34.612
United States,North America,2021-09-06,1022570,12085,3022.76,35.724
United States,North America,2021-09-13,1037454,13590,3066.76,40.173
United States,North America,2021-09-20,852294,13384,2519.42,39.564
United States,North America,2021-09-27,755688,12992,2233.85,38.405
United States,North America,2021-10-04,681984,11684,2015.98,34.538
United States,North America,2021-10-11,582237,10462,1721.12,30.926
United States,North America,2021-10-18,508543,11091,1503.28,32.785
United States,North America,2021-10-25,526186,8915,1555.43,26.353
United States,North America,2021-11-01,510211,7407,1508.21,21.895
United States,North America,2021-11-08,557180,7529,1647.05,22.256
United States,North America,2021-11-15,676876,10276,2000.88,30.376
United States,North America,2021-11-22,592394,5690,1751.14,16.82
United States,North America,2021-11-29,751017,8304,2220.04,24.547
United States,North America,2021-12-06,834969,8586,2468.21,25.381
United States,North America,2021-12-13,899109,9065,2657.81,26.797
United States,North America,2021-12-20,1417419,11001,4189.95,32.519
United States,North America,2021-12-27,2712038,9146,8016.91,27.036
United States,North America,2022-01-03,4682897,11716,13842.85,34.633
United States,North America,2022-01-10,5650933,14380,16704.41,42.508
United States,North America,2022-01-17,5042888,16308,14907.0,48.207
United States,North America,2022-01-24,3789262,18403,11201.23,54.4
United States,North America,2022-01-31,2188710,18654,6469.93,55.142
United States,North America,2022-02-07,1222112,17550,3612.62,51.879
United States,North America,2022-02-14,708156,15372,2093.34,45.44
United States,North America,2022-02-21,458272,13046,1354.67,38.565
United States,North America,2022-02-28,332509,9678,982.91,28.609
United States,North America,2022-03-07,234332,8606,692.7,25.44
United States,North America,2022-03-14,208740,3245,617.04,9.592
United States,North America,2022-03-21,193469,4991,571.9,14.754
United States,North America,2022-03-28,194464,4172,574.84,12.333
United States,North America,2022-04-04,201192,3467,594.73,10.249
United States,North America,2022-04-11,247939,3123,732.92,9.232
United States,North America,2022-04-18,300721,2443,888.94,7.222
United States,North America,2022-04-25,378549,2242,1119.01,6.627
United States,North America,2022-05-02,465658,2641,1376.51,7.807
United States,North America,2022-05-09,604955,1966,1788.27,5.812
United States,North America,2022-05-16,734495,2081,2171.2,6.152
United States,North America,2022-05-23,740720,2629,2189.6,7.771
United States,North America,2022-05-30,675627,1979,1997.18,5.85
United States,North America,2022-06-06,741044,2284,2190.56,6.752
United States,North America,2022-06-13,672256,2202,1987.22,6.509
United States,North America,2022-06-20,709637,2501,2097.72,7.393
United States,North America,2022-06-27,773772,2642,2287.3,7.81
United States,North America,2022-07-04,743769,2454,2198.61,7.254
United States,North America,2022-07-11,888229,2785,2625.64,8.233
United States,North America,2022-07-18,908695,3187,2686.14,9.421
United States,North America,2022-07-25,947983,3113,2802.28,9.202
United States,North America,2022-08-01,788051,3261,2329.51,9.64
United States,North America,2022-08-08,701618,3442,2074.01,10.175
United States,North America,2022-08-15,644925,3231,1906.43,9.551
United States,North America,2022-08-22,610329,3221,1804.16,9.521
United States,North America,2022-08-29,580363,3090,1715.58,9.134
United States,North America,2022-09-05,449509,2625,1328.77,7.76
United States,North America,2022-09-12,406901,2899,1202.82,8.57
United States,North America,2022-09-19,368725,2705,1089.97,7.996
United States,North America,2022-09-26,321234,2982,949.58,8.815
United States,North America,2022-10-03,280584,2560,829.42,7.567
United States,North America,2022-10-10,251280,2274,742.79,6.722
United States,North America,2022-10-17,283734,2955,838.73,8.735
United States,North America,2022-10-24,255156,3081,754.25,9.108
United States,North America,2022-10-31,267304,2463,790.16,7.281
United States,North America,2022-11-07,282897,2290,836.26,6.769
United States,North America,2022-11-14,274984,2202,812.87,6.509
United States,North America,2022-11-21,300171,2619,887.32,7.742
United States,North America,2022-11-28,302599,1763,894.5,5.212
United States,North America,2022-12-05,462223,3035,1366.35,8.972
United States,North America,2022-12-12,446014,2652,1318.44,7.839
United States,North America,2022-12-19,508009,3033,1501.7,8.966
United States,North America,2022-12-26,392203,2480,1159.37,7.331
United States,North America,2023-01-02,471714,2764,1394.41,8.171
United States,North America,2023-01-09,448092,4407,1324.58,13.027
United States,North America,2023-01-16,308025,3664,910.54,10.831
United States,North America,2023-01-23,294867,3743,871.64,11.064
United States,North America,2023-01-30,285402,3452,843.66,10.204
United States,North America,2023-02-06,278228,3440,822.45,10.169
United States,North America,2023-02-13,254372,2857,751.94,8.445
United States,North America,2023-02-20,267168,2362,789.76,6.982
United States,North America,2023-02-27,227828,2197,673.47,6.494
United States,North America,2023-03-06,170593,1887,504.28,5.578
United States,North America,2023-03-13,126613,1741,374.27,5.146
United States,North America,2023-03-20,152968,2084,452.18,6.16
United States,North America,2023-03-27,176358,1746,521.32,5.161
United States,North America,2023-04-03,103472,1729,305.87,5.111
United States,North America,2023-04-10,104057,1290,307.6,3.813
United States,North America,2023-04-17,98467,1198,291.07,3.541
United States,North America,2023-04-24,86484,1046,255.65,3.092
United States,North America,2023-05-01,0,0,0.0,0.0
